registro_sistema,titulo,autor,assunto_principal,tipo_material,biblioteca,exemplares,emp_2018,emp_2019,emp_2020,emp_2022,total_emprestimos,media_por_exemplar
4106,Sistemas de processamento distribuído,"Strack, Jair.",Processamento distribuído,Livro,Biblioteca Central Zila Mamede,1,0,0,0,0,0,0.0
5234,Processamento de dados nas empresas,"Shimizu, Tamio,",Administração de empresas,Livro,Biblioteca Central Zila Mamede,2,0,0,0,0,0,0.0
5236,Princípios de sistemas de gerência de bancos de dados distribuídos,"Casanova, Marco Antonio.",Processamento eletronico de dados,Livro,Biblioteca Central Zila Mamede,2,0,0,0,0,0,0.0
6216,Protocolos :,"Alves, Luiz.",Rede de computador -,Livro,Biblioteca Central Zila Mamede,3,0,0,0,0,0,0.0
7939,Análise e síntese de programas de computador,"Lucena, Carlos J. P.",Programação (Computadores),Livro,Biblioteca Central Zila Mamede,1,0,0,0,0,0,0.0
8564,Lotus 1-2-3 :,"Baras, Edward M.",Lotus 1-2-3 (Programa de computador),Livro,Biblioteca Central Zila Mamede,3,0,0,0,0,0,0.0
8566,Harvard graphics :,"Larsen, Glenn Harold.",Harvard Graphics (Programa de computador),Livro,Biblioteca Central Zila Mamede,3,0,0,0,0,0,0.0
8585,Lotus 1-2-3 avançado,"Baras, Edward M.",Lotus 1-2-3 (Programa de computador),Livro,Biblioteca Central Zila Mamede,3,0,0,0,0,0,0.0
8589,Linguagem Assembly avançada para IBM PC : |,"Holzner, Steven.",Assembler (Linguagem de programação de computador),Livro,Biblioteca Central Zila Mamede,3,0,0,0,0,0,0.0
8590,Análise de sistemas orientada para objetos,"Shlaer, Sally.",Análise de sistemas,Livro,Biblioteca Central Zila Mamede,3,0,0,0,0,0,0.0
8706,Administrando o ciclo de vida do sistema,"Yourdon, Edward,",Software -,Livro,Biblioteca Central Zila Mamede,2,0,0,0,0,0,0.0
8908,O culto da informação,"Roszak, Theodore,",Computadores e civilização,Livro,Biblioteca Central Zila Mamede,1,0,0,0,0,0,0.0
9188,Lotus 1-2-3 :,"Campbell, Mary K.",Lotus 1-2-3 (Programa de computador),Livro,Biblioteca Central Zila Mamede,2,0,0,0,0,0,0.0
9807,Practical applications of expert systems,"Lindsay, Susan",Inteligência artificial,Livro,Biblioteca Central Zila Mamede,1,0,0,0,0,0,0.0
9833,Estruturas de dados,,Estruturas de dados (Computação),Livro,Biblioteca Central Zila Mamede,3,0,0,0,0,0,0.0
9837,Object-oriented software construction,"Meyer, Bertrand,",Programação orientada a objetos (Computação),Livro,Biblioteca Central Zila Mamede,1,0,0,0,0,0,0.0
9851,Computer networks,"Tanenbaum, Andrew S.,",Redes de computadores,Livro,Biblioteca Central Zila Mamede,1,0,0,0,0,0,0.0
9852,Operating systems :,"Tanenbaum, Andrew S.,",Sistema operacional,Livro,Biblioteca Central Zila Mamede,2,0,0,0,0,0,0.0
9853,Compilers :,"Aho, Alfred V.,",Compiladores (Programas de computador),Livro,Biblioteca Central Zila Mamede,1,0,0,0,0,0,0.0
9856,Principles of concurrent and distributed programming,"Ben-Ari, M.",Programação (Computadores),Livro,Biblioteca Central Zila Mamede,1,0,0,0,0,0,0.0
9862,Algorithmic :,"Chaitin, Gregory J.",Algoritmos,Livro,Biblioteca Central Zila Mamede,1,0,0,0,0,0,0.0
9876,Computer graphics :,,Computação gráfica,Livro,Biblioteca Central Zila Mamede,1,0,0,0,0,0,0.0
10334,Creating expert systems for business and industry,"Harmon, Paul.",Negócios -,Livro,Biblioteca Central Zila Mamede,1,0,0,0,0,0,0.0
10895,"FORTRAN, ANSI 77 e WATFIV-S :","Pereira Filho, Jorge da Cunha,",FORTRAN (Linguagem de programação de computador),Livro,Biblioteca Central Zila Mamede,3,0,0,0,0,0,0.0
10936,Algorithms,"Sedgewick, Robert,",Algoritmos de computador,Livro,Biblioteca Central Zila Mamede,1,0,0,0,0,0,0.0
10966,C :,"Kernighan, Brian W.,",Linguagem de programação (Computadores),Livro,Biblioteca Central Zila Mamede,3,0,0,0,0,0,0.0
11017,Gerenciamento de disco rígido,"Wolverton, Van,",Discos rígidos (Computação),Livro,Biblioteca Central Zila Mamede,1,0,0,0,0,0,0.0
11968,Introdução ao desenvolvimento de algoritmos e estruturas de dados,"Pinto, Wilson Silva,",Algoritmos,Livro,Biblioteca Central Zila Mamede,1,0,0,0,0,0,0.0
12329,Protocolos :,"Alves, Luiz.",Rede de computador -,Livro,Biblioteca Central Zila Mamede,3,0,0,0,0,0,0.0
12490,"Informática para as áreas de contabilidade, administração e economia","Cornachione Junior, Edgard Bruno.",Informática,Livro,Biblioteca Central Zila Mamede,3,0,0,0,0,0,0.0
15391,Dicionário de programação,"Weisert, Conrad",Programação (Computadores),Livro,Biblioteca Central Zila Mamede,3,0,0,0,0,0,0.0
16155,"Informática aplicada às áreas de contabilidade, administração e economia","Cornachione Junior, Edgard Bruno.",Administração de empresas,Livro,Biblioteca Central Zila Mamede,6,0,0,0,0,0,0.0
16594,Informática :,"Meirelles, Fernando de Souza",Informática,Livro,Biblioteca Central Zila Mamede,5,0,0,0,0,0,0.0
16681,Análise estruturada moderna,"Yourdon, Edward,",Processamento eletrônico de dados -,Livro,Biblioteca Central Zila Mamede,1,0,0,0,0,0,0.0
16773,Modeling physical domains for knowledge based systems,"Ahonen, Jarmo.",Sistemas baseados em conhecimento,Livro,Biblioteca Central Zila Mamede,1,0,0,0,0,0,0.0
17097,Cliente / servidor :,"Orfali, Robert",Redes locais de computação,Livro,Biblioteca Central Zila Mamede,1,0,0,0,0,0,0.0
17141,Da Alexandria do Egito à Alexandria do espaço :,"Cavalcanti, Cordelia R.",Tecnologia da Informação,Livro,Biblioteca Central Zila Mamede,16,0,0,0,0,0,0.0
17536,Aspectos teóricos da computação,,Programação de computador,Livro,Biblioteca Central Zila Mamede,3,0,0,0,0,0,0.0
17538,Microprocessador Z-80,"Cypriano, Luiz Benedito,",Microprocessadores,Livro,Biblioteca Central Zila Mamede,1,0,0,0,0,0,0.0
17573,Redes de computadores,"Tanenbaum, Andrew S.,",Redes de computadores,Livro,Biblioteca Central Zila Mamede,2,0,0,0,0,0,0.0
17886,Administração de informática :,"Albertin, Alberto Luiz.",Informática,Livro,Biblioteca Central Zila Mamede,2,0,0,0,0,0,0.0
18896,Borland C++ :,"Holzner, Steven.",Borland C++ (Linguagem de programação de computador),Livro,Biblioteca Central Zila Mamede,1,0,0,0,0,0,0.0
20969,Computational theories of interaction and agency,,Inteligência artificial,Livro,Biblioteca Central Zila Mamede,1,0,0,0,0,0,0.0
21064,TCP/IP illustrated,"Stevens, W. Richard.",TCP/IP (Protocolo de rede de computador),Livro,Biblioteca Central Zila Mamede,5,0,0,0,0,0,0.0
22006,Selected papers :,"International Symposium on Computer Architecture.  (25. : 1998 : New York, N.Y.)",Arquitetura de computador,Livro,Biblioteca Central Zila Mamede,1,0,0,0,0,0,0.0
22389,Programando para Linux,"Volkerding, Patrick.",Linux (Sistema operacional de computador),Livro,Biblioteca Central Zila Mamede,6,0,0,0,0,0,0.0
23451,An introduction to S and S-PLUS,"Spector, Phil,",S (Linguagem de programação de computador),Livro,Biblioteca Central Zila Mamede,1,0,0,0,0,0,0.0
23646,Introduction to parallel algorithms and architectures :,"Leighton, Frank Thomson",Algoritmos de computador,Livro,Biblioteca Central Zila Mamede,1,0,0,0,0,0,0.0
23936,Algoritmos e estruturas de dados,"Wirth, Niklaus",Estruturas de dados (Computação),Livro,Biblioteca Central Zila Mamede,5,0,0,0,0,0,0.0
24286,Dominando o photoshop 5 para a web :,"Straznitskas, Matt",Adobe Photoshop (Programa de computador),Livro,Biblioteca Central Zila Mamede,6,0,0,0,0,0,0.0
24374,Principles of data mining and knowledge discovery :,,Banco de dados,Livro,Biblioteca Central Zila Mamede,1,0,0,0,0,0,0.0
24405,Fundamentals of algebraic specification,"Ehrig, Hartmut",Estruturas de dados (Computação),Livro,Biblioteca Central Zila Mamede,3,0,0,0,0,0,0.0
24503,Notas para exame :,"Strebe, Matthew.",Internet (Redes de computação),Livro,Biblioteca Central Zila Mamede,3,0,0,0,0,0,0.0
24504,Notas para exame :,"Govanus, Gary.",Windows Server (Sistema operacional de computador),Livro,Biblioteca Central Zila Mamede,3,0,0,0,0,0,0.0
24531,Gerenciando data warehouse :,"Inmon, William H.,",Banco de dados -,Livro,Biblioteca Central Zila Mamede,3,0,0,0,0,0,0.0
24700,TCP/IP :,"Feit, Sidnie.",TCP/IP (Protocolo de rede de computador),Livro,Biblioteca Central Zila Mamede,1,0,0,0,0,0,0.0
24883,Java :,"Schildt, Herbert,",Java (Linguagem de programação de computador),Livro,Biblioteca Central Zila Mamede,1,0,0,0,0,0,0.0
24919,Redes de computadores,"Tanenbaum, Andrew S.,",Redes de computação,Livro,Biblioteca Central Zila Mamede,3,0,0,0,0,0,0.0
25048,Turbo Pascal 7.0 :,"Rinaldi, Roberto,",Turbo Pascal (Linguagem de programação de computador),Livro,Biblioteca Central Zila Mamede,1,0,0,0,0,0,0.0
25191,Uncertainty in knowledge bases :,,Incerteza (Teoria da informação),Livro,Biblioteca Central Zila Mamede,1,0,0,0,0,0,0.0
25424,Sistemas operacionais :,"Tanenbaum, Andrew S.",Sistemas operacionais (Computadores),Livro,Biblioteca Central Zila Mamede,3,0,0,0,0,0,0.0
25530,Computer aided verification,,Programas de computador -,Livro,Biblioteca Central Zila Mamede,2,0,0,0,0,0,0.0
25801,Uma ferramenta para monitorização da rede ATM da UFRN através da Web,"Silva, Helcio Wagner da.",Rede de computador - Dissertação,Dissertação,Biblioteca Central Zila Mamede,1,0,0,0,0,0,0.0
26070,Hyperproof,"Barwise, Jon.",Lógica simbólica e matemática,Livro,Biblioteca Central Zila Mamede,1,0,0,0,0,0,0.0
26379,Realidade virtual e a exploração do espaço cibernético,"Hamit, Francis",Cibernética,Livro,Biblioteca Central Zila Mamede,1,0,0,0,0,0,0.0
26382,A educação na Era da Internet :,"Lucena, Carlos,",Ensino auxiliado por computador,Livro,Biblioteca Central Zila Mamede,1,0,0,0,0,0,0.0
27029,Kit de construção de sites Web para Windows 95,"Zimmerman, Scott.",Internet (Rede de computadores),Livro,Biblioteca Central Zila Mamede,1,0,0,0,0,0,0.0
27034,Introdução a ciência da computação,"Guimarães, Angelo de Moura.",Processamento eletrônico de dados,Livro,Biblioteca Central Zila Mamede,7,0,0,0,0,0,0.0
27378,Programação estruturada de computadores :,,Pascal (Linguagem de programação),Livro,Biblioteca Central Zila Mamede,2,0,0,0,0,0,0.0
28822,Harvard graphics,"Cavanha Filho, Armando Oscar.",Harvard Graphics (Programa de computador),Livro,Biblioteca Central Zila Mamede,1,0,0,0,0,0,0.0
29061,Análise estruturada de sistemas,"Gane, Chris,",Análise de sistemas,Livro,Biblioteca Central Zila Mamede,1,0,0,0,0,0,0.0
29565,Uma estratégia metaheurística híbrida genética de grupamento para o problema bin packing 1-dimensional,"Silva, Marcelo Mariano da.",Algorítmo(Informática) -,Dissertação,Biblioteca Central Zila Mamede,1,0,0,0,0,0,0.0
30172,Projeto e implementação do Microsoft Internet :,"Knowles, Arthur.",Internet (Redes de computação),Livro,Biblioteca Central Zila Mamede,1,0,0,0,0,0,0.0
30582,Modelos para qualidade de software :,"Amaral, Ytalo Rosendo do.",Software,Dissertação,Biblioteca Central Zila Mamede,1,0,0,0,0,0,0.0
30710,Guia Internet de conectividade,,Internet (Redes de computação),Livro,Biblioteca Central Zila Mamede,1,0,0,0,0,0,0.0
30741,E-commerce na corda bamba :,"Venetianer, T.",Comércio eletrônico,Livro,Biblioteca Central Zila Mamede,1,0,0,0,0,0,0.0
31448,ALS/AS logic databook,,Circuitos lógicos,Livro,Biblioteca Central Zila Mamede,1,0,0,0,0,0,0.0
31472,LOTUS 1-2-3 :,"Celentano, Celeida Maria.",Lotus 1-2-3 (Programa de computador),Livro,Biblioteca Central Zila Mamede,2,0,0,0,0,0,0.0
32182,Lotus 1-2-3 :,"Baras, Edward M.",Lotus 1-2-3 (Programa de computador),Livro,Biblioteca Central Zila Mamede,1,0,0,0,0,0,0.0
33129,A informática e os direitos intelectuais,"Manso, Eduardo Vieira,",Direitos autorais -,Livro,Biblioteca Central Zila Mamede,1,0,0,0,0,0,0.0
33421,Operating system concepts,"Silberschatz, Abraham.",Sistemas operacionais (Computadores),Livro,Biblioteca Central Zila Mamede,1,0,0,0,0,0,0.0
34398,UML :,"Booch, Grady.",UML (Linguagem de modelagem padrão),Livro,Biblioteca Central Zila Mamede,4,0,0,0,0,0,0.0
34910,Practical UNIX and Internet security,"Garfinkel, Simson.",Sistemas operacionais (Computadores),Livro,Biblioteca Central Zila Mamede,1,0,0,0,0,0,0.0
36606,An introduction to database systems,"Date, C. J.",Banco de dados -,Livro,Biblioteca Central Zila Mamede,2,0,0,0,0,0,0.0
36990,Design e avaliação de sistemas multimídia para a web :,"Almeida, Antônio José Portella.",World Wide Web (Sistemas de recuperação da informação) -,Dissertação,Biblioteca Central Zila Mamede,1,0,0,0,0,0,0.0
37097,Arquitetura e bibliotecas para FERUS :,"Peraça, Samantha Escobar",Arquitetura de software -,Dissertação,Biblioteca Central Zila Mamede,1,0,0,0,0,0,0.0
37142,Integrando padrões através de meta-modelos,"Silva, Lyrene Fernandes da",Engenharia de software -,Dissertação,Biblioteca Central Zila Mamede,1,0,0,0,0,0,0.0
37166,Modelando uma arquitetura PRAM-CRCW com espaços em chu,"Santos, Maria José Lima dos.",Arquitetura de computadores,Dissertação,Biblioteca Central Zila Mamede,1,0,0,0,0,0,0.0
37509,Vantagens competitivas pela utilização da Internet nos negócios :,"Martins, Filipe Bruno de Araújo Ramos",Internet -,Dissertação,Biblioteca Central Zila Mamede,1,0,0,0,0,0,0.0
37614,SGUMP :,"Santos, Andréa Cynthia dos.",SGUMP (Sistema de computador),Dissertação,Biblioteca Central Zila Mamede,1,0,0,0,0,0,0.0
38108,PC e periféricos :,"Mendonça, Alexandre.",Microcomputadores -,Livro,Biblioteca Central Zila Mamede,4,0,0,0,0,0,0.0
38126,Beginning linux programming,"Matthew, Neil.",Linux (Sistema operacional de computador),Livro,Biblioteca Central Zila Mamede,1,0,0,0,0,0,0.0
38299,Hardware :,"Mendonça, Alexandre.",Hardware,Livro,Biblioteca Central Zila Mamede,9,0,0,0,0,0,0.0
38437,Metaheurística busca tabu aplicada à solucão do problema da unidade móvel de pistoneio,"Dantas, Neuza Maria.",Algorítmo(Informática) -,Dissertação,Biblioteca Central Zila Mamede,1,0,0,0,0,0,0.0
38467,Uma abordagem transgenética para o problema de coloração de grafos,"Silva, Lívia Maria Martins da",Algorítmo(Informática) -,Dissertação,Biblioteca Central Zila Mamede,1,0,0,0,0,0,0.0
38472,A linguagem de descrição de arquiteturas ZCLcsp,"Rocha, Bartira Paraguaçú Falcão Dantas",Arquitetura de software -,Dissertação,Biblioteca Central Zila Mamede,1,0,0,0,0,0,0.0
38476,Poirot :,"Tavares, Tatiana Aires",Interface de usuário -,Dissertação,Biblioteca Central Zila Mamede,1,0,0,0,0,0,0.0
38857,Uma proposta de modelo conceitual para a elicitação de requisitos de sistemas dinâmicos,"Gottgtroy, Paulo César Moreira.",Engenharia de sistemas -,Dissertação,Biblioteca Central Zila Mamede,1,0,0,0,0,0,0.0
39003,Designing and building parallel programs :,"Foster, Ian T.,",Programação paralela (Computação),Livro,Biblioteca Central Zila Mamede,1,0,0,0,0,0,0.0
39186,Introduction to algorithms,,Algoritmos de computador,Livro,Biblioteca Central Zila Mamede,2,0,0,0,0,0,0.0
39475,A Arte de comunicar,"Santos, Gildásio Mendes dos,",Tecnologia da informação,Livro,Biblioteca Central Zila Mamede,1,0,0,0,0,0,0.0
41463,Desenvolvimento de software básico :,"Beck, Leland L.",Software -,Livro,Biblioteca Central Zila Mamede,1,0,0,0,0,0,0.0
42133,Um framework para desenvolvimento de sistemas de apoio a atividades práticas tendo como estudo de caso a hotelaria,"Silva, Ivanosca Andrade da.",Inteligência artificial,Dissertação,Biblioteca Central Zila Mamede,1,0,0,0,0,0,0.0
43091,Um modelo de objetos baseado em CORBA para o gerenciamento distribuído de redes de computadores,"Lima, Rommel Wladimir de.",Redes de computadores,Dissertação,Biblioteca Central Zila Mamede,1,0,0,0,0,0,0.0
43093,Segurança contra falsificação de endereços IP na resolução de nomes no DNS,"Rodrigues, Vagner José do Sacramento.",Internet (Redes de computação),Dissertação,Biblioteca Central Zila Mamede,2,0,0,0,0,0,0.0
43323,Segurança de dados em computação,"Katzan Júnior, Harry,",Processamento eletrônico de dados,Livro,Biblioteca Central Zila Mamede,1,0,0,0,0,0,0.0
44193,Impactos estratégicos da Internet no varejo :,"Bezerra, Wendy Karla Medeiros de Sousa.",Internet (Redes de computação),Dissertação,Biblioteca Central Zila Mamede,1,0,0,0,0,0,0.0
44224,Reconstrução automática de modelos CAD tridimensionais a partir de vistas ortográficas,"Costa, Jean Carlos Ferreira.",Sistemas CAD/CAM,Dissertação,Biblioteca Central Zila Mamede,1,0,0,0,0,0,0.0
44228,Ordenação inicial de BDDs para a verificação automática de sistemas de transição finita,"Vidal, Jorgiano Márcio Bruno.",Algoritmos,Dissertação,Biblioteca Central Zila Mamede,1,0,0,0,0,0,0.0
44358,Impactos da adoção da Internet na hotelaria :,"Mendes Filho, Luiz Augusto Machado.",Internet,Dissertação,Biblioteca Central Zila Mamede,1,0,0,0,0,0,0.0
44465,Simulation modeling and analysis,"Law, Averill M.",Simulação (Computadores digitais),Livro,Biblioteca Central Zila Mamede,2,0,0,0,0,0,0.0
45811,FMTA :,"Pinheiro, Marcos César Madruga Alves.",Inteligência artificial,Dissertação,Biblioteca Central Zila Mamede,1,0,0,0,0,0,0.0
49970,Fatores influenciadores da implementação de ações de gestão de segurança da informação :,"Gabbay, Max Simon.",Tecnologia da informação -,Dissertação,Biblioteca Central Zila Mamede,1,0,0,0,0,0,0.0
50053,Lógica difusa no controle de parâmetros do algoritmo genético para o problema do caixeiro viajante,"Cavalheiro, Andreia Philipp.",Algoritmos de computador,Dissertação,Biblioteca Central Zila Mamede,1,0,0,0,0,0,0.0
50102,Uma contribuição ao treinamento de perceptrons de múltiplas camadas usando retropropagação competitiva e processamento paralelo,"Alves, Robinson Luis de Souza.",Processamento de imagens,Dissertação,Biblioteca Central Zila Mamede,2,0,0,0,0,0,0.0
50224,Análise de desempenho em um cluster de PCs de múltiplos barramentos Ethernet,"Rocha Filho, Orlando Donato",Redes de computadores,Dissertação,Biblioteca Central Zila Mamede,2,0,0,0,0,0,0.0
50226,MKey :,"Rocha, Carlos Gustavo Araújo da",Informática,Dissertação,Biblioteca Central Zila Mamede,2,0,0,0,0,0,0.0
50263,Identificação de golfinhos através de técnicas de processamento inteligente de imagens,"Magalhães, Kaiser Magalde Costa",Processamento de imagens -,Dissertação,Biblioteca Central Zila Mamede,2,0,0,0,0,0,0.0
51259,Métodos de validação de sistemas digitais,,Hardware,Livro,Biblioteca Central Zila Mamede,6,0,0,0,0,0,0.0
51638,Managing IP Networks with cisco routers,"Ballew, Scott M.",Redes de computação,Livro,Biblioteca Central Zila Mamede,1,0,0,0,0,0,0.0
52320,e-Business essencial,"Derfler, Frank J.",Business,Livro,Biblioteca Central Zila Mamede,8,0,0,0,0,0,0.0
52557,Algoritmo SOM com estrutura hierárquica e dinâmica aplicado a compressão de imagens,"Barbalho, José Marinho.",Rede neural,Dissertação,Biblioteca Central Zila Mamede,2,0,0,0,0,0,0.0
52586,Um método para modificação de processos legados utilizando SPEM e processo unificado,"Rocha, Zalkind Lincoln Dantas",Software(Informática) -,Dissertação,Biblioteca Central Zila Mamede,1,0,0,0,0,0,0.0
52688,Navegando na Internet com OS/2 Warp,"Tyson, Herbert L.",Internet (Redes de computação),Livro,Biblioteca Central Zila Mamede,1,0,0,0,0,0,0.0
52721,A (R)Evolução do E-business :,"Amor, Daniel.",Internet(Redes de Computador),Livro,Biblioteca Central Zila Mamede,1,0,0,0,0,0,0.0
52805,Contribuições à análise de robustez de sistemas de controle usando redes neurais,"Gabriel Filho, Oscar",Rede neural -,Tese,Biblioteca Central Zila Mamede,1,0,0,0,0,0,0.0
52914,Um ambiente de suporte ao trabalho cooperativo com aplicação à telemedicina,"Pacheco, Alessandra Mendes",Multimídia -,Dissertação,Biblioteca Central Zila Mamede,1,0,0,0,0,0,0.0
52952,Por dentro da bolha :,"Veras, Paulo.",Internet (Rede de computadores) -,Livro,Biblioteca Central Zila Mamede,2,0,0,0,0,0,0.0
53261,Une approche formelle pour la conception et la verification de documents hypermedia,"Saibel-Santos, Celso Alberto",World Wide Web (Sistemas de recuperação da informação) -,Tese,Biblioteca Central Zila Mamede,1,0,0,0,0,0,0.0
53691,As melhores rotinas:,"Hardman, John.",Sinclair ZX Spectrum (Computador),Livro,Biblioteca Central Zila Mamede,1,0,0,0,0,0,0.0
54209,Uma ferramenta para suporte formal à evolução e reutilização para linguagens de especificação algébrica com semântica inicial,"Oliveira, Anderson Santana de.",Linguagem de programação -,Dissertação,Biblioteca Central Zila Mamede,1,0,0,0,0,0,0.0
54237,Algoritmo simulated annealing híbrido para o problema de roteamento de veículos com frota heterogênea,"Lima, Carlos Magno Reinert da Rocha.",Algoritmo -,Dissertação,Biblioteca Central Zila Mamede,2,0,0,0,0,0,0.0
54560,O desafio estratégico do turismo com a adoção da Internet :,"Pereira, Dione dos Santos",Internet -,Dissertação,Biblioteca Central Zila Mamede,1,0,0,0,0,0,0.0
55767,A gestão municipal através de tecnologias de geoprocessamento e cadastro urbano :,"Cunha, José de Arimatéia da.",Prefeitura de Serra Negra do Norte -,Dissertação,Biblioteca Central Zila Mamede,1,0,0,0,0,0,0.0
56464,Infra-estrutura para avaliação e testes de protocolos sociais de comunicação em ambientes tridimensionais compartilhados,"Tavares, Tatiana Aires",Multimídia -,Tese,Biblioteca Central Zila Mamede,1,0,0,0,0,0,0.0
56466,O uso da Internet no setor de hotelaria :,"Lobianco, Márcia Moura Leite.",Administração -,Dissertação,Biblioteca Central Zila Mamede,1,0,0,0,0,0,0.0
56592,PUPSI :,"Anjos, Ivano Miranda dos.",Segurança da informação -,Dissertação,Biblioteca Central Zila Mamede,1,0,0,0,0,0,0.0
56831,Especificação formal de mecanismos de sincronização em aplicações multimídia baseadas no PREMO,"Ribeiro, Claudia Maria Fernandes Araújo.",Multimídia -,Dissertação,Biblioteca Central Zila Mamede,1,0,0,0,0,0,0.0
56840,Qualidade do serviço de informação digital :,"Oliveira, Adriana Carla Silva de.",Tecnologias da informação -,Dissertação,Biblioteca Central Zila Mamede,1,0,0,0,0,0,0.0
57007,C Library bibliotecas,"Jamsa, Kris A.,",C (Linguagem de programação de computador),Livro,Biblioteca Central Zila Mamede,1,0,0,0,0,0,0.0
57009,Conceitos de linguagens de programação,"Ghezzi, Carlo.",Linguagem de programação (Computadores),Livro,Biblioteca Central Zila Mamede,1,0,0,0,0,0,0.0
57013,Gerando gráficos em CLIPPER com C,"Ramos, Álvaro Luiz Arouche Carneiro.",C (Linguagem de programação de computador),Livro,Biblioteca Central Zila Mamede,2,0,0,0,0,0,0.0
57090,Arquiteturas paralelas avançadas,"Fernandes, Edil S. T.",Computação,Livro,Biblioteca Central Zila Mamede,2,0,0,0,0,0,0.0
57091,Introduccion a la domotica,"Angel, Patricia Marta.",Automação,Livro,Biblioteca Central Zila Mamede,2,0,0,0,0,0,0.0
57092,Proyecto de una matriz de componentes :,"Cuervo Diaz, Pedro.",Circuitos integrados,Livro,Biblioteca Central Zila Mamede,2,0,0,0,0,0,0.0
57096,Fundamentos da arquitetura e organização dos microprocessadores,"Zuffo, João Antonio,",Microcomputadores,Livro,Biblioteca Central Zila Mamede,2,0,0,0,0,0,0.0
57097,Computação analógica,"Santos, José Abel Royo dos.",Computadores analógicos,Livro,Biblioteca Central Zila Mamede,2,0,0,0,0,0,0.0
57100,Projetos VLSI e seu suporte computacional,"Liesenberg, Hans Kurt Edmond.",Programa -,Livro,Biblioteca Central Zila Mamede,4,0,0,0,0,0,0.0
57101,Automatic data processing :,"Awad, Elias M.",Processamento eletrônico de dados,Livro,Biblioteca Central Zila Mamede,2,0,0,0,0,0,0.0
57102,Application prototyping : a requirements definition strategy for the 80s,"Boar, Bernard H.,",Sistemas de informação gerencial,Livro,Biblioteca Central Zila Mamede,2,0,0,0,0,0,0.0
57104,Processamento e análise de imagens,"Facon, Jacques.",Processamento de imagens,Livro,Biblioteca Central Zila Mamede,2,0,0,0,0,0,0.0
57108,Processadores pipeline e processamento vetorial,"Navaux, Philippe O. A.",Arquitetura de computador,Livro,Biblioteca Central Zila Mamede,2,0,0,0,0,0,0.0
57109,Minicomputadores :,"Eadie, Donald.",Software -,Livro,Biblioteca Central Zila Mamede,2,0,0,0,0,0,0.0
57111,Microprocessadores 8080 e 8085,"Visconti, Antonio Carlos Jose Franceschini.",Intel 8080 (Microprocessador),Livro,Biblioteca Central Zila Mamede,1,0,0,0,0,0,0.0
57112,Introdução à complexidade de algoritmos paralelos,"Terada, Routo.",Algoritmos,Livro,Biblioteca Central Zila Mamede,1,0,0,0,0,0,0.0
57113,IBM PC-xt,"Salvador, Raphael Machado Silva,",IBM Computador pessoal XT,Livro,Biblioteca Central Zila Mamede,2,0,0,0,0,0,0.0
57116,Ligação micro-mainframe,"Iizuka, Kenji.",Microcomputadores,Livro,Biblioteca Central Zila Mamede,3,0,0,0,0,0,0.0
57148,Projeto de computadores,"Langdon Júnior, Glen George.",Computadores digitais eletrônicos -,Livro,Biblioteca Central Zila Mamede,2,0,0,0,0,0,0.0
57152,Introduction to numerical methods and FORTRAN programming,"McCalla, Thomas Richard.",FORTRAN (Linguagem de programação de computador),Livro,Biblioteca Central Zila Mamede,2,0,0,0,0,0,0.0
57156,Computer system architecture,"Mano, M. Morris,",Arquitetura de computador,Livro,Biblioteca Central Zila Mamede,2,0,0,0,0,0,0.0
57159,Introdução a programação funcional,"Meira, Silvio Romero de Lemos.",Escola de Computação,Livro,Biblioteca Central Zila Mamede,2,0,0,0,0,0,0.0
57162,Projeto de computadores digitais,"Langdon Júnior, Glen George.",Arquitetura de computador,Livro,Biblioteca Central Zila Mamede,2,0,0,0,0,0,0.0
57164,Computer organization and microprogramming,"Chu, Yaohan.",Computação,Livro,Biblioteca Central Zila Mamede,2,0,0,0,0,0,0.0
57166,Projeto lógico e projeto físico de bancos de dados,"Setzer, Valdemar W.",Banco de dados,Livro,Biblioteca Central Zila Mamede,2,0,0,0,0,0,0.0
57167,Controle de projetos de software :,"DeMarco, Tom.",Programação (Computadores) -,Livro,Biblioteca Central Zila Mamede,1,0,0,0,0,0,0.0
57172,Fundamentals of artificial intelligence :,,Inteligência artificial,Livro,Biblioteca Central Zila Mamede,2,0,0,0,0,0,0.0
57173,Relational database :,"Date, C. J.,",Banco de dados -,Livro,Biblioteca Central Zila Mamede,2,0,0,0,0,0,0.0
57175,Introdução a computação gráfica,"Persiano, Ronaldo César Marinho.",Computação gráfica,Livro,Biblioteca Central Zila Mamede,5,0,0,0,0,0,0.0
57176,Computação gráfica :,"Magalhães, Léo Pini.",Computação gráfica,Livro,Biblioteca Central Zila Mamede,2,0,0,0,0,0,0.0
57178,Desmistificando a computação grafica,"Venetianer, Tomas.",Computação grafica,Livro,Biblioteca Central Zila Mamede,1,0,0,0,0,0,0.0
57207,C :,"Kernighan, Brian W.,",C (Linguagem de programação de computador),Livro,Biblioteca Central Zila Mamede,1,0,0,0,0,0,0.0
57215,Introdução aos sistemas de gerência de banco de dados,"Leite, Leonardo Lellis Pereira,",Banco de dados,Livro,Biblioteca Central Zila Mamede,1,0,0,0,0,0,0.0
57232,Programação estruturada com estudos de casos em Pascal,"Collins, Willian.",PASCAL (Linguagem de programação de computador),Livro,Biblioteca Central Zila Mamede,1,0,0,0,0,0,0.0
57238,Implantação de um sistema de detecção de vazamentos em oleodutos com tratamento de alarmes falsos,"Oliveira, Abenildo Alves de.",Informática -,Dissertação,Biblioteca Central Zila Mamede,1,0,0,0,0,0,0.0
57243,Uma fundamentação matemática para o processamento de imagens digitais intervalares,"Lyra, Aarao.",Processamento digital de imagens -,Tese,Biblioteca Central Zila Mamede,1,0,0,0,0,0,0.0
57248,Computer networks,"Tanenbaum, Andrew S.,",Redes de computação,Livro,Biblioteca Central Zila Mamede,2,0,0,0,0,0,0.0
57249,Tipos (abstratos) de dados :,"Veloso, Paulo A. S. (Paulo Augusto Silva),",Dados -,Livro,Biblioteca Central Zila Mamede,2,0,0,0,0,0,0.0
57251,Computer hardware/software architecture,"Toy, Wing N.,",Arquitetura de computador,Livro,Biblioteca Central Zila Mamede,1,0,0,0,0,0,0.0
57252,Bancos de dados não convencionais :,"Melo, Rubens Nascimento.",Banco de dados,Livro,Biblioteca Central Zila Mamede,2,0,0,0,0,0,0.0
57263,Redes locais,"Soares, Luiz Fernando G.",Redes de computação,Livro,Biblioteca Central Zila Mamede,1,0,0,0,0,0,0.0
57266,The design of operating systems for small computer systems,"Kaisler, Stephen H.",Sistemas operacionais (Computadores),Livro,Biblioteca Central Zila Mamede,2,0,0,0,0,0,0.0
57267,Modelagem e projetos baseados em objetos,,Engenharia de sistemas,Livro,Biblioteca Central Zila Mamede,5,0,0,0,0,0,0.0
57269,Desenvolvimento rápido de sistemas,"Gane, Chris,",Análise de sistemas,Livro,Biblioteca Central Zila Mamede,2,0,0,0,0,0,0.0
57270,Desenvolvimento estruturado de sistemas,"Gomes, Carlos.",Análise de sistemas,Livro,Biblioteca Central Zila Mamede,2,0,0,0,0,0,0.0
57271,Computer operating systems :,"Barron, D. W.",Sistemas operacionais (Computadores),Livro,Biblioteca Central Zila Mamede,2,0,0,0,0,0,0.0
57305,Building university electronic educational environments :,,Internet e educação,Livro,Biblioteca Central Zila Mamede,2,0,0,0,0,0,0.0
57313,The logic of partial information,"Abdallah, Areski Nait,",Engenharia de programas de computador,Livro,Biblioteca Central Zila Mamede,2,0,0,0,0,0,0.0
57351,Designing the user interface :,"Shneiderman, Ben.",Interação homem-computador,Livro,Biblioteca Central Zila Mamede,2,0,0,0,0,0,0.0
57356,"Dynamics, polarity, and quantification",,Semântica de programas,Livro,Biblioteca Central Zila Mamede,2,0,0,0,0,0,0.0
57395,Smart card research and advanced applications  :,,Arquitetura dos computadores,Livro,Biblioteca Central Zila Mamede,2,0,0,0,0,0,0.0
57396,Cryptography decrypted,"Mel, H. X.,",Criptografia,Livro,Biblioteca Central Zila Mamede,2,0,0,0,0,0,0.0
57398,Learnable classes of categorial grammars,"Kanazawa, Makoto,",Gramática de contexto livre -,Livro,Biblioteca Central Zila Mamede,2,0,0,0,0,0,0.0
57399,Algebraic semantics in language and philosophy,"Link, Godehard.",Gramática comparativa e geral (Informática),Livro,Biblioteca Central Zila Mamede,2,0,0,0,0,0,0.0
57400,German in head-driven phrase structure grammar,,Processamento da linguagem alemã -,Livro,Biblioteca Central Zila Mamede,2,0,0,0,0,0,0.0
57401,Selected papers on computer science,"Knuth, Donald Ervin,",Ciência da computação,Livro,Biblioteca Central Zila Mamede,2,0,0,0,0,0,0.0
57402,Formal methods for distributed system development :,,Engenharia de programas de computador,Livro,Biblioteca Central Zila Mamede,2,0,0,0,0,0,0.0
57404,Formal techniques for networked and distributed systems :,,Engenharia de programas de computador,Livro,Biblioteca Central Zila Mamede,2,0,0,0,0,0,0.0
57405,Games in operations management :,,Engenharia de programas de computador,Livro,Biblioteca Central Zila Mamede,2,0,0,0,0,0,0.0
57410,VLSI :,,Sistemas de computadores embutidos,Livro,Biblioteca Central Zila Mamede,2,0,0,0,0,0,0.0
57411,Home informatics and telematics :,,Microcomputadores -,Livro,Biblioteca Central Zila Mamede,2,0,0,0,0,0,0.0
57414,Natural language processing and knowledge representation :,,Linguagens de programação de computador,Livro,Biblioteca Central Zila Mamede,2,0,0,0,0,0,0.0
57415,Complex predicates and information spreading in LFG,"Andrews, Avery D.",Sintaxe e semântica de programas,Livro,Biblioteca Central Zila Mamede,2,0,0,0,0,0,0.0
57417,"Quantifiers, deduction, and context",,Gramática comparativa e geral,Livro,Biblioteca Central Zila Mamede,2,0,0,0,0,0,0.0
57418,Communications and multimedia security issues of the new century :,,Rede de computadores -,Livro,Biblioteca Central Zila Mamede,2,0,0,0,0,0,0.0
57436,System modelling and optimization :,,Modelagem de sistemas,Livro,Biblioteca Central Zila Mamede,2,0,0,0,0,0,0.0
57438,Information security for global information infrastructures :,,Segurança em computador,Livro,Biblioteca Central Zila Mamede,2,0,0,0,0,0,0.0
57443,What not how :,"Date, C. J.",Engenharia de programas de computador,Livro,Biblioteca Central Zila Mamede,7,0,0,0,0,0,0.0
57445,Proposta de integração das redes de comunicação da COSERN como uma solução de contigêncvia em caso de falhas nos enlaces do backbone de automação,"Oliveira, Bernardo Emídio Fernandes de.",Rede de computadores -,Dissertação,Biblioteca Central Zila Mamede,1,0,0,0,0,0,0.0
57452,A influência dos agentes inteligentes na navageção dos usuários em ambientes virtuais,"Araújo, Anderson Souza de.",Comunicação virtual -,Dissertação,Biblioteca Central Zila Mamede,1,0,0,0,0,0,0.0
57455,Testing of communicating systems :,,Sistemas de telecomunicação -,Livro,Biblioteca Central Zila Mamede,2,0,0,0,0,0,0.0
57458,Managing Qos in multimedia networks and services :,,Sistema multimídia,Livro,Biblioteca Central Zila Mamede,2,0,0,0,0,0,0.0
57475,Systems that learn :,,Aprendizagem (Ciência da computação) -,Livro,Biblioteca Central Zila Mamede,2,0,0,0,0,0,0.0
57476,Kurumin :,"Morimoto, Carlos.",Linux(Sistema operacional de computador),Livro,Biblioteca Central Zila Mamede,3,0,0,0,0,0,0.0
57479,Fundamentals of interactive computer graphics,"Foley, James D.,",Computação gráfica,Livro,Biblioteca Central Zila Mamede,1,0,0,0,0,0,0.0
57480,Automatic algorithm recognition and replacement :,"Metzger, Robert C.",Programação (Computadores),Livro,Biblioteca Central Zila Mamede,2,0,0,0,0,0,0.0
57501,Environmental software systems :,,Processamento de dados -,Livro,Biblioteca Central Zila Mamede,2,0,0,0,0,0,0.0
57506,"Global engineering, manufacturing and enterprise networks :",,Redes -,Livro,Biblioteca Central Zila Mamede,2,0,0,0,0,0,0.0
57512,Syntactic theory :,"Sag, Ivan A.,",Gramática (Computação) -,Livro,Biblioteca Central Zila Mamede,2,0,0,0,0,0,0.0
57515,The situation in logic,"Barwise, Jon.",Linguagem e lógica,Livro,Biblioteca Central Zila Mamede,1,0,0,0,0,0,0.0
57517,Modal logic and process algebra :,,Linguagem formal(Computação),Livro,Biblioteca Central Zila Mamede,2,0,0,0,0,0,0.0
57518,"Quantifiers, logic, and language",,Gramática (Computação),Livro,Biblioteca Central Zila Mamede,2,0,0,0,0,0,0.0
57519,Propositional attitudes :,,Semântica (Computação),Livro,Biblioteca Central Zila Mamede,2,0,0,0,0,0,0.0
57520,The concept of logical consequence,"Etchemendy, John,","Tarski, Alfred",Livro,Biblioteca Central Zila Mamede,2,0,0,0,0,0,0.0
57522,Realigning research and practice in information systems development :,,Tecnologia da informação,Livro,Biblioteca Central Zila Mamede,2,0,0,0,0,0,0.0
57524,Vicious circles :,"Barwise, Jon.",Tecnologia da informação,Livro,Biblioteca Central Zila Mamede,2,0,0,0,0,0,0.0
57525,Local constraints vs. economy,"Johnson, David E.,",Gramática (Computação),Livro,Biblioteca Central Zila Mamede,2,0,0,0,0,0,0.0
57542,Advances in modal logic,,Programação lógica (Computação),Livro,Biblioteca Central Zila Mamede,1,0,0,0,0,0,0.0
57548,Situations and attitudes,"Barwise, Jon.",Semântica (Computação),Livro,Biblioteca Central Zila Mamede,4,0,0,0,0,0,0.0
57552,A descriptive approach to language-theoretic complexity,"Rogers, James,",Gramática (Computação),Livro,Biblioteca Central Zila Mamede,2,0,0,0,0,0,0.0
57572,Solving the frame problem :,"Shanahan, Murray.",Inteligência artificial,Livro,Biblioteca Central Zila Mamede,2,0,0,0,0,0,0.0
57586,Fuzzy logic,"McNeill, Dan.",Informática -,Livro,Biblioteca Central Zila Mamede,2,0,0,0,0,0,0.0
57589,"Logic, language and computation",,Linguagem e lógica,Livro,Biblioteca Central Zila Mamede,3,0,0,0,0,0,0.0
57595,Situation theory and its applications,,Linguagem (Computação),Livro,Biblioteca Central Zila Mamede,4,0,0,0,0,0,0.0
57608,Fundamentos da computação gráfica,"Gomes, Jonas.",Computação gráfica,Livro,Biblioteca Central Zila Mamede,2,0,0,0,0,0,0.0
57739,Uma introdução à biologia computacional,"Meidanis, João.",Escola de Computação,Livro,Biblioteca Central Zila Mamede,2,0,0,0,0,0,0.0
57769,Controle de concorrência e distribuição de dados:,"Ferreira, João.",Informática,Livro,Biblioteca Central Zila Mamede,2,0,0,0,0,0,0.0
57844,Hardware/software co-design :,,Sistema operacional,Livro,Biblioteca Central Zila Mamede,7,0,0,0,0,0,0.0
57848,Projeto de banco de dados,"Heuser, Carlos Alberto.",Banco de dados -,Livro,Biblioteca Central Zila Mamede,2,0,0,0,0,0,0.0
58108,TCP/IP network administration,"Hunt, Craig.",TCP/IP (Protocolo de rede de computação),Livro,Biblioteca Central Zila Mamede,1,0,0,0,0,0,0.0
58205,Aspectos teóricos da computação,,Computação -,Livro,Biblioteca Central Zila Mamede,1,0,0,0,0,0,0.0
58280,Métodos simpliciais em computação gráfica,"Miranda, Jonas.",Cóloquio Brasileiro de Matemática,Livro,Biblioteca Central Zila Mamede,4,0,0,0,0,0,0.0
58718,Anais,"Simpósio Brasileiro de Redes de Computadores  (21. : 2003 : Natal, RN)",Redes de computação,Livro,Biblioteca Central Zila Mamede,2,0,0,0,0,0,0.0
58935,Utilização do Linux como ferramanenta antivírus em redes corporativas,"Medeiros, Teobaldo Adelino Dantas de.",Computador -,Dissertação,Biblioteca Central Zila Mamede,1,0,0,0,0,0,0.0
58949,N2N framework :,"Burlamaqui, Aquiles Medeiros Filgueira.",Sistemas distribuídos -,Dissertação,Biblioteca Central Zila Mamede,2,0,0,0,0,0,0.0
58960,A visão de professores-formadores do PROINFO/RN sobre o uso dos recursos informáticos na educação,"Lima, Claudia Pereira de.",Educação -,Dissertação,Biblioteca Central Zila Mamede,2,0,0,0,0,0,0.0
59094,"Descobrindo microsoft windows me, millennium edition","Hartsfvang, Bjoern-Erik.",Microsoft Windows (Sistema operacional de computador),Livro,Biblioteca Central Zila Mamede,1,0,0,0,0,0,0.0
59342,Números dinâmicos :,"Oliveira Júnior, Osmar Fernandes de.",Computação numérica -,Dissertação,Biblioteca Central Zila Mamede,1,0,0,0,0,0,0.0
59495,Algoritmo transgenético para o problema do passeio do pistoneio,"Souza, Ana Carla Cabral Medeiros de.",Informática -,Dissertação,Biblioteca Central Zila Mamede,1,0,0,0,0,0,0.0
60064,Introduction to the design and analysis of algorithms,"Goodman, S. E.",Algoritmo,Livro,Biblioteca Central Zila Mamede,1,0,0,0,0,0,0.0
61146,Estruturas de dados e seus algoritmos,"Szwarcfiter, Jayme Luiz.",Estrutura de dados,Livro,Biblioteca Central Zila Mamede,2,0,0,0,0,0,0.0
61359,Informação & informática,,Ciência da informação,Livro,Biblioteca Central Zila Mamede,9,0,0,0,0,0,0.0
61406,Controle e certificação da qualidade no processamento eletrônico de imagens de documentos,"Avedon, Don M.",Processamento de imagens -,Livro,Biblioteca Central Zila Mamede,5,0,0,0,0,0,0.0
61727,Planejamento de instalações para sistemas de processamento eletrônico de imagens de documentos,"Schantz, Herbert F.",Processamento de imagens -,Livro,Biblioteca Central Zila Mamede,2,0,0,0,0,0,0.0
62141,An operating systems vade mecum,"Finkel, Raphael A.",Sistema Operacional,Livro,Biblioteca Central Zila Mamede,2,0,0,0,0,0,0.0
62160,Hackers expostos,"McClure, Stuart.",Redes de computadores -,Livro,Biblioteca Central Zila Mamede,2,0,0,0,0,0,0.0
62161,"Planejamento estratégico, análise de sistemas e projeto de bancos de dados :","Gillenson, Mark L.",Planejamento empresarial -,Livro,Biblioteca Central Zila Mamede,2,0,0,0,0,0,0.0
62248,Segurança da informação no correio eletrônico com base na ISO/IEC 17799 :,"Cavalcante, Sayonara de Medeiros.",Tecnologia da informação -,Dissertação,Biblioteca Central Zila Mamede,1,0,0,0,0,0,0.0
62313,Metodologias para desenvolvimento de sistemas dinâmicos :,"Souza, Leonilda Maria M. de.",Modelagem -,Dissertação,Biblioteca Central Zila Mamede,1,0,0,0,0,0,0.0
62410,Sistemas gráficos 3D,"Velho, Luiz.",Computação gráfica,Livro,Biblioteca Central Zila Mamede,2,0,0,0,0,0,0.0
62486,Sintonia :,"Lima, Josefino Cabral Melo.",Inteligência artificial -,Tese,Biblioteca Central Zila Mamede,1,0,0,0,0,0,0.0
62923,Algoritmos genéticos e processamento paralelo aplicados à definição e treinamento de redes neurais perceptron de múltiplas camadas,"Albuquerque, Ana Cláudia Medeiros Lins de.",Redes neurais -,Dissertação,Biblioteca Central Zila Mamede,1,0,0,0,0,0,0.0
63096,Tipos abstratos de dados :,"Sette, José Sérgio Antunes.",Congresso da Sociedade Brasileira de Computação,Livro,Biblioteca Central Zila Mamede,1,0,0,0,0,0,0.0
63100,Iniciação ao processamento digital de imagens,"Paz, Eduardo Peixoto.",Congresso da Sociedade Brasileira da Computação,Livro,Biblioteca Central Zila Mamede,1,0,0,0,0,0,0.0
63101,Uma técnica de desenvolvimento de grandes sistemas de inteligência artificial,"Pereira, Antonio Eduardo Costa.",Congresso da Sociedade Brasileira de Computação,Livro,Biblioteca Central Zila Mamede,2,0,0,0,0,0,0.0
63103,Análise de circuitos VLSI,"Reis, Ricardo Augusto da Luz.",Congresso da Sociedade Brasileira de Computação,Livro,Biblioteca Central Zila Mamede,2,0,0,0,0,0,0.0
63111,Modelagem de aspectos temporais de sistemas de informação,"Edelweiss, Nina.",Escola de Computação,Livro,Biblioteca Central Zila Mamede,3,0,0,0,0,0,0.0
63214,Rede digital de serviços integrados de faixa larga (RDSI-FL),"Monteiro, José Augusto Suruagy.",Escola de Computação,Livro,Biblioteca Central Zila Mamede,2,0,0,0,0,0,0.0
63216,Ambientes de projeto de sistemas eletrônicos,"Wagner, Flávio Rech.",Escola de Computação,Livro,Biblioteca Central Zila Mamede,3,0,0,0,0,0,0.0
63223,Sistemas distribuídos :,"Queiroz, Antônio Monteiro de.",Escola de Computação,Livro,Biblioteca Central Zila Mamede,2,0,0,0,0,0,0.0
63258,Introdução aos espaços de escala,"Gomes, Jonas.",Computação gráfica,Livro,Biblioteca Central Zila Mamede,2,0,0,0,0,0,0.0
63260,Comércio eletrônico na www,"Meira Júnior, Wagner.",Worldwide Web -,Livro,Biblioteca Central Zila Mamede,2,0,0,0,0,0,0.0
63271,Arquiteturas super escalares :,"Fernandes, Edil S. T.",Escola de Computação,Livro,Biblioteca Central Zila Mamede,2,0,0,0,0,0,0.0
63278,How to build a Beowulf :,,Arquitetura de computadores,Livro,Biblioteca Central Zila Mamede,2,0,0,0,0,0,0.0
63322,Projeto estruturado de sistemas,"Page-Jones, Meilir.",Projeto de sistemas,Livro,Biblioteca Central Zila Mamede,1,0,0,0,0,0,0.0
63334,Sistemas de informação,"Melo, Ivo Soares.",Sistema de informação,Livro,Biblioteca Central Zila Mamede,2,0,0,0,0,0,0.0
63525,Sistema inteligente para determinação das direções de chegada de múltiplos sinais em arranjo de antenas,"Dourado Júnior, Osmar de Araújo.",Redes neurais -,Dissertação,Biblioteca Central Zila Mamede,1,0,0,0,0,0,0.0
63896,Redes neurais :,"Vasconcelos, Germano Crispim.",Jornada de Atualização em Informática,Livro,Biblioteca Central Zila Mamede,1,0,0,0,0,0,0.0
63908,Analyse algorithmique de systèmes hybrides polygonaux,"Schneider, Gerardo.",Algoritmos -,Tese,Biblioteca Central Zila Mamede,1,0,0,0,0,0,0.0
64064,Anais [do] XIV Simpósio Brasileiro de Engenharia de Software,"Simpósio Brasileiro de Engenharia de Software  (14. : 2000 : João Pessoa, PB).",Engenharia de software -,Livro,Biblioteca Central Zila Mamede,1,0,0,0,0,0,0.0
64606,O problema bin packing tridimensional em contêineres :,"Liberalino, Carlos Heitor Pereira.",Informática -,Dissertação,Biblioteca Central Zila Mamede,1,0,0,0,0,0,0.0
64832,Solaris implementation :,"Becker, George.",Solaris (Sistemas de computador),Livro,Biblioteca Central Zila Mamede,1,0,0,0,0,0,0.0
64834,Trading on the EDGE :,,Redes neurais (Computação),Livro,Biblioteca Central Zila Mamede,2,0,0,0,0,0,0.0
64905,Projeto de Data Warehouse :,"Machado, Felipe Nery Rodrigues.",Armazenamento de dados,Livro,Biblioteca Central Zila Mamede,2,0,0,0,0,0,0.0
64910,Telecomunicações :,"Soares Neto, Vicente,",Cabos de telecomunicação,Livro,Biblioteca Central Zila Mamede,1,0,0,0,0,0,0.0
65045,Fundamentos do desenho orientado a objeto com UML,"Page-Jones, Meilir,",Software -,Livro,Biblioteca Central Zila Mamede,3,0,0,0,0,0,0.0
65098,Introdução à geometria computacional,"Figueiredo, Luiz Henrique de.",Geometria computacional,Livro,Biblioteca Central Zila Mamede,1,0,0,0,0,0,0.0
65120,Inteligência artificial :,"Bittencourt, Guilherme.",Inteligência artificial,Livro,Biblioteca Central Zila Mamede,2,0,0,0,0,0,0.0
65195,Introdução às redes de Petri e aplicações,"Maciel, Paulo Romero Martins.",Redes de computação,Livro,Biblioteca Central Zila Mamede,4,0,0,0,0,0,0.0
65231,Tvoice :,"Gomes, Italo Herbert Santos e.",Sistema distribuídos -,Dissertação,Biblioteca Central Zila Mamede,1,0,0,0,0,0,0.0
65795,Inteligência artificial,"Winston, Patrick Henry.",Inteligência artificial,Livro,Biblioteca Central Zila Mamede,2,0,0,0,0,0,0.0
66904,Turbo Pascal :,"Rinaldi, Roberto,",Turbo Pascal (Linguagem de programação de computador),Livro,Biblioteca Central Zila Mamede,1,0,0,0,0,0,0.0
67035,Segurança de dados :,"Terada, Routo.",Redes de computadores -,Livro,Biblioteca Central Zila Mamede,3,0,0,0,0,0,0.0
67304,Especificação de um bloco funcional implementando rede neural para redes industriais foundations fieldbus,"Besch, Gáudio Vinícius Lopes.",Redes industriais -,Dissertação,Biblioteca Central Zila Mamede,1,0,0,0,0,0,0.0
67331,Um ambiente integrado para manipulação de tráfego multicast,"Lima, Weldson Queiroz de.",Redes de computação -,Dissertação,Biblioteca Central Zila Mamede,1,0,0,0,0,0,0.0
69122,Livro texto,"Escola de Informática da SBC  (1. : 1997 : Recife, PE : Natal, RN)",Informática -,Livro,Biblioteca Central Zila Mamede,2,0,0,0,0,0,0.0
69167,Turbo Pascal 7.0 :,"Rinaldi, Roberto,",Turbo Pascal (Linguagem de programação de computador),Livro,Biblioteca Central Zila Mamede,1,0,0,0,0,0,0.0
69288,Discover the World Wide Web with your sportster,,Internet,Livro,Biblioteca Central Zila Mamede,1,0,0,0,0,0,0.0
69337,MicroControlador 8051 :,"Silva Junior, Vidal Pereira da,",INTEL 8051 (Microprocessador),Livro,Biblioteca Central Zila Mamede,1,0,0,0,0,0,0.0
69377,Recommended practice for dual ring operation with wrapback reconfiguration :,IEEE Standards Board.,Redes locais de computadores,Folheto,Biblioteca Central Zila Mamede,1,0,0,0,0,0,0.0
69894,Computing natural language,,Linguística computacional,Livro,Biblioteca Central Zila Mamede,2,0,0,0,0,0,0.0
69897,Tempo :,"Melo, Walcélio Louzada Martins.",Engenharia de software -,Tese,Biblioteca Central Zila Mamede,1,0,0,0,0,0,0.0
70144,Une architecture logicielle pour le développement de simulations visuelles et interactives individu-centrées :,"Campos, André M. C.",Engenharia de software -,Tese,Biblioteca Central Zila Mamede,1,0,0,0,0,0,0.0
70462,Fundamentos de redes neurais artificiais,"Carvalho, André Carlos Ponce de Leon Ferreira de.",Redes neurais,Livro,Biblioteca Central Zila Mamede,2,0,0,0,0,0,0.0
71821,A beleza das máquinas :,"Gelernter, David Hillel.",Interação homem-máquina,Livro,Biblioteca Central Zila Mamede,1,0,0,0,0,0,0.0
71861,Guia prático de e-commerce,"Andrade, Rogério de.",Comércio eletrônico,Livro,Biblioteca Central Zila Mamede,1,0,0,0,0,0,0.0
72087,Anais,Simpósio Brasileiro de Inteligência Artificial (2. : 1985 : São José dos Campos),Inteligência artificial -,Livro,Biblioteca Central Zila Mamede,1,0,0,0,0,0,0.0
72280,"Terceirização em tecnologia da informação sob os aspectos de estratégia, tomada de decisão e análise de investimentos :","Ferreira, Luciene Braz.",Administração -,Dissertação,Biblioteca Central Zila Mamede,1,0,0,0,0,0,0.0
72289,Computação intervalar em redes neurais perceptron,"Patiño Escarcina, Raquel Esperanza.",Inteligência artificial -,Dissertação,Biblioteca Central Zila Mamede,2,0,0,0,0,0,0.0
72333,Exclusão digital :,"Silveira, Sérgio Amadeu da.",Exclusão digital,Livro,Biblioteca Central Zila Mamede,1,0,0,0,0,0,0.0
72790,Kylix :,"Taylor, Don.",Softwares de aplicação -,Livro,Biblioteca Central Zila Mamede,1,0,0,0,0,0,0.0
73009,Desenvolvendo aplicações com Delphi 6,"Sonnino,Bruno,",DELPHI 6(Linguagem de programação de computador),Livro,Biblioteca Central Zila Mamede,1,0,0,0,0,0,0.0
73172,Informática na educação,"Tajra, Sanmya Feitosa.",Educação -,Livro,Biblioteca Central Zila Mamede,3,0,0,0,0,0,0.0
73559,Sistema especialista para detecção de falhas em comandos elétricos,"Victor, Valci Ferreira.",Sistemas especialistas (Computação) -,Dissertação,Biblioteca Central Zila Mamede,1,0,0,0,0,0,0.0
74072,Paralelismo a nível de instrução e o custo de desvios,"Fernandes, Edil S. T.",Escola de Computação,Livro,Biblioteca Central Zila Mamede,2,0,0,0,0,0,0.0
74095,Projeto lógico automatizado de sistemas digitais seqüenciais,"Calazans, Ney Laert Vilar.",Escola de Computação,Livro,Biblioteca Central Zila Mamede,1,0,0,0,0,0,0.0
74099,"Multimedia, knowledge-based, and object-oriented databases",,Sistema multimídia,Livro,Biblioteca Central Zila Mamede,1,0,0,0,0,0,0.0
74177,Proposta de uma rede local de comunicação de dados,"Gomes Filho, Francisco de Assis Ferreira.",Redes de computação -,Dissertação,Biblioteca Central Zila Mamede,1,0,0,0,0,0,0.0
74193,Uma introdução à computação paralela e distribuída,"Amorim, Claudio Luis de.",Escola de Computação,Livro,Biblioteca Central Zila Mamede,2,0,0,0,0,0,0.0
74230,Métodos formais para especificação :,"Nunes, Daltro José.",Escola de Métodos Formais para Qualidade de Software,Livro,Biblioteca Central Zila Mamede,2,0,0,0,0,0,0.0
74255,Building multimedia performance support systems,"Reynolds, Angus,",Multimídia,Livro,Biblioteca Central Zila Mamede,2,0,0,0,0,0,0.0
74264,Sistemas de computadores,,Computação,Livro,Biblioteca Central Zila Mamede,1,0,0,0,0,0,0.0
74397,Projeto e implementação em FPGA de um processador com conjunto de instrução reconfigurável utilizando VHDL,"Casillo, Leonardo Augusto.",Processadores reconfiguráveis -,Dissertação,Biblioteca Central Zila Mamede,1,0,0,0,0,0,0.0
74467,Contribuições para verificação automática de applets javacard,"Silva, Antonio Augusto Oliveira Viana da.",Linguagem de programação de computador -,Dissertação,Biblioteca Central Zila Mamede,1,0,0,0,0,0,0.0
74475,Modelagem e implementação de um banco de dados geográficos para apoio a tomada de decisão :,"Cunha, Mateus Fernandes da.",Banco de dados -,Dissertação,Biblioteca Central Zila Mamede,2,0,0,0,0,0,0.0
75020,Um sistema de disseminação seletiva de informação,"Cortez, Ioris Ramalho.",Disseminação seletiva da informação -,Dissertação,Biblioteca Central Zila Mamede,1,0,0,0,0,0,0.0
75065,A trajetória da política de informática brasileira (1977-1991) :,"Tapia, Jorge Rubem Biton,",Política de informática -,Livro,Biblioteca Central Zila Mamede,3,0,0,0,0,0,0.0
75651,Delphi 6 :,"Ferreira, Marcos dos Santos,",Delphi (Programa de computador),Livro,Biblioteca Central Zila Mamede,1,0,0,0,0,0,0.0
75767,Redes neurais artificiais :,"Tafner, Malcon Anderson,",Redes neurais (Computação),Livro,Biblioteca Central Zila Mamede,3,0,0,0,0,0,0.0
75906,Projeto de algoritmos :,"Ziviani, Nivio.",Algoritmos -,Livro,Biblioteca Central Zila Mamede,1,0,0,0,0,0,0.0
76278,Metaheurísticas paralelas para o problema da alocação de sondas da produção terrestre :,"Pinheiro, Joseane Alves.",Metaheurística -,Dissertação,Biblioteca Central Zila Mamede,2,0,0,0,0,0,0.0
76282,Avaliação de desempenho de protocolos de roteamento para redes móveis Ad hoc sob condições de tráfego de aplicações de vídeofone,"Campos, Gláucia Mellisa Medeiros.",Redes móveis ad hoc -,Dissertação,Biblioteca Central Zila Mamede,2,0,0,0,0,0,0.0
76416,X-Conf :,"Almeida, Fernando Luiz de.",Linguagem de programação de computador -,Dissertação,Biblioteca Central Zila Mamede,1,0,0,0,0,0,0.0
76420,Algoritmos evolucionários na solução do problema da programação de sondas de produção,"Borchardt, Márcia.",Algoritmos -,Dissertação,Biblioteca Central Zila Mamede,1,0,0,0,0,0,0.0
76425,Sistema de reescrita de termos para intervalos :,"Carvalho, Adriano Xavier.",Inteligência computacional -,Dissertação,Biblioteca Central Zila Mamede,1,0,0,0,0,0,0.0
78343,Carcará :,"Gomes Júnior, Manuel Ferreira.",Inteligência artificial -,Dissertação,Biblioteca Central Zila Mamede,1,0,0,0,0,0,0.0
78371,Combinando aspectos e componentes :,"Fernandes, Fabrício de Alexandria.",Linguagem de programação de computador -,Dissertação,Biblioteca Central Zila Mamede,1,0,0,0,0,0,0.0
78761,Uso da internet em ambiente acadêmico :,"Rocha, Belchior de Oliveira.",Internet na educação -,Dissertação,Biblioteca Central Zila Mamede,1,0,0,0,0,0,0.0
78908,"CAD, GPS e imagem raster, apoio a geografia de campo","Costa, João Antenógenes Prudêncio da,",Geografia -,Folheto,Biblioteca Central Zila Mamede,1,0,0,0,0,0,0.0
79930,"Um sistema para gestão do conhecimento em ameaças, vulnerabilidade e seus efeitos","Massud, Míriam Valença.",Banco de dados -,Dissertação,Biblioteca Central Zila Mamede,1,0,0,0,0,0,0.0
79939,Técnicas inteligentes hídridas para o controle de sistemas não lineares,"Rodrigues, Marconi Câmara.",Redes neurais artificiais,Dissertação,Biblioteca Central Zila Mamede,1,0,0,0,0,0,0.0
80563,Desenvolvimento de modelos no programa DigSILENT PowerFactoryTM para o estudo de estabilidade transitória em sistemas elétricos de potência com aerogerador,"Oliveira, Clóvis Bôsco Mendonça.",Programas de computador,Dissertação,Biblioteca Central Zila Mamede,2,0,0,0,0,0,0.0
81125,Uma arquitetura P2P baseada na hierarquia do endereçamento IP com roteamento unificado,"Pinheiro, Marcos César Madruga Alves.",Sistemas distribuídos -,Tese,Biblioteca Central Zila Mamede,1,0,0,0,0,0,0.0
81259,Real-time rendering,"Möller, Tomas,",Computação gráfica,Livro,Biblioteca Central Zila Mamede,2,0,0,0,0,0,0.0
81413,Computação evolucionária aplicada a problemas de otimização combinatória,"Campos, Ilka Maria Soares.",Computação -,Dissertação,Biblioteca Central Zila Mamede,1,0,0,0,0,0,0.0
81846,Collision detection in interactive 3D environments,"Bergen, Gino Van den.",Computação gráfica,Livro,Biblioteca Central Zila Mamede,4,0,0,0,0,0,0.0
81935,Novell dicionario de redes,"Dyson, Peter.",Redes de computação -,Livro,Biblioteca Central Zila Mamede,1,0,0,0,0,0,0.0
82117,Extensões intervalares do método de segmentação de imagens digitais por K-MEANS :,"Takahashi, Adriana.",Processamento de imagens -,Dissertação,Biblioteca Central Zila Mamede,1,0,0,0,0,0,0.0
82394,Agraphs :,"Sena, Demóstenes Santos de.",Linguagens de programação(Informática) -,Dissertação,Biblioteca Central Zila Mamede,1,0,0,0,0,0,0.0
82412,Indesign :,"Vicentini, Vitor.",Editoração gráfica,Livro,Biblioteca Central Zila Mamede,3,0,0,0,0,0,0.0
82592,Modelos de dispositivos de microondas e ópticos através de redes neurais artificiais de alimentação direta,"Passos, Márcio Galdino.",Redes neurais artificiais -,Dissertação,Biblioteca Central Zila Mamede,1,0,0,0,0,0,0.0
82608,Uma arquitetura baseada em SCTP e SIP para suporte a aplicações VoIP móveis e a especificação formal do seu módulo de controle,"Costa, Daniel Gouveia.",Redes de computação (Protocolos) -,Dissertação,Biblioteca Central Zila Mamede,1,0,0,0,0,0,0.0
82617,Análise de um controlador baseado no jacobiano estimado da planta através de uma rede neural,"Lucena, Pedro Berretta de.",Redes neurais artificiais,Dissertação,Biblioteca Central Zila Mamede,1,0,0,0,0,0,0.0
82618,Especificação de uma rede MPLS fim-a-fim com diferenciação de serviços,"Silva Neto, Edson Moreira.",Redes de computadores -,Tese,Biblioteca Central Zila Mamede,1,0,0,0,0,0,0.0
82644,Sistema inteligente para detecção de vazamentos em dutos de petróleo usando transformada Wavelet e redes neurais,"Martins, Rodrigo Siqueira.",Redes neurais artificiais -,Dissertação,Biblioteca Central Zila Mamede,1,0,0,0,0,0,0.0
82853,Turbo Pascal:,"Rinaldi, Roberto,",Turbo Pascal (Linguagem de programação de computador),Livro,Biblioteca Central Zila Mamede,1,0,0,0,0,0,0.0
83453,IBM PC e suas aplicações,"Press, Laurence.",IBM (Computadores),Livro,Biblioteca Central Zila Mamede,1,0,0,0,0,0,0.0
83457,Organização de sistemas de computação :,"Organick, Elliott I.",Computadores,Livro,Biblioteca Central Zila Mamede,1,0,0,0,0,0,0.0
83960,Pesquisa sobre o uso das tecnologias da informação e da comunicação no Brasil 2005 =,,Internet -,Livro,Biblioteca Central Zila Mamede,2,0,0,0,0,0,0.0
84136,Arquitetura de computadores :,"Wanderley Netto, Eduardo Bráulio.",Arquitetura de computadores,Livro,Biblioteca Central Zila Mamede,2,0,0,0,0,0,0.0
84208,Aplicações para o 555,"Berlin, Howard M.",Circuitos integrados,Livro,Biblioteca Central Zila Mamede,1,0,0,0,0,0,0.0
84354,HTML 4.0 sourcebook,"Graham, Ian S.,",HTML (Linguagem de marcação de documento),Livro,Biblioteca Central Zila Mamede,1,0,0,0,0,0,0.0
84378,Encyclopedia of information science and technology,,Ciência da informação,Livro,Biblioteca Central Zila Mamede,5,0,0,0,0,0,0.0
84663,Fractal programming in C,"Stevens, Roger T.,",Fractais -,Livro,Biblioteca Central Zila Mamede,1,0,0,0,0,0,0.0
84671,Comitês de agrupamentos aplicados a dados de expressão gênica,"Silva, Shirlly Christiany Macedo.",Análise de agrupamento -,Dissertação,Biblioteca Central Zila Mamede,1,0,0,0,0,0,0.0
84684,Uma ontologia para a descrição da semântica da IMML,"Lira, Heremita Brasileiro.",Interface do usuário (Sistema de computador) -,Dissertação,Biblioteca Central Zila Mamede,1,0,0,0,0,0,0.0
84946,Programming in Lua,"Ierusalimschy, Roberto.",Lua (Linguagem de programação),Livro,Biblioteca Central Zila Mamede,1,0,0,0,0,0,0.0
84947,First Internacional Conference on Graph Transformation. -,"International Conference on Graph Transformation  (1. : 2002 : Barcelona, Spain).",Programas de computador -,Livro,Biblioteca Central Zila Mamede,1,0,0,0,0,0,0.0
84948,Third Internacional Conference on Graph Transformation. -,"International Conference on Graph Transformation  (3. : 2006 : Natal, RN, Brasil).",Programas de computador -,Livro,Biblioteca Central Zila Mamede,1,0,0,0,0,0,0.0
84950,Artigos selecionados :,"Semana de Computação  (2005 : Natal, RN).",Computação -,Livro,Biblioteca Central Zila Mamede,1,0,0,0,0,0,0.0
85003,Projeto e implementação de uma plataforma MP-SoC usando SystemC,"Rego, Rodrigo Soares de Lima Sá.",Redes em chip -,Dissertação,Biblioteca Central Zila Mamede,1,0,0,0,0,0,0.0
85015,Malha de interconexão para sistemas em chip único,"Silva, José Iran Saraiva da.",Redes em chip -,Dissertação,Biblioteca Central Zila Mamede,1,0,0,0,0,0,0.0
85037,Bricks :,"Souza, Frederico Borelli de.",Software -,Dissertação,Biblioteca Central Zila Mamede,1,0,0,0,0,0,0.0
85230,Sistema inteligente para detecção de manchas de óleo na superfície marinha através de imagens de SAR,"Souza, Danilo Lima de.",Algoritmo -,Dissertação,Biblioteca Central Zila Mamede,1,0,0,0,0,0,0.0
85233,Especificação e implementação de uma linguagem para transformação de modelos MOF em repositórios dMOF,"Lins, Hertz Wilton de Castro.",Metamodelos -,Dissertação,Biblioteca Central Zila Mamede,1,0,0,0,0,0,0.0
85237,Análise de desempenho experimental de redes IEEE 802.3.,"Valentim, Ricardo Alexsandro de Medeiros.",Redes industriais -,Dissertação,Biblioteca Central Zila Mamede,1,0,0,0,0,0,0.0
85289,Concepção de circuitos integrados,,Circuitos integrados (Computadores),Livro,Biblioteca Central Zila Mamede,2,0,0,0,0,0,0.0
85291,Teoria da computação :,"Diverio, Tiaraju A.",Computação,Livro,Biblioteca Central Zila Mamede,5,0,0,0,0,0,0.0
85294,Fundamentos de arquitetura de computadores,"Weber, Raul Fernando.",Arquitetura de computador,Livro,Biblioteca Central Zila Mamede,2,0,0,0,0,0,0.0
85437,Arquitetura de computadores pessoais,"Weber, Raul Fernando.",Arquitetura de computador,Livro,Biblioteca Central Zila Mamede,3,0,0,0,0,0,0.0
85439,Sistemas operacionais,"Oliveira, Rômulo Silva de.",Sistemas operacionais (Computadores),Livro,Biblioteca Central Zila Mamede,2,0,0,0,0,0,0.0
85546,Sistemas de banco de dados,"Elmasri, Ramez.",Banco de dados,Livro,Biblioteca Central Zila Mamede,1,0,0,0,0,0,0.0
85661,Redes de computadores e Internet :,"Comer, Douglas.",Redes de computadores,Livro,Biblioteca Central Zila Mamede,2,0,0,0,0,0,0.0
85686,Implementação de linguagens de programação :,"Price, Ana Maria de Alencar.",Linguagem de programação (Computadores),Livro,Biblioteca Central Zila Mamede,2,0,0,0,0,0,0.0
85712,Programando em 3 dimensões,"Watkins, Christopher D.",Computação gráfica,Livro,Biblioteca Central Zila Mamede,1,0,0,0,0,0,0.0
85874,Dinamismo de servidores de dados no sistema de arquivos dNFSP,"Hermann, Everton.",Arquivo de dados -,Dissertação,Biblioteca Central Zila Mamede,1,0,0,0,0,0,0.0
86020,Data structures and algorithms in C++,"Drozdek, Adam.",C++ (Linguagem de programação),Livro,Biblioteca Central Zila Mamede,1,0,0,0,0,0,0.0
86033,Algorithm design,"Kleinberg, Jon.",Algorítmos,Livro,Biblioteca Central Zila Mamede,1,0,0,0,0,0,0.0
86646,UNIX para redes brasileiras,"Anunciação, Heverton.",UNIX (Sistema operacional de computador),Livro,Biblioteca Central Zila Mamede,1,0,0,0,0,0,0.0
86961,Network flows :,"Ahuja, Ravindra K.,",Redes de computadores -,Livro,Biblioteca Central Zila Mamede,2,0,0,0,0,0,0.0
87380,Especificação do tipo intervalar parametrizado em CASL,"Melo, Samara Pereira da Costa.",Linguagem de programação -,Dissertação,Biblioteca Central Zila Mamede,1,0,0,0,0,0,0.0
87620,X-ARM :,"Santos, Michael Schuenck dos.",Software -,Dissertação,Biblioteca Central Zila Mamede,1,0,0,0,0,0,0.0
87701,Quantum computing,"Hirvensalo, Mika,",Computação (Tecnologia),Livro,Biblioteca Central Zila Mamede,1,0,0,0,0,0,0.0
87705,Dynamic logic,"Harel, David,",Lógica (Computador),Livro,Biblioteca Central Zila Mamede,3,0,0,0,0,0,0.0
87706,Logic in computer science :,"Huth, Michael,",Lógica de computador,Livro,Biblioteca Central Zila Mamede,1,0,0,0,0,0,0.0
87710,Complexity and real computation,,Computação,Livro,Biblioteca Central Zila Mamede,1,0,0,0,0,0,0.0
87716,Principles of program analysis,"Nielson, Flemming,",Programação (Computadores),Livro,Biblioteca Central Zila Mamede,1,0,0,0,0,0,0.0
87718,Distributed algorithms,"Lynch, Nancy A.,",Algoritmos (Computadores),Livro,Biblioteca Central Zila Mamede,1,0,0,0,0,0,0.0
87789,Distributed systems architecture :,"Puder, Arno.",Arquitetura de computador,Livro,Biblioteca Central Zila Mamede,11,0,0,0,0,0,0.0
87974,Proposta de metodologia para avaliação de redes de voz sobre IP,"Silba, Vandersilvio da.",Redes -,Dissertação,Biblioteca Central Zila Mamede,1,0,0,0,0,0,0.0
87986,Um serviço de certificação digital para plataformas de middleware,"Batista, Caio Sérgio de Vasconcelos.",Middleware -,Dissertação,Biblioteca Central Zila Mamede,1,0,0,0,0,0,0.0
87988,Analisando o desempenho do ClassAge :,"Abreu, Márjory Cristiany da Costa.",Sistemas multiagentes -,Dissertação,Biblioteca Central Zila Mamede,1,0,0,0,0,0,0.0
88193,R graphics,"Murrell, Paul.",Gráficos por computador,Livro,Biblioteca Central Zila Mamede,2,0,0,0,0,0,0.0
88375,Real-time systems :,"Kopetz, Hermann.",Processamento eletrônico de dados em tempo real,Livro,Biblioteca Central Zila Mamede,1,0,0,0,0,0,0.0
88377,OpenGL shading language,"Rost, Randi J.,",OpenGL,Livro,Biblioteca Central Zila Mamede,1,0,0,0,0,0,0.0
88384,Handbook of logic and proof techniques for computer science,"Krantz, Steven G.",Ciência da computação,Livro,Biblioteca Central Zila Mamede,3,0,0,0,0,0,0.0
88409,"Concepts, techniques, and models of computer programming","Van-Roy, Peter.",Programação (Computadores),Livro,Biblioteca Central Zila Mamede,1,0,0,0,0,0,0.0
88442,Soft real-time systems :,,Processamento de dados em tempo real,Livro,Biblioteca Central Zila Mamede,1,0,0,0,0,0,0.0
88446,Quantum computing :,"Stolze, Joachim.",Computadores Quantum,Livro,Biblioteca Central Zila Mamede,1,0,0,0,0,0,0.0
88535,Algebraic semantics of imperative programs,"Goguen, Joseph.",Linguagem de programação (Computador) -,Livro,Biblioteca Central Zila Mamede,1,0,0,0,0,0,0.0
88579,Computer graphics with OpenGL,"Hearn, Donald.",OpenGL,Livro,Biblioteca Central Zila Mamede,1,0,0,0,0,0,0.0
88850,Computer integrated manufacturing and total quality management,"Sigmon, D. M.",Indústria têxtil -,Livro,Biblioteca Central Zila Mamede,2,0,0,0,0,0,0.0
88943,Sistemas de comércio eletrônico :,,Projeto de sistemas,Livro,Biblioteca Central Zila Mamede,1,0,0,0,0,0,0.0
88990,Linguagem C :,"Silveira, Claudio Gaiger.",C (Linguagem de programação de computador) -,Folheto,Biblioteca Central Zila Mamede,1,0,0,0,0,0,0.0
89213,MPI :,,Programação paralela (Computação),Livro,Biblioteca Central Zila Mamede,1,0,0,0,0,0,0.0
89323,Um estudo algorítmico de problemas logísticos na indústria de petróleo e gás natural,"Duarte, Herbert de Melo.",Algoritmos,Dissertação,Biblioteca Central Zila Mamede,1,0,0,0,0,0,0.0
89391,Processamento digital de imagens de sensoriamento remoto,"Crósta, Alvaro Penteado.",Sensoriamento remoto,Livro,Biblioteca Central Zila Mamede,1,0,0,0,0,0,0.0
89406,Handbook of formal languages,,Linguagem de programação (Computadores),Livro,Biblioteca Central Zila Mamede,3,0,0,0,0,0,0.0
89669,"12th Workshop on Logic, Language, Information and Computation","Workshop on Logic, Language, Information and Computation : (12. : 2005 : Florianópolis, SC)",Informática -,Livro,Biblioteca Central Zila Mamede,1,0,0,0,0,0,0.0
89735,Um modelo de interconexão de componentes para ambientes multimídia dsitribuídos,"Silva, Carlos Eduardo da.",Middleware -,Dissertação,Biblioteca Central Zila Mamede,1,0,0,0,0,0,0.0
89968,Fatores condicionantes da utilização da Internet na compra de serviços de viagens e turismo :,"Guardia, Mabel Simone de Araújo Bezerra.",Internet -,Dissertação,Biblioteca Central Zila Mamede,1,0,0,0,0,0,0.0
90228,Geração digital :,"Tapscott, Don",Internet (Redes de computação),Livro,Biblioteca Central Zila Mamede,1,0,0,0,0,0,0.0
91174,Uma abordagem através de algostitmos transgenéticos para o problema da configuração do traçado de uma rede de distribuição de gás natural,"Schmidt, Cristine Cunha.",Algoritmo (Informática) -,Dissertação,Biblioteca Central Zila Mamede,1,0,0,0,0,0,0.0
91187,Contribuições na otimização discreta por nuvem de partículas :,"Oliveira, Marilyn Cristine Serafim de.",Computação -,Dissertação,Biblioteca Central Zila Mamede,1,0,0,0,0,0,0.0
91192,Algoritmo transgenético na solução do problema do caixeiro comprador,"Bagi, Ligia Bariani.",Algoritmo -,Dissertação,Biblioteca Central Zila Mamede,1,0,0,0,0,0,0.0
91193,Segmentação fuzzy de imagens e vídeos,"Oliveira, Lucas de Melo.",Processamento de imagens -,Dissertação,Biblioteca Central Zila Mamede,1,0,0,0,0,0,0.0
91291,Desenvolvendo websites com PHP :,"Niederauer, Juliano,",PHP (Linguagem de programação de computador),Livro,Biblioteca Central Zila Mamede,3,0,0,0,0,0,0.0
91583,Algoritmos,"Salvetti, Dirceu Douglas.",Algoritmos,Livro,Biblioteca Central Zila Mamede,1,0,0,0,0,0,0.0
91628,A implantação de um processo de engenharia de requisitos baseado no processo unificado da rational (RUP) alcançando nível 3 de maturidade da integração de modelos de capacidade e maturidade (CMMI) incluindo a utilização de práticas de métodos ágeis,"Cintra, Caroline Carbonell.",Software -,Dissertação,Biblioteca Central Zila Mamede,1,0,0,0,0,0,0.0
91629,Metodologia orientada a aspectos para a especificação de sistema tempo-real embarcados distribuidos,"Freitas, Edilson Pignaton de.",Processamento de dados em tempo real -,Dissertação,Biblioteca Central Zila Mamede,1,0,0,0,0,0,0.0
91630,Circuitos assíncronos na plataforma FPGA,"Môcho, Renato Ubiratan Reis.",Circuitos -,Dissertação,Biblioteca Central Zila Mamede,1,0,0,0,0,0,0.0
91633,Distribuição de dados para implementações paralelas do método de Lattice Boltzmann,"Schepke, Claudio.",Computação -,Dissertação,Biblioteca Central Zila Mamede,1,0,0,0,0,0,0.0
91634,Projeto de sistemas digitais complexos :,"Staehler, Wagston Tassoni.",Sistemas digitais -,Dissertação,Biblioteca Central Zila Mamede,1,0,0,0,0,0,0.0
91786,Core Java 2,"Horstmann, Cay S.,",Java (Linguagem de programação de computador),Livro,Biblioteca Central Zila Mamede,5,0,0,0,0,0,0.0
91794,Geometry of digital spaces,"Herman, Gabor T.",Processamento de imagens -,Livro,Biblioteca Central Zila Mamede,2,0,0,0,0,0,0.0
91831,A semantic web primer,"Antoniou, G.",Linguagem de programação - (Computadores),Livro,Biblioteca Central Zila Mamede,1,0,0,0,0,0,0.0
92026,Oracle database 10g :,"Hart, Matthew.",Oracle (Sistema de computador),Livro,Biblioteca Central Zila Mamede,1,0,0,0,0,0,0.0
92304,Aplicação do processo de descoberta de conhecimento em dados do Poder Judiciário do Estado do Rio Grande do Sul,"Schneider, Luís Felipe.",Gerenciamento em bases de dados -,Dissertação,Biblioteca Central Zila Mamede,1,0,0,0,0,0,0.0
92362,Informática aplicada em estruturas de concreto armado :,"Kimura, Alio.",Projeto estrutural -,Livro,Biblioteca Central Zila Mamede,1,0,0,0,0,0,0.0
92563,Contribuições ao estudo das redes complexas :,"Mendes, Gabriel Alves.",Redes -,Dissertação,Biblioteca Central Zila Mamede,1,0,0,0,0,0,0.0
92639,The art of computer programming,"Knuth, Donald Ervin,",Programação (Computadores),Livro,Biblioteca Central Zila Mamede,1,0,0,0,0,0,0.0
92726,Uma investigação sobre a utilização de processsamento paralelo no projeto de máquinas de comitê,"Magalhães, Rafael Marrocos.",Redes neurais artificiais -,Dissertação,Biblioteca Central Zila Mamede,1,0,0,0,0,0,0.0
92730,Otimização em braquiterapia de alta taxa de dose com algoritmo transgenético,"Jesus, Ricardo Marx Costa Soares de.",Algoritmos -,Dissertação,Biblioteca Central Zila Mamede,1,0,0,0,0,0,0.0
92732,Modelagem de arquiteturas reconfiguráveis com espaços Chu,"Araújo, Camila de.",Arquiteturas reconfiguráveis -,Dissertação,Biblioteca Central Zila Mamede,1,0,0,0,0,0,0.0
92849,Bridges from classical nonmonotonic logic,"Makinson, David,",Programação (Computadores),Livro,Biblioteca Central Zila Mamede,5,0,0,0,0,0,0.0
92875,Projeto e implementação em ambiente foundation fieldbus de filtragem estocástica baseada em análise de componentesd independentes,"Costa, Isabele Morais.",Processamento de sinais digitais -,Dissertação,Biblioteca Central Zila Mamede,1,0,0,0,0,0,0.0
92893,"Algoritmos inteligentes para sua auto-correção, auto-verificação e auto-validação de medidas em sensores","Pereira, David Ricardo do Vale.",Redes neurais -,Dissertação,Biblioteca Central Zila Mamede,1,0,0,0,0,0,0.0
92894,Detecção e isolamento de falhas em sistemas dinâmicos baseados em redes neurais,"Fernandes, Raphaela Galhardo.",Redes neurais -,Dissertação,Biblioteca Central Zila Mamede,1,0,0,0,0,0,0.0
92900,Controle cartesiano de manipulador redudante baseado em fusão de sinais de controle,"Dias, Anfranserai Morais.",Engenharia elétrica -,Tese,Biblioteca Central Zila Mamede,1,0,0,0,0,0,0.0
92901,Mineração de regras de associação aplicada a dados da Secretaria Municipal de Saúde de Londrina-PR,"Silva, Glauco Carlos.",Sistema de gerenciamento de bases de dados -,Dissertação,Biblioteca Central Zila Mamede,1,0,0,0,0,0,0.0
92902,Uma abordagem flexível para execução de processo de software evolutivo,"Reis, Carla Alessandra Lima.",Software -,Tese,Biblioteca Central Zila Mamede,1,0,0,0,0,0,0.0
92903,"TIPS, uma proposta de escalonamento direcionada à computação pervasiva","Real, Rodrigo Araújo.",Computação -,Dissertação,Biblioteca Central Zila Mamede,1,0,0,0,0,0,0.0
93364,Nonmonotonic reasoning :,"Brewka, Gerhard.",Inteligencia artificial,Livro,Biblioteca Central Zila Mamede,1,0,0,0,0,0,0.0
93458,The Haskell road to logic :,"Doets, Kees.",Programação de computador,Livro,Biblioteca Central Zila Mamede,1,0,0,0,0,0,0.0
93460,The automation of reasoning with incomplete information :,"Schaub, Torsten.",Inteligência artifial,Livro,Biblioteca Central Zila Mamede,1,0,0,0,0,0,0.0
93767,Gestão da tecnologia da informação :,,Tecnologia da informação,Livro,Biblioteca Central Zila Mamede,4,0,0,0,0,0,0.0
93842,IV Workshop de Tempo Real,"Simpósio Brasileiro de Redes de Computadores  (21.: 2003: Natal,RN).",Redes de computação -,Livro,Biblioteca Central Zila Mamede,1,0,0,0,0,0,0.0
94580,Gerenciamento de redes :,,Redes de computadores,Livro,Biblioteca Central Zila Mamede,1,0,0,0,0,0,0.0
94591,III Workshop em Segurança de Sistemas Computacionais (WSeg),"Simpósio Brasileiro de Redes de Computadores  (21. : 2003 : Natal, RN).",Redes de computação -,Livro,Biblioteca Central Zila Mamede,1,0,0,0,0,0,0.0
94606,APSEE - Metrics :,"Garcia Júnior, Paulo Roberto.",Processos de software -,Dissertação,Biblioteca Central Zila Mamede,1,0,0,0,0,0,0.0
94702,Instalando a sua própria rede,"Sasser, Suzan B.",Redes de computação,Livro,Biblioteca Central Zila Mamede,1,0,0,0,0,0,0.0
94892,Geração de interfaces de usuário de sistemas web para múltiplos dispositivos com o uso de componentes de IU,"Souza, Lirisnei Gomes de.",Interface do usuário -,Dissertação,Biblioteca Central Zila Mamede,1,0,0,0,0,0,0.0
94958,"Peter Norton, windows NT :","Norton, Peter,",Windows NT (Sistema operacional de computador),Livro,Biblioteca Central Zila Mamede,1,0,0,0,0,0,0.0
95421,Mesh generation from imaging data,"Siqueira, Marcelo.",Processamento digital de imagens -,Tese,Biblioteca Central Zila Mamede,1,0,0,0,0,0,0.0
95679,Especificação e implementação de um protótipo de serviço web para buscas baseadas em contextos compartilhados definidos a partir de sintagmas e relacionamentos,"Paiva, Fábio Augusto Procópio de.",Busca na internet -,Dissertação,Biblioteca Central Zila Mamede,1,0,0,0,0,0,0.0
95680,EIT :,"Holanda, Maristela Terto de.",Banco de dados,Tese,Biblioteca Central Zila Mamede,1,0,0,0,0,0,0.0
95687,Renderizações não fotorealísticas para estilização de imagens e vídeos ussando areia colorida,"Britto Neto, Launrindo de Sousa.",Computação gráfica -,Dissertação,Biblioteca Central Zila Mamede,1,0,0,0,0,0,0.0
95788,Análise de desempenho de sistemas distribuídos de grande porte na plataforma Java,"Lima, Gleydson de Azevedo Ferreira.",Sistemas distribuídos -,Dissertação,Biblioteca Central Zila Mamede,1,0,0,0,0,0,0.0
95970,GeOntoQuery :,"Viegas, Renata Fernandes.",Banco de dados geográficos -,Dissertação,Biblioteca Central Zila Mamede,1,0,0,0,0,0,0.0
96118,Programação estruturada de computadores :,,Algoritmos,Livro,Biblioteca Central Zila Mamede,2,0,0,0,0,0,0.0
96149,"Especificação e implementação de um modelo assíncrono para replicação, propagação e conciliação de bases de dados distribuídos","Oliveira, Vinicius Fernandes de.",Bases de dados -,Dissertação,Biblioteca Central Zila Mamede,1,0,0,0,0,0,0.0
96855,Introdução à estatística :,"Bisquerra Alzina, Rafael.",Estatística,Livro,Biblioteca Central Zila Mamede,1,0,0,0,0,0,0.0
96871,Arquiteturas de redes de computadores OSI e TCP/IP,,Arquitetura de rede de computador,Livro,Biblioteca Central Zila Mamede,1,0,0,0,0,0,0.0
96914,MCSE training kit :,,Processamento de dados eletrônicos -,Livro,Biblioteca Central Zila Mamede,2,0,0,0,0,0,0.0
96975,CCNA :,"Lammle, Todd.",Processamento eletrônico de dados,Livro,Biblioteca Central Zila Mamede,1,0,0,0,0,0,0.0
96976,Cisco LAN switching,"Clark, Kennedy.",Redes locais de computação,Livro,Biblioteca Central Zila Mamede,1,0,0,0,0,0,0.0
96978,Supporting service level agreements on IP networks,"Verma, Dinesh,",Indústria da Internet -,Livro,Biblioteca Central Zila Mamede,1,0,0,0,0,0,0.0
96984,Internet routing :,"Halabi, Bassam.",Internet (Redes de computação),Livro,Biblioteca Central Zila Mamede,1,0,0,0,0,0,0.0
97511,Software livre :,"Silveira, Sérgio Amadeu da.",Sistemas especialistas (Computação),Livro,Biblioteca Central Zila Mamede,1,0,0,0,0,0,0.0
97538,Modelamento de superfícies seletivas de freqüências e antenas de microfita utilizando redes neurais artificiais,"Silva, Patric Lacouth da.",Redes neurais artificiais -,Dissertação,Biblioteca Central Zila Mamede,1,0,0,0,0,0,0.0
97562,Bridge :,"Silva, Salerno Ferreira de Sousa e.",Interface de usuário -,Dissertação,Biblioteca Central Zila Mamede,1,0,0,0,0,0,0.0
97564,JCML - Java Card Modleing Language :,"Souza Neto, Plácido Antônio.",Métodos formais -,Dissertação,Biblioteca Central Zila Mamede,1,0,0,0,0,0,0.0
97735,BSmart :,"Gomes, Bruno Emerson Gurgel.",Java Card -,Dissertação,Biblioteca Central Zila Mamede,1,0,0,0,0,0,0.0
97863,Utilizando pesos estáticos e dinâmicos em sistemas multi-classificadores com diferentes níveis de diversidade,"Paradeda, Raul Benites.",Inteligência computacional -,Dissertação,Biblioteca Central Zila Mamede,1,0,0,0,0,0,0.0
98123,Advanced IP network design,"Retana, Alvaro.",Redes locais de computação,Livro,Biblioteca Central Zila Mamede,1,0,0,0,0,0,0.0
98211,Estruturas de dados,,Estruturas de dados (Computação),Livro,Biblioteca Central Zila Mamede,2,0,0,0,0,0,0.0
98649,3D studio 3.0 :,"Elliot, Steven.",Computação gráfica,Livro,Biblioteca Central Zila Mamede,1,0,0,0,0,0,0.0
98855,"RIMS symposia on software science and engineering, Kyoto, 1982 :",,Programação (computadores),Livro,Biblioteca Central Zila Mamede,2,0,0,0,0,0,0.0
99006,Parallel processing of discrete problems,,Processamento paralelo (Computadores),Livro,Biblioteca Central Zila Mamede,1,0,0,0,0,0,0.0
99121,Uma análise comparativa entre sistemas de combinação de classificadores com distribuição vertical de dados,"Santana, Laura Emmanuella Alves.",Computação -,Dissertação,Biblioteca Central Zila Mamede,1,0,0,0,0,0,0.0
99177,The HP virtual server environment :,"Herington, Dan.",Sistema de computação virtual,Livro,Biblioteca Central Zila Mamede,1,0,0,0,0,0,0.0
99994,Model checking,"Clarke, E. M.,",Sistemas de computação -,Livro,Biblioteca Central Zila Mamede,2,0,0,0,0,0,0.0
100008,Introduction to Montague semantics,"Dowty, David R.",Gramática (Computação),Livro,Biblioteca Central Zila Mamede,1,0,0,0,0,0,0.0
100034,Quantum cryptography and secret-key distillation,"Van Assche, Gilles.",Encriptação (Informática),Livro,Biblioteca Central Zila Mamede,1,0,0,0,0,0,0.0
100265,Practical OCaml,"Smith, Joshua B.",Linguagem de programação (Computadores),Livro,Biblioteca Central Zila Mamede,2,0,0,0,0,0,0.0
100283,Purely functional data structures,"Okasaki, Chris.",Estruturas de dados,Livro,Biblioteca Central Zila Mamede,2,0,0,0,0,0,0.0
100284,A first course in scientific computing :,"Landau, Rubin H.",Ciência -,Livro,Biblioteca Central Zila Mamede,4,0,0,0,0,0,0.0
100293,Simulation with Arena,"Kelton, W. David.",Simulação (Computadores),Livro,Biblioteca Central Zila Mamede,4,0,0,0,0,0,0.0
101184,Language in action :,"Benthem, J. F. A. K. van,",Linguagem e lógica,Livro,Biblioteca Central Zila Mamede,3,0,0,0,0,0,0.0
101185,Modern compiler implementation in ML,"Appel, Andrew W.,",ML (Linguagem de programação de computador),Livro,Biblioteca Central Zila Mamede,2,0,0,0,0,0,0.0
101205,Safeware :,"Leveson, Nancy G.",Computadores -,Livro,Biblioteca Central Zila Mamede,1,0,0,0,0,0,0.0
101245,Z :,"Diller, Antoni.",Z (Linguagem de programação de computador),Livro,Biblioteca Central Zila Mamede,2,0,0,0,0,0,0.0
101249,The definition of standard ML :,,ML (Linguagem de programação de computador),Livro,Biblioteca Central Zila Mamede,2,0,0,0,0,0,0.0
101251,Systems and software verification :,,Sistemas de computadores -,Livro,Biblioteca Central Zila Mamede,2,0,0,0,0,0,0.0
101505,Axiomatic domain theory in categories of partial maps,"Fiore, Marcelo P.",Linguagem de programação (Computadores) -,Livro,Biblioteca Central Zila Mamede,2,0,0,0,0,0,0.0
101762,Computer-aided reasoning :,"Kaufmann, Matt.",Método formal(Ciência da computação),Livro,Biblioteca Central Zila Mamede,1,0,0,0,0,0,0.0
101903,Logic programming with Prolog,"Bramer, M. A.",Prolog (Linguagem de programação),Livro,Biblioteca Central Zila Mamede,1,0,0,0,0,0,0.0
101912,Types for proofs and programs :,,Lógica de computador,Livro,Biblioteca Central Zila Mamede,2,0,0,0,0,0,0.0
101913,Types for proofs and programs :,,Programação (Computadores),Livro,Biblioteca Central Zila Mamede,1,0,0,0,0,0,0.0
101916,Automated reasoning :,,Inteligência artificial,Livro,Biblioteca Central Zila Mamede,4,0,0,0,0,0,0.0
102123,Proof and disproof in formal logic :,"Bornat, Richard,",Programação lógica (Computação),Livro,Biblioteca Central Zila Mamede,1,0,0,0,0,0,0.0
102130,Theorem proving in higher order logics :,,Demonstração automática de teoremas,Livro,Biblioteca Central Zila Mamede,5,0,0,0,0,0,0.0
102162,Isabelle :,"Paulson, Lawrence C.",Isabelle(Porgrama de computador),Livro,Biblioteca Central Zila Mamede,3,0,0,0,0,0,0.0
102222,Refinement techniques in software engineering,,Engenharia de software,Livro,Biblioteca Central Zila Mamede,1,0,0,0,0,0,0.0
102300,Wireless technician's handbook,"Miceli, Andrew.",Internet,Livro,Biblioteca Central Zila Mamede,3,0,0,0,0,0,0.0
102367,Modern cryptography :,"Mao, Wenbo.",Criptografia de dados(Computação),Livro,Biblioteca Central Zila Mamede,1,0,0,0,0,0,0.0
102442,Windows NT 3.5 :,"Stinson, Craig,",Windows NT (Programa de computador),Livro,Biblioteca Central Zila Mamede,1,0,0,0,0,0,0.0
102448,Voice over IP fundamentals,"Davidson, Jonathan.",Internet (Redes de computação) -,Livro,Biblioteca Central Zila Mamede,1,0,0,0,0,0,0.0
102449,Excelência em software,"Shiller, Larry,",Sofware -,Livro,Biblioteca Central Zila Mamede,1,0,0,0,0,0,0.0
102553,Frame relay internetworking,"Henderson, Liza.",Frame relay (Transmissão de dados),Livro,Biblioteca Central Zila Mamede,1,0,0,0,0,0,0.0
102557,Planning for Windows 2000,"Cone, Eric.",Servidor Microsoft Windows,Livro,Biblioteca Central Zila Mamede,1,0,0,0,0,0,0.0
102559,Microsoft Exchange Server 2003 :,"Stanek, William R.,",Exchange Server (Programa de computador),Livro,Biblioteca Central Zila Mamede,1,0,0,0,0,0,0.0
102561,Universal wireless personal communications,"Prasad, Ramjee.",Sistema de comunicação Wireless,Livro,Biblioteca Central Zila Mamede,1,0,0,0,0,0,0.0
102570,MCSE training kit : Microsoft Windows 2000 advanced server clustering services,,Sistemas operacionais (Computadores),Livro,Biblioteca Central Zila Mamede,1,0,0,0,0,0,0.0
102647,A crise do software no ano 2000 :,"Ulrich, William M.",Indústria de software,Livro,Biblioteca Central Zila Mamede,1,0,0,0,0,0,0.0
102810,Tools and algorithms for the construction and analysis of systems :,"TACAS 2002  (2002 : Grenoble, France)",Sistema de computadores -,Livro,Biblioteca Central Zila Mamede,1,0,0,0,0,0,0.0
102811,Types for proofs and programs :,"TYPES '99 (1999 : Lökeberg, Sweden)",Programação de computadores -,Livro,Biblioteca Central Zila Mamede,1,0,0,0,0,0,0.0
102868,Um estudo sobre técnicas para atualização automática de hiperdocumentos no World Wide Web,"Kuhn, Rafael Vilarino.",World Wide Web,Dissertação,Biblioteca Central Zila Mamede,1,0,0,0,0,0,0.0
102934,Advanced topics in types and programming languages,,Linguagem de programação (Computadores),Livro,Biblioteca Central Zila Mamede,2,0,0,0,0,0,0.0
102962,Especificações em Z :,"Moura, Arnaldo Vieira.",Engenharia de Software,Livro,Biblioteca Central Zila Mamede,1,0,0,0,0,0,0.0
102964,Parallel and distributed programming using C++,"Hughes, Cameron.",Linguagem de Programação,Livro,Biblioteca Central Zila Mamede,1,0,0,0,0,0,0.0
102967,Compiladores :,"Louden, Kenneth C.",Compiladores (Programas de computador),Livro,Biblioteca Central Zila Mamede,1,0,0,0,0,0,0.0
102969,Patterns for parallel programming,"Mattson, Timothy G.",Programação Paralela,Livro,Biblioteca Central Zila Mamede,1,0,0,0,0,0,0.0
103018,Software abstractions :,"Jackson, Daniel.",Software -,Livro,Biblioteca Central Zila Mamede,3,0,0,0,0,0,0.0
103098,Estudo da viabilidade do desenvolvimento de sistemas integrados baseados em redes em chip sem processadores :,"Araújo, Sílvio Roberto Fernandes de.",Sistemas em chip (SoC) -,Dissertação,Biblioteca Central Zila Mamede,1,0,0,0,0,0,0.0
103101,CES - um mecanismo genérico de composição de eventos para sistemas sensíveis ao contexto,"Lopes, Frederico Araújo da Silva.",Sistemas distribuídos (Ciências da Computação) -,Dissertação,Biblioteca Central Zila Mamede,1,0,0,0,0,0,0.0
103326,Cultura da interface :,"Johnson, Steven.",Tecnologia da informação,Livro,Biblioteca Central Zila Mamede,1,0,0,0,0,0,0.0
103676,Turing e o computador em 90 minutos,"Strathern, Paul,","Turing, Alan Mathison,",Livro,Biblioteca Central Zila Mamede,2,0,0,0,0,0,0.0
103810,Um ambiente multi-middleware para desenvolvimento de aplicações distribuídas,"Almeida, André Gustavo Duarte de.",Middleware -,Dissertação,Biblioteca Central Zila Mamede,1,0,0,0,0,0,0.0
103817,Avaliação de reusabilidade de aplicações web baseadas em frameworks orientadas a ações e a componentes :,"Dantas, André Medeiros.",Reusabilidade de software -,Dissertação,Biblioteca Central Zila Mamede,1,0,0,0,0,0,0.0
104461,SuRFE - Sub-rede de filtragens específicas,"Galvão, Ricardo Kleber Martins.",Segurança de informação -,Dissertação,Biblioteca Central Zila Mamede,1,0,0,0,0,0,0.0
104584,A verdadeira história do IG,"Cortes, Pedro Luiz.",Internet (Redes de computação),Livro,Biblioteca Central Zila Mamede,1,0,0,0,0,0,0.0
105259,Theorem proving in higher order logics :,,Demonstração automática de teoremas,Livro,Biblioteca Central Zila Mamede,1,0,0,0,0,0,0.0
105958,Bert Monroy :,"Monroy, Bert.",Computação gráfica,Livro,Biblioteca Central Zila Mamede,1,0,0,0,0,0,0.0
106188,Inside the machine :,"Stokes, Jon,",Arquitetura de computador,Livro,Biblioteca Central Zila Mamede,1,0,0,0,0,0,0.0
106189,Construindo redes cisco de acesso remoto,"Paquet, Catherine.",Redes de computadores -,Livro,Biblioteca Central Zila Mamede,2,0,0,0,0,0,0.0
106192,Qualidade e produtividade em software :,,Software -,Livro,Biblioteca Central Zila Mamede,1,0,0,0,0,0,0.0
106193,Redes de computadores :,"Pericas, Francisco Adell.",Internet (Redes de computação),Livro,Biblioteca Central Zila Mamede,1,0,0,0,0,0,0.0
106195,Testes de software :,"Molinari, Leonardo.",Software -,Livro,Biblioteca Central Zila Mamede,1,0,0,0,0,0,0.0
106529,Aquisição de tratamento de dados para um sistema geográfico de informações,"Oliveira, Misae Odo Bueno de.",Sistema geográfico de informações -,Dissertação,Biblioteca Central Zila Mamede,1,0,0,0,0,0,0.0
106531,Proposta de um sistema de software para teste de satélites,"Ambroz, Guido Milan.",Sistema de Software -,Dissertação,Biblioteca Central Zila Mamede,1,0,0,0,0,0,0.0
106651,Vencendo na economia digital,"Alves, Luiz.",Comércio eletrônico,Livro,Biblioteca Central Zila Mamede,1,0,0,0,0,0,0.0
107682,Estudo dirigido Turbo Pascal,"Manzano, Jose Augusto N. G.",Turbo Pascal (Linguagem de programaçô de computador),Livro,Biblioteca Central Zila Mamede,1,0,0,0,0,0,0.0
107898,Implementação hardware/software da estimação de movimento segundo o padrão H.264,"Carvalho, Milano Gadelha.",Hardware -,Dissertação,Biblioteca Central Zila Mamede,1,0,0,0,0,0,0.0
107926,The VHDL handbook,"Coelho, David R.",VHDL (Linguagem de programação de computador),Livro,Biblioteca Central Zila Mamede,1,0,0,0,0,0,0.0
107946,JFloat :,"Silva, José Frank Viana da.",Inteligência computacional -,Dissertação,Biblioteca Central Zila Mamede,1,0,0,0,0,0,0.0
108461,Term rewriting and all that,"Baader, Franz.",Ciência da computação,Livro,Biblioteca Central Zila Mamede,3,0,0,0,0,0,0.0
109303,Tecnologia da informação :,Brasil.,Software -,Livro,Biblioteca Central Zila Mamede,2,0,0,0,0,0,0.0
109744,IV Workshop de Testes e Tolerância a Falhas (WTF),"Workshop de Testes e Tolerância a Falhas (4. : 2003 : Natal, RN).",Redes de computadores -,Livro,Biblioteca Central Zila Mamede,1,0,0,0,0,0,0.0
110087,Upgrading and repairing PCs,"Mueller, Scott.",Microcomputadores -,Livro,Biblioteca Central Zila Mamede,1,0,0,0,0,0,0.0
110647,Foundations of computational linguistics:,"Hausser, Roland R.,",Semântica de programas (Computadores),Livro,Biblioteca Central Zila Mamede,3,0,0,0,0,0,0.0
110676,Reasoning about rational agents,"Wooldridge, Michael J.,",Inteligência artificial,Livro,Biblioteca Central Zila Mamede,1,0,0,0,0,0,0.0
110911,Um middleware reflexivo e orientado a aspectos :,"Cacho, Nélio Alessandro Azevedo.",Arquitetura de computador -,Dissertação,Biblioteca Central Zila Mamede,1,0,0,0,0,0,0.0
110914,Deciding difference logic in a Nelson-Oppen combination framework,"Oliveira, Diego Caminha Barbosa de.",Procedimento de decisão -,Dissertação,Biblioteca Central Zila Mamede,1,0,0,0,0,0,0.0
111005,Uma avaliação da aplicação do modelo de Rede Neural RePART em comitês de classificadores,"Santos, Araken de Medeiros.",Redes neurais artificiais -,Dissertação,Biblioteca Central Zila Mamede,1,0,0,0,0,0,0.0
111011,Interpercepção :,"Dantas, Rummenigge Rudson.",Ambientes virtuais -,Dissertação,Biblioteca Central Zila Mamede,1,0,0,0,0,0,0.0
111013,Prova automática de satisfatibilidade módulo Teoria aplicada ao método B,"Tavares, Cláudia Fernanda O. K.",Métodos formais -,Dissertação,Biblioteca Central Zila Mamede,1,0,0,0,0,0,0.0
111034,H-N2N :,"Burlamaqui, Aquiles Medeiros Filgueira.",Sistemas distribuídos -,Tese,Biblioteca Central Zila Mamede,1,0,0,0,0,0,0.0
111832,Visual IMML :,"Machado, Thais Lima.",Engenharia de software,Dissertação,Biblioteca Central Zila Mamede,2,0,0,0,0,0,0.0
112921,Criptografia e segurança :,"Burnett, Steve.",Criptografia de dados (Computação),Livro,Biblioteca Central Zila Mamede,2,0,0,0,0,0,0.0
113842,Quattro:,"Swenssor, Quirino Ponton.",Quattro (Programa de computador),Livro,Biblioteca Central Zila Mamede,1,0,0,0,0,0,0.0
114057,Psicologia e informática :,Conselho Regional de Psicologia.,Psicologia -,Livro,Biblioteca Central Zila Mamede,1,0,0,0,0,0,0.0
114142,Uma arquitetura de referência para o desenvolvimento de sistemas interativos multiplataformas,"Fonseca, Fabíola Mariz da.",Engenharia de software -,Dissertação,Biblioteca Central Zila Mamede,1,0,0,0,0,0,0.0
114181,Algoritmos de agrupamento aplicados a dados de expressão gênica de câncer :,"Araújo, Daniel Sabino Amorim de.",Inteligência artificial -,Dissertação,Biblioteca Central Zila Mamede,1,0,0,0,0,0,0.0
114358,Psicologia e informática,,Psicologia aplicada à informática,Livro,Biblioteca Central Zila Mamede,1,0,0,0,0,0,0.0
114802,Utilidades del SPSS-PC+ :,"Sánchez Carrión, Juan Javier.",SPSS (Software),Livro,Biblioteca Central Zila Mamede,1,0,0,0,0,0,0.0
115260,O mercado de software no Brasil :,,Software -,Livro,Biblioteca Central Zila Mamede,1,0,0,0,0,0,0.0
115808,Avaliação da usabilidade de websites de hotéis segundo as heurísticas de Nielson :,"Oliveira, Ana Paula dos Santos.",Internet -,Dissertação,Biblioteca Central Zila Mamede,1,0,0,0,0,0,0.0
115831,RoboEduc :,"Castro, Viviane Gurgel de.",Robótica -,Dissertação,Biblioteca Central Zila Mamede,1,0,0,0,0,0,0.0
115841,Recent advances in formal languages and applications,,Linguagem de programação,Livro,Biblioteca Central Zila Mamede,2,0,0,0,0,0,0.0
115886,Formal languages and applications,,Linguagem de programação,Livro,Biblioteca Central Zila Mamede,2,0,0,0,0,0,0.0
115974,The brain :,"Rocha, A. F.",Rede neural,Livro,Biblioteca Central Zila Mamede,2,0,0,0,0,0,0.0
116004,Relational methods in computer science :,,Informática,Livro,Biblioteca Central Zila Mamede,2,0,0,0,0,0,0.0
116010,Theorem proving in higher order logics :,,Informática,Livro,Biblioteca Central Zila Mamede,2,0,0,0,0,0,0.0
116013,Relations and Kleene algebra in computer science :,,Lógica algébrica,Livro,Biblioteca Central Zila Mamede,2,0,0,0,0,0,0.0
116043,Banco de dados :,"Setzer, Valdemar Waingort.",Banco de dados,Livro,Biblioteca Central Zila Mamede,1,0,0,0,0,0,0.0
116044,"Logic, language, and computation :",,Programação lógica (Computação),Livro,Biblioteca Central Zila Mamede,2,0,0,0,0,0,0.0
116045,Logic programming and nonmonotonic reasoning :,"LPNMR 2007 (2007 : Tempe, Ariz.).",Programação lógica -,Livro,Biblioteca Central Zila Mamede,1,0,0,0,0,0,0.0
116047,Modeling and inverse problems in imaging analysis,"Chalmond, Bernard,",Processamento de imagem -,Livro,Biblioteca Central Zila Mamede,4,0,0,0,0,0,0.0
116111,Validade e confiabilidade da versão informatizada do Inventário Millon de Estilos de Personalidade,"Barros, Alyson Canindé Macêdo de.","Millon, Theodore -",Dissertação,Biblioteca Central Zila Mamede,1,0,0,0,0,0,0.0
116159,Dilema da diversidade-acurácia :,"Oliveira, Diogo Fagundes de.",Inteligência computacional -,Dissertação,Biblioteca Central Zila Mamede,1,0,0,0,0,0,0.0
116165,Utilizando mapas de conectividade fuzzy no desenvolvimento de algoritmos reparadores de imagens binárias 3D,"Cosme, Íria Caline Saraiva.",Processamento digital de imagens -,Dissertação,Biblioteca Central Zila Mamede,1,0,0,0,0,0,0.0
116341,Tecnologia da informação :,Brasil.,Software -,Livro,Biblioteca Central Zila Mamede,2,0,0,0,0,0,0.0
116349,Computation and logic in the real world :,,Inteligência computacional,Livro,Biblioteca Central Zila Mamede,2,0,0,0,0,0,0.0
116350,Computer science logic :,,Lógica de computador,Livro,Biblioteca Central Zila Mamede,2,0,0,0,0,0,0.0
116654,Uma abordagem baseada em aspectos e composição dinâmica para a construção de aplicações adaptativas cientes ao contexto,"Santos, Isanio Lopes Araújo.",Computação ubíqua -,Dissertação,Biblioteca Central Zila Mamede,1,0,0,0,0,0,0.0
116760,Semantic Web technologies :,"Davies, John.",Semântica Web,Livro,Biblioteca Central Zila Mamede,4,0,0,0,0,0,0.0
116764,"Rough sets, fuzzy sets, data mining and granular computing",,Inteligência artificial,Livro,Biblioteca Central Zila Mamede,2,0,0,0,0,0,0.0
117215,A logical approach to discrete math,"Gries, David,",Computação -,Livro,Biblioteca Central Zila Mamede,2,0,0,0,0,0,0.0
117339,Programação orientada a objetos com Java,"Barnes, David J.",Programação orientada a objetos (Computação),Livro,Biblioteca Central Zila Mamede,2,0,0,0,0,0,0.0
117937,A inovação tecnológica e as dinâmicas locais :,"Ferreira, Laércio de Matos.",Programas de computador -,Livro,Biblioteca Central Zila Mamede,5,0,0,0,0,0,0.0
117957,"Uma implementação paralela híbrida para o problema do caixeira viajante usando algoritmos genéticos, GRASP e aprendizagem por reforço","Santos, João Paulo Queiroz dos.",Metaheurísticas GRASP -,Dissertação,Biblioteca Central Zila Mamede,1,0,0,0,0,0,0.0
118153,Informática e competências tecnológicas para a sociedade da informação,"Ribeiro, Nuno Magalhães.",Informática,Livro,Biblioteca Central Zila Mamede,1,0,0,0,0,0,0.0
118592,Campus computing report.br 2004 :,,Computação -,Livro,Biblioteca Central Zila Mamede,2,0,0,0,0,0,0.0
118597,Campus computing report.br 2005 :,,Computação -,Livro,Biblioteca Central Zila Mamede,1,0,0,0,0,0,0.0
118830,WebFlowAh :,"Mendes Júnior, José Reginaldo de Sousa.",Web semântica -,Dissertação,Biblioteca Central Zila Mamede,1,0,0,0,0,0,0.0
118988,Algoritmo Q-learning como estratégia de exploração e/ou explotação para as metaheurísticas GRASP e algoritmo genético,"Lima Júnior, Francisco Chagas de.",Algoritmos genéticos -,Tese,Biblioteca Central Zila Mamede,1,0,0,0,0,0,0.0
119129,Lógicas BDI fussy,"Cruz, Anderson Paiva.",Lógica (Computação) -,Dissertação,Biblioteca Central Zila Mamede,1,0,0,0,0,0,0.0
119150,Processamento e análise de imagens aplicados na caracterização da superfície do titânio submetido a um ensaio de cultura de células,"Araújo, Franciéric Alves de.",Processamento e análise de imagens -,Dissertação,Biblioteca Central Zila Mamede,1,0,0,0,0,0,0.0
119156,Métricas para avaliação de sistemas de middleware orientado a aspectos e aplicação em um sistema de monitoramento de poços de petróleo,"Freitas, Tássia Aparecida Vieira de.",Sistemas de middleware -,Dissertação,Biblioteca Central Zila Mamede,1,0,0,0,0,0,0.0
119891,DOS :,"Gookin, Dan.",MS-DOS (Sistema Operacional de computador),Livro,Biblioteca Central Zila Mamede,1,0,0,0,0,0,0.0
120031,Revisões estruturadas =,"Yourdon, Edward,",Revisão estruturada (Computação),Livro,Biblioteca Central Zila Mamede,1,0,0,0,0,0,0.0
120452,A acessibilidade como veículo de inclusão social :,"Santos Júnior, Zulmar Jofli dos.",Interação homem-computador (Deficientes visuais) -,Dissertação,Biblioteca Central Zila Mamede,1,0,0,0,0,0,0.0
120639,Um modelo de educação ubíqua orientado à consciência do contexto de aprendiz,"Barbosa, Débora Nice Ferrari.",Educação ubíqua -,Tese,Biblioteca Central Zila Mamede,1,0,0,0,0,0,0.0
120687,Tecnologia da informação :,"Guerra, Ana Cervigni.",Tecnologia da informação,Livro,Biblioteca Central Zila Mamede,3,0,0,0,0,0,0.0
121147,Navegando com segurança :,"Oliveira, Adelize Generini de.",Internet e crianças,Livro,Biblioteca Central Zila Mamede,3,0,0,0,0,0,0.0
121195,AO-OIL :,"Silva, José Diego Saraiva da.",Middleware -,Dissertação,Biblioteca Central Zila Mamede,1,0,0,0,0,0,0.0
121601,Animação de humanos virtuais aplicada para Língua Brasileira de Sinais,"Schneider, Andréia Rodrigues de Assunção.",Computação gráfica -,Dissertação,Biblioteca Central Zila Mamede,1,0,0,0,0,0,0.0
121602,Proposta de suporte XML para ambiente de desenvolvimento de sistemas virtuais interativos baseados em gramáticas,"Telecken, Tiago Lopes.",XML (Linguagem de Programação de Computador) -,Tese,Biblioteca Central Zila Mamede,1,0,0,0,0,0,0.0
121603,Codificador sem perdas e aproximadamente sem perdas adaptativo ao contexto para angiografias digitais,"Santos, Rafael Augusto Penna dos.",Processamento de imagens -,Dissertação,Biblioteca Central Zila Mamede,1,0,0,0,0,0,0.0
121634,Programação de jogos com C++ e directx,"Santee, André.",Programa de computador -,Livro,Biblioteca Central Zila Mamede,1,0,0,0,0,0,0.0
121640,Desenvolvimento de jogos 3D e aplicações em realidade virtual,,Jogos por computador -,Livro,Biblioteca Central Zila Mamede,1,0,0,0,0,0,0.0
121666,Essential SNMP,"Mauro, Douglas R.",Redes de computação -,Livro,Biblioteca Central Zila Mamede,1,0,0,0,0,0,0.0
121706,DNS and BIND,"Albitz, Paul.",Internet (Redes de computação.),Livro,Biblioteca Central Zila Mamede,1,0,0,0,0,0,0.0
121741,Word XP avançado,"Savichi, Louiseana Borges.",Word XP (Programa de computador),Livro,Biblioteca Central Zila Mamede,1,0,0,0,0,0,0.0
121746,Responsabilidade civil dos provedores de serviços de internet,"Leonardi, Marcel.",Responsabilidade (Direito),Livro,Biblioteca Central Zila Mamede,1,0,0,0,0,0,0.0
121809,Microsoft Windows Server 2003 :,"Stanek, William R.,",Windows Server (Sistema operacional de computador),Livro,Biblioteca Central Zila Mamede,1,0,0,0,0,0,0.0
121948,Virtual private networks,"Scott, Charlie.",Internet,Livro,Biblioteca Central Zila Mamede,1,0,0,0,0,0,0.0
122138,Programando com Delphi 6 para internet,"Oliveira, Adelize Generini de.",Delphi (Programa de computador),Livro,Biblioteca Central Zila Mamede,3,0,0,0,0,0,0.0
122189,Microsoft SQL Server 2005 administrator's pocket consultant,"Stanek, William R.",SQL(Linguagem de programa de computador),Livro,Biblioteca Central Zila Mamede,1,0,0,0,0,0,0.0
122190,Microsoft Exchange server 2007 administrator's pocket consultant,"Stanek, William R.",Microsoft Exchange server,Livro,Biblioteca Central Zila Mamede,1,0,0,0,0,0,0.0
122191,Cisco internetwork design,,Interconexão de redes(Telecomunicações),Livro,Biblioteca Central Zila Mamede,1,0,0,0,0,0,0.0
122484,Análise de desempenho de estratégias de retransmissão para o mecanismo HCCA do padrão de redes sem fio IEEE 802.11e,"Viegas, Carlos Manuel Dias.",Redes sem fio -,Dissertação,Biblioteca Central Zila Mamede,2,0,0,0,0,0,0.0
122486,"Metodologia para modelagem, validação e programação de controladores lógicos industriais usando statecharts básicos","Moura, Raimundo Santos.",Modelagem,Tese,Biblioteca Central Zila Mamede,2,0,0,0,0,0,0.0
122491,Identificação remota de sistemas operacionais utilizando análise de processos aleatórios e redes neurais artificiais,"Medeiros, João Paulo de Souza.",Sistemas operacionais -,Dissertação,Biblioteca Central Zila Mamede,1,0,0,0,0,0,0.0
122492,Firewall de aplicação para redes industriais,"Batista Júnior, Aguinaldo Bezerra.",Proteção de infra-estrutura crítica -,Dissertação,Biblioteca Central Zila Mamede,1,0,0,0,0,0,0.0
122494,Uma ferramenta de manipulação de pacotes para análise de protocolos de redes industriais baseados em TCP/IP,"Kobayashi, Tiago Hiroshi.",Protocolos industriais -,Dissertação,Biblioteca Central Zila Mamede,1,0,0,0,0,0,0.0
122668,Handbook of temporal reasoning in artificial intelligence,,Banco de dados temporais,Livro,Biblioteca Central Zila Mamede,2,0,0,0,0,0,0.0
123657,Aprendendo a navegar na web,"Nicácio, Jalves Mendonça.",Internet,Livro,Biblioteca Central Zila Mamede,1,0,0,0,0,0,0.0
123813,Busca heurística através de algoritmo genético e memético com construção de vocábulos para o problema de atribuição de localidades a anéis Sonet,"Silva, Ana Cristina Girão e.",Problema de atribuição de localidade a Anéis SONET -,Dissertação,Biblioteca Central Zila Mamede,1,0,0,0,0,0,0.0
123817,Heurísticas usando construção de vocabuilário aplicadas ao problema da atribuição de localidades a anéis em redes SONET/SDH,"Soares, Werner Kleyson da Silva.",Anéis em redes Sonet -,Dissertação,Biblioteca Central Zila Mamede,1,0,0,0,0,0,0.0
123994,Estudo e implementação de algoritmos inteligentes para detecção e classificação de falhas na medição de gás natural,"Medeiros, Juliana Pegado de.",Redes neurais -,Dissertação,Biblioteca Central Zila Mamede,1,0,0,0,0,0,0.0
124110,Projeto de banco de dados :,"Machado, Felipe Nery Rodrigues.",Banco de dados,Livro,Biblioteca Central Zila Mamede,1,0,0,0,0,0,0.0
124184,Reconfiguração dinâmica de estratégias distribuídas em dispositivos (Foundations Fieldbus) para a otimização de processos na indústria do petróleo,"Ramalho, Leonardo Sávio Guanabara.",Redes neurais -,Dissertação,Biblioteca Central Zila Mamede,1,0,0,0,0,0,0.0
124193,Uma análise de métodos de distribuição de atributos em comitês de classificadores,"Vale, Karliane Medeiros Ovídio.",Inteligência artificial -,Dissertação,Biblioteca Central Zila Mamede,1,0,0,0,0,0,0.0
124277,Como fazer quase tudo com o seu computador,,Computadores,Livro,Biblioteca Central Zila Mamede,1,0,0,0,0,0,0.0
124336,Uma abordagem na camada de middleware para troca dinâmica de componentes em sistemas multímidia distribuídos baseados no framework Cosmos,"Vieira Júnior, Ivanilson França.",Multimídia -,Dissertação,Biblioteca Central Zila Mamede,1,0,0,0,0,0,0.0
124358,Implementação e avaliação de máquinas de comitê em um ambiente com múltiplos processadores embarcadosem um único chip,"Lopes, Danniel Cavalcanti.",Processamento paralelo -,Tese,Biblioteca Central Zila Mamede,2,0,0,0,0,0,0.0
124369,"Segmentação de planos baseada em homografia afim, fluxo óptico e reconstrução métrica","Aires, Kelson Rômulo Teixeira.",Visão computacional -,Tese,Biblioteca Central Zila Mamede,1,0,0,0,0,0,0.0
124837,Neural logic networks :,"Teh, H. H.",Redes neurais (Computação),Livro,Biblioteca Central Zila Mamede,1,0,0,0,0,0,0.0
124855,Tango:,"Ribeiro, Marcos Wesley de Amorim.",Programa (Informática),Livro,Biblioteca Central Zila Mamede,1,0,0,0,0,0,0.0
124917,Elements of argumentation,"Besnard, Philippe,",Inteligência artificial,Livro,Biblioteca Central Zila Mamede,1,0,0,0,0,0,0.0
124940,Basic simple type theory,"Hindley, J. Roger.",Linguagem de programação (Computadores),Livro,Biblioteca Central Zila Mamede,2,0,0,0,0,0,0.0
124959,Programming in Haskell,"Hutton, Graham,",Linguagem de programação (Computadores),Livro,Biblioteca Central Zila Mamede,2,0,0,0,0,0,0.0
124986,Metrics and models in software quality engineering,"Kan, Stephen H.",Software,Livro,Biblioteca Central Zila Mamede,5,0,0,0,0,0,0.0
125250,Mathematical foundations of information theory,"Khinchin, Aleksandr Iakovievich,",Informática,Livro,Biblioteca Central Zila Mamede,2,0,0,0,0,0,0.0
125345,AI game engine programming,"Schwab, Brian.",Jogos de computador -,Livro,Biblioteca Central Zila Mamede,1,0,0,0,0,0,0.0
125357,A new kind of science,"Wolfram, Stephen.",Ciência da computação,Livro,Biblioteca Central Zila Mamede,1,0,0,0,0,0,0.0
125544,Representation and inference for natural language :,"Blackburn, Patrick,",Semântica -,Livro,Biblioteca Central Zila Mamede,4,0,0,0,0,0,0.0
125716,Computers as components :,"Wolf, Wayne Hendrix.",Arquitetura de computadores,Livro,Biblioteca Central Zila Mamede,8,0,0,0,0,0,0.0
125724,Fatores que influenciam a aceitação de práticas avançadas de gestão de segurança da informação:,"Nobre, Anna Cláudia dos Santos.",Gestão de segurança da informação -,Dissertação,Biblioteca Central Zila Mamede,1,0,0,0,0,0,0.0
125928,F# for scientists,"Harrop, Jon D.",Fp4s (Linguagem de programação do computador),Livro,Biblioteca Central Zila Mamede,2,0,0,0,0,0,0.0
125968,Programming languages and operational semantics :,"Fernández, Maribel.",Programação de computador,Livro,Biblioteca Central Zila Mamede,4,0,0,0,0,0,0.0
125971,An introduction to lambda calculi for computer scientists,"Hankin, Chris,",Programação (Computadores),Livro,Biblioteca Central Zila Mamede,4,0,0,0,0,0,0.0
126035,"Logic, language, information and computation :",,Inteligência artificial,Livro,Biblioteca Central Zila Mamede,2,0,0,0,0,0,0.0
126057,Software architecture :,"Shaw, Mary,",Arquitetura de software,Livro,Biblioteca Central Zila Mamede,10,0,0,0,0,0,0.0
126073,The puzzle of granular computing,,Inteligência artificial,Livro,Biblioteca Central Zila Mamede,3,0,0,0,0,0,0.0
126126,The parametric lambda calculus :,"Ronchi Della Rocca, Simona.",Lambda calculus,Livro,Biblioteca Central Zila Mamede,2,0,0,0,0,0,0.0
126198,Types for proofs and programs :,,Programação (Computadores),Livro,Biblioteca Central Zila Mamede,2,0,0,0,0,0,0.0
126349,Networks on chips :,"Benini, Luca,",Arquitetura de rede,Livro,Biblioteca Central Zila Mamede,15,0,0,0,0,0,0.0
126388,Doing Internet research :,,Internet (Redes de computação) -,Livro,Biblioteca Central Zila Mamede,2,0,0,0,0,0,0.0
126392,Logical frameworks,,Sistemas de estrutura,Livro,Biblioteca Central Zila Mamede,1,0,0,0,0,0,0.0
126496,Granular computing :,"Bargiela, A.",Computação granulada,Livro,Biblioteca Central Zila Mamede,5,0,0,0,0,0,0.0
126501,The paraview guide :,"Squillacote, Amy Henderson.",ParaView (Programa de computador),Livro,Biblioteca Central Zila Mamede,2,0,0,0,0,0,0.0
126567,Aggregation functions :,"Beliakov, Gleb.",Engenharia de software,Livro,Biblioteca Central Zila Mamede,3,0,0,0,0,0,0.0
126569,Hypercomputation :,"Syropoulos, Apostolos.",Inteligência artificial,Livro,Biblioteca Central Zila Mamede,2,0,0,0,0,0,0.0
126571,Knowledge processing with interval and soft computing,,Representação do conhecimento (Teoria da informação),Livro,Biblioteca Central Zila Mamede,3,0,0,0,0,0,0.0
126604,Automated reasoning :,,Inteligência artificial,Livro,Biblioteca Central Zila Mamede,2,0,0,0,0,0,0.0
126673,Automated theorem proving in software engineering,"Schumann, Johann M.,",Engenharia de software,Livro,Biblioteca Central Zila Mamede,3,0,0,0,0,0,0.0
126680,Automated theorem proving :,"Newborn, Monty.",Inteligência artificial,Livro,Biblioteca Central Zila Mamede,3,0,0,0,0,0,0.0
126686,Computers and education :,,Ensino auxiliado por computador,Livro,Biblioteca Central Zila Mamede,2,0,0,0,0,0,0.0
126861,Chaos :,"Gleick, James.",Sistemas,Livro,Biblioteca Central Zila Mamede,1,0,0,0,0,0,0.0
126952,Palmtops para iniciantes e experts,"Trois, Julio.",Computadores de bolso,Livro,Biblioteca Central Zila Mamede,1,0,0,0,0,0,0.0
127019,Economia da Internet :,"Wyllie, Eduardo.",Marketing na internet,Livro,Biblioteca Central Zila Mamede,1,0,0,0,0,0,0.0
127025,Questões comentadas de informática :,"Souza, Glaucio Diniz de.",Informática -,Livro,Biblioteca Central Zila Mamede,1,0,0,0,0,0,0.0
127114,Implementação e análise de desempenho dos protocolos de criptografia neural e Diffie-Hellman em sistemas RFID utilizando uma plataforma embarcada,"Firmino Filho, José Macêdo.",Segurança e privacidade em sistemas RFID -,Dissertação,Biblioteca Central Zila Mamede,1,0,0,0,0,0,0.0
127165,Predição não-linear de curvas de produção de petróleo via redes neurais recursivas,"Araújo Júnior, Aldayr Dantas de.",Redes neurais artificais -,Dissertação,Biblioteca Central Zila Mamede,1,0,0,0,0,0,0.0
127176,The importance of being fuzzy :,"Sangalli, Arturo,",Computação,Livro,Biblioteca Central Zila Mamede,2,0,0,0,0,0,0.0
127277,Pro Tools overdrive!,"Donner, Matt.",Pro Tools (Programa de computador),Livro,Biblioteca Central Zila Mamede,1,0,0,0,0,0,0.0
127446,"Ambientes hipermidiáticos,",,Multimídia interativa,Livro,Biblioteca Central Zila Mamede,1,0,0,0,0,0,0.0
128027,SISOnt :,"Medeiros, Wilma Maria da Costa.",Ontologias -,Dissertação,Biblioteca Central Zila Mamede,1,0,0,0,0,0,0.0
128028,Multi-resolução com fóvea móvel pra redução e abstração da dados em tempo real,"Gomes, Rafael Beserra.",Visão robótica -,Dissertação,Biblioteca Central Zila Mamede,1,0,0,0,0,0,0.0
128032,Uma arquitetura baseado em agentes para configuração dinâmica de aplicações inteligentes em ambiente foundation fieldbus,"Machado, Vinícius Ponte.",Redes industriais -,Tese,Biblioteca Central Zila Mamede,1,0,0,0,0,0,0.0
128092,GATE - uma abrodagem baseada em middleware para aplicações interperceptivas envolvendo múltiplos dispositivos,"Dantas, Rummenigge Rudson.",Sistemas distribuídos -,Tese,Biblioteca Central Zila Mamede,1,0,0,0,0,0,0.0
128095,Estratégias de aplicações sequenciais e paralelas da metaheurística otimização por enxame de partículas ao problema do caixeiro viajante,"Silva, Thales Lima.",Problema do caixeiro viajante -,Dissertação,Biblioteca Central Zila Mamede,1,0,0,0,0,0,0.0
128208,Análise de pontos de função:,"Vazquez, Carlos Eduardo.",Análise de sistemas,Livro,Biblioteca Central Zila Mamede,1,0,0,0,0,0,0.0
128209,Engenharia de software com CMM,"Fiorini, Soeli T.",Engenharia de software,Livro,Biblioteca Central Zila Mamede,1,0,0,0,0,0,0.0
128218,CrossMDA-SPL :,"Filgueira, Geam Carlos de Araújo.",Modelagem de sistema -,Dissertação,Biblioteca Central Zila Mamede,1,0,0,0,0,0,0.0
128230,Geração automática de testes a partir de descrições de linguagens,"Antunes, Cleverton Hentz.",Linguagens de programação de computador -,Dissertação,Biblioteca Central Zila Mamede,1,0,0,0,0,0,0.0
128256,Um protocolo de comunicação multicast na camada de aplicação com consciência de localização,"Oliveira, Marlos André Marques Simões de.",Comunicação multicast na camada de aplicação -,Tese,Biblioteca Central Zila Mamede,1,0,0,0,0,0,0.0
128311,Informática para concursos :,"Antonio, João.",Informática,Livro,Biblioteca Central Zila Mamede,1,0,0,0,0,0,0.0
128450,Simulação computacional do escoamento em bombas de cavidades progressivas,"Pessoa, Paulo Alison Sousa. -",Simulação computacional -,Dissertação,Biblioteca Central Zila Mamede,1,0,0,0,0,0,0.0
128483,CDI :,Comitê para Democratização da Informática.,Informática,Livro,Biblioteca Central Zila Mamede,1,0,0,0,0,0,0.0
128493,Ambientes virtuais de aprendizagem,,Ensino auxiliado por computador,Livro,Biblioteca Central Zila Mamede,1,0,0,0,0,0,0.0
128635,1001 dicas e conselhos úteis para usar melhor seu computador :,,Computadores -,Livro,Biblioteca Central Zila Mamede,1,0,0,0,0,0,0.0
128760,Desvendando periféricos e extensões:,"Norton, Peter,",Microcomputadores,Livro,Biblioteca Central Zila Mamede,1,0,0,0,0,0,0.0
128940,Introdução à programação em Maple,"Portugal, Renato.",Maple (Linguagem de programação de computador),Livro,Biblioteca Central Zila Mamede,1,0,0,0,0,0,0.0
128944,Gerência de projetos de software :,"Quadros, Moacir.",Software -,Livro,Biblioteca Central Zila Mamede,1,0,0,0,0,0,0.0
128973,Ressurreição & ascensão dos analistas e dos programadores,"Yourdon, Edward,",Programadores de computador,Livro,Biblioteca Central Zila Mamede,1,0,0,0,0,0,0.0
129205,Fundamentos do sistema AS/400,"Freitas, Aparecido Valdemir de.",Arquitetura de computador,Livro,Biblioteca Central Zila Mamede,1,0,0,0,0,0,0.0
129453,Aprendizado por reforço com valores de influência em sistemas multi-agente,"Aranibar, Dennis Barrios.",Sistema multi-agente -,Tese,Biblioteca Central Zila Mamede,1,0,0,0,0,0,0.0
129826,Processamento embarcado aplicado a um sistema de detecção de vazamentos,"Avelino, Álvaro Medeiros.",Sistema de detecção de vazamentos -,Dissertação,Biblioteca Central Zila Mamede,1,0,0,0,0,0,0.0
130060,Sistemas operacionais modernos,"Tanenbaum, Andrew S.,",Sistema operacional,Livro,Biblioteca Central Zila Mamede,2,0,0,0,0,0,0.0
130077,Modelagem em SystemC-AMS de uma plataforma compatível com o Sistema de Coleta de Dados Brasileiro,"Costa, Haulisson Jody Batista da.",Modelagem em SystemC-AMS -,Dissertação,Biblioteca Central Zila Mamede,1,0,0,0,0,0,0.0
130090,Aplicação do método B ao projeto formal de software embarcado,"Medeiros Júnior, Valério Gutemberg de.",Engenharia de software -,Dissertação,Biblioteca Central Zila Mamede,1,0,0,0,0,0,0.0
130282,Model-driven requirements engineering process aided by ontologies and natural controlled languages,"Cóbe, Raphael Mendes de Oliveira.",Engenharia de requisitos -,Dissertação,Biblioteca Central Zila Mamede,1,0,0,0,0,0,0.0
130445,Guia Internet de conectividade,,Internet (Redes de computação),Livro,Biblioteca Central Zila Mamede,1,0,0,0,0,0,0.0
131063,Delphi :,"Cornell, Gary.",Delphi (Programa de computador),Livro,Biblioteca Central Zila Mamede,1,0,0,0,0,0,0.0
131214,Creativity & Cognition :,"Conference on Creativity & Cognition Conference ( 2002 : Loughboroug, UK)",Interfaces de usuário (Sistema de computador) -,Livro,Biblioteca Central Zila Mamede,1,0,0,0,0,0,0.0
131228,Proceedings of the twenty-first Annual ACM Symposium on Principles of Distributed Computing :,"Annual ACM Symposium on Principles of Distributed Computing  (21. : 2002 : Monterey, California, USA)",Sistemas distribuídos (Ciência da computação) -,Livro,Biblioteca Central Zila Mamede,1,0,0,0,0,0,0.0
131304,The HP way :,"Packard, David,","Packard, David,",Livro,Biblioteca Central Zila Mamede,1,0,0,0,0,0,0.0
131407,Turbo Basic :,"Mosher, Frederick E.,",Turbo BASIC (Linguagem de programação de computador),Livro,Biblioteca Central Zila Mamede,1,0,0,0,0,0,0.0
131531,Principles of data-base management,"Martin, James,",Banco de dados -,Livro,Biblioteca Central Zila Mamede,1,0,0,0,0,0,0.0
131678,Ambiente para desenvolvimento de aplicações fuzzy industriais,"Costa, Bruno Sielly Jales.",Lógica fuzzy -,Dissertação,Biblioteca Central Zila Mamede,2,0,0,0,0,0,0.0
131690,Política pública e educação digital no ensino fundamental em Natal/RN :,"Martins, Íris Laura Batista.",Administração -,Dissertação,Biblioteca Central Zila Mamede,1,0,0,0,0,0,0.0
131692,Criptoanálise diferencial do papílio,"Oliveira Filho, Isaac de Lima.",Cripotgrafia -,Dissertação,Biblioteca Central Zila Mamede,1,0,0,0,0,0,0.0
131863,Geração de casos de teste a partir de especificações B,"Souza, Fernanda Monteiro de.",Testes de programas -,Dissertação,Biblioteca Central Zila Mamede,1,0,0,0,0,0,0.0
131901,Proceedings of the ACM Workshop on Privacy in the Electronic Society :,"ACM Workshop on Privacy in the Electronic Society Washington, D.C.)",Computadores -,Livro,Biblioteca Central Zila Mamede,1,0,0,0,0,0,0.0
131902,"Proceedings ... Web3D Symposium, Paderborn, Germany, February 19-22,2001.","Web3D Symposium ( 2001 Paderborn,Alemanha).",VRML (Linguagem de programação de computador) -,Livro,Biblioteca Central Zila Mamede,1,0,0,0,0,0,0.0
131909,Proceedings [of the] CSCW 2002 :,"Conference on Computer-Supported Cooperative Work  (2002 : Louisiana,USA.).",Microcomputador como estação de trabalho -,Livro,Biblioteca Central Zila Mamede,1,0,0,0,0,0,0.0
131993,Estudo da qualidade de serviço de uma aplicação VoIP em ambientes wireless com Handoff,"Couto, Patrícia Aloise.",VoIP em redes -,Dissertação,Biblioteca Central Zila Mamede,1,0,0,0,0,0,0.0
132768,Sistema híbrido de inferência baseado em análise de componentes principais e redes neurais artificiais aplicado a plantas de processamento de gás natural,"Linhares, Leandro Luttiane da Silva.",Redes neurais artificiais,Dissertação,Biblioteca Central Zila Mamede,2,0,0,0,0,0,0.0
132998,Elementary logic :,"Lover, Robert.",Software -,Livro,Biblioteca Central Zila Mamede,9,0,0,0,0,0,0.0
133236,Gerenciamento de serviços de TI na prática :,"Magalhães, Ivan Luizio,",Tecnologia da Informação,Livro,Biblioteca Central Zila Mamede,1,0,0,0,0,0,0.0
133507,Conference record :,"Asian Symposium on Partial Evaluation and Semantics-Based Program Manipulation (2002 : Aizu, Japan).",Linguagem de programação (Computadores) -,Livro,Biblioteca Central Zila Mamede,1,0,0,0,0,0,0.0
133508,POMC'02 :,"ACM International Workshop on Principles of Mobile Computing (2nd : 2002 : Toulouse, France).",Computação móvel -,Livro,Biblioteca Central Zila Mamede,1,0,0,0,0,0,0.0
133720,Algoritmo evolutivo paralelo para o problema de atribuição de localidades a anéis em redes Sonet/SDH,"Oliveira, Wagner de.",Redes em anel -,Dissertação,Biblioteca Central Zila Mamede,1,0,0,0,0,0,0.0
133737,Dynamic reconfigurable architectures and transparent optimization techniques :,"Beck Fl., Antonio Carlos Schneider",Software -,Livro,Biblioteca Central Zila Mamede,1,0,0,0,0,0,0.0
134554,Interactive computation :,,Interação homem-máquina,Livro,Biblioteca Central Zila Mamede,3,0,0,0,0,0,0.0
134592,Joomla! :,"North, Barrie M.",Sites da Web -,Livro,Biblioteca Central Zila Mamede,2,0,0,0,0,0,0.0
135077,Sistema especialista fuzzy para dimensionamento de bombeio eletrônico,"Freitas, Cássio Higino de.",Sistemas especialistas -,Dissertação,Biblioteca Central Zila Mamede,1,0,0,0,0,0,0.0
135297,Java concurrency in practice,"Goetz, Brian",Java (Linguagem de programação de computador),Livro,Biblioteca Central Zila Mamede,6,0,0,0,0,0,0.0
135319,Elements of ML programming,"Ullman, Jeffrey D.,",ML (Linguagem de programação de computador),Livro,Biblioteca Central Zila Mamede,6,0,0,0,0,0,0.0
135320,"Introduction to languages, machines and logic :","Parkes, Alan.",Linguagens formais,Livro,Biblioteca Central Zila Mamede,2,0,0,0,0,0,0.0
135326,Uma proposição para o cálculo de mapas de disparidade de imagens estéreo usando um interpolador neural baseado em funções de base radial,"Araújo, Allan David Garcia de.",Redes neurais -,Dissertação,Biblioteca Central Zila Mamede,1,0,0,0,0,0,0.0
135330,Controle preditivo neural aplicado à processos petroquímicos,"Popoff, Luiz Henrique Gomes.",Rede neural artificial -,Dissertação,Biblioteca Central Zila Mamede,1,0,0,0,0,0,0.0
135386,Algoritmo evolucionário para a distribuição de produtos de petróleo por redes de polidutos,"Souza, Thatiana Cunha Navarro de.",Algoritmo -,Dissertação,Biblioteca Central Zila Mamede,1,0,0,0,0,0,0.0
135395,MaRISA-AOCode :,"Guimarães, Everton Tavares.",Software -,Dissertação,Biblioteca Central Zila Mamede,1,0,0,0,0,0,0.0
135482,Internet art,"Greene, Rachel.",Arte por computador,Livro,Biblioteca Central Zila Mamede,2,0,0,0,0,0,0.0
135495,Digital art,"Paul, Christiane,",Computação gráfica,Livro,Biblioteca Central Zila Mamede,2,0,0,0,0,0,0.0
135954,Handbook of research on artificial immune systems and natural computing :,,Processamento da linguagem natural (Computação) -,Livro,Biblioteca Central Zila Mamede,1,0,0,0,0,0,0.0
136162,Wireless sensor networks :,"Sohraby, Kazem.",Redes locais de computação,Livro,Biblioteca Central Zila Mamede,2,0,0,0,0,0,0.0
136684,Categories for types,"Crole, Roy L.",Categorias -,Livro,Biblioteca Central Zila Mamede,2,0,0,0,0,0,0.0
136846,Mecanismos de segurança para um sistema cooperativo de armazenamento de arquivos baseado em P2P,"Lima Filho, Francisco Sales de.",Sistema de segurança -,Dissertação,Biblioteca Central Zila Mamede,1,0,0,0,0,0,0.0
136857,Sistema inteligente para diagnóstico de patologias na laringe utilizando máquinas de vetor de suporte,"Almeida, Náthalee Cavalcanti de.",Sistemas especialistas(Computação) -,Dissertação,Biblioteca Central Zila Mamede,1,0,0,0,0,0,0.0
136901,Web sites que funcionam,"Black, Roger,",Sites da Web,Livro,Biblioteca Central Zila Mamede,1,0,0,0,0,0,0.0
137030,Fatores críticos de sucesso como antecedentes da aceitação de um sistema de informação em uma universidade federal,"Yoshino, Cristina Kasumi Nakata.",Administração -,Dissertação,Biblioteca Central Zila Mamede,1,0,0,0,0,0,0.0
137031,Uma implementação da análise de componentes independentes em plataforma de hardware reconfigurável,"Silva, Alan Paulo Oliveira da.",Algorítmos -,Dissertação,Biblioteca Central Zila Mamede,1,0,0,0,0,0,0.0
137035,Mudança dos processos de negócios e adequação da Ti nas empresas em decorrência da implantação do sistema público de escrituração digital,"Alves Júnior, Eloi Prata.",Sistemas automatizados -,Dissertação,Biblioteca Central Zila Mamede,1,0,0,0,0,0,0.0
137036,Uma abordagem dirigida por modelos para desenvolvimento de middlewares auto-adaptativos para transmissão de fluxo de dados baseado em restrições de QoS,"Silva, André Gustavo Pereira da.",Sistemas de processamento distribuído -,Dissertação,Biblioteca Central Zila Mamede,1,0,0,0,0,0,0.0
137070,The art computer systems performance analysis :,"Jain, Raj.",Redes de computadores,Livro,Biblioteca Central Zila Mamede,3,0,0,0,0,0,0.0
137192,Comunicação gráfica em interfaces de hipermídia de educação a distância via web,"Burgos, Taciana de Lima.",Comunicação visual -,Tese,Biblioteca Central Zila Mamede,1,0,0,0,0,0,0.0
137196,Adoção do e-learning :,"Silva, Jaqueline Emília.",Administração -,Dissertação,Biblioteca Central Zila Mamede,1,0,0,0,0,0,0.0
152368,"Informática aplicada às áreas de contabilidade, administração e economia","Cornachione Junior, Edgard Bruno.",Informática,Livro,Biblioteca Central Zila Mamede,1,0,0,0,0,0,0.0
152489,Ciência da computação :,"Brookshear, J. Glenn.",Computação,Livro,Biblioteca Central Zila Mamede,1,0,0,0,0,0,0.0
153338,Self-organizing maps,"Kohonen, Teuvo,",Redes neurais (Computação),Livro,Biblioteca Central Zila Mamede,1,0,0,0,0,0,0.0
153422,Data mining :,"Witten, Ian H.",Mineração de dados (Computação),Livro,Biblioteca Central Zila Mamede,1,0,0,0,0,0,0.0
160526,Excel para profissionais de finanças :,"Correia Neto, Jocildo Figueiredo,",Excel (Programa de computador),Livro,Biblioteca Central Zila Mamede,1,0,0,0,0,0,0.0
161696,Crenças normativas e comportamentais e suas influências na intenção de adoção de um sistema de informação :,"Souza, Daniela Vianna Cortez de.",Sistemas automatizados -,Dissertação,Biblioteca Central Zila Mamede,1,0,0,0,0,0,0.0
161921,Term rewriting systems,,Sistema de reescrita (Ciência da computação),Livro,Biblioteca Central Zila Mamede,2,0,0,0,0,0,0.0
162000,Fatores que influenciam a intenção de compra online:,"Fernandes, Luana de Oliveira.",Administração -,Dissertação,Biblioteca Central Zila Mamede,1,0,0,0,0,0,0.0
162025,Theoretical computer science :,"Hromkoviéc, Juraj,",Computação,Livro,Biblioteca Central Zila Mamede,1,0,0,0,0,0,0.0
162101,Fatores inibidores à adoção de tecnologias de informação em micro e pequenas empresas fornecedoras do vale do Estado do Pará,"Aranha, Helder da Silva.",Administração -,Dissertação,Biblioteca Central Zila Mamede,1,0,0,0,0,0,0.0
162109,Programming pearls,"Bentley, Jon Louis.",Programação (Computadores),Livro,Biblioteca Central Zila Mamede,2,0,0,0,0,0,0.0
162150,Pratical industrial data networks:,,OSI(Padraõ de redes de computação),Livro,Biblioteca Central Zila Mamede,5,0,0,0,0,0,0.0
162161,Implantando a governança de TI :,"Fernandes, Aguinaldo Aragon.",Tecnologia da informação -,Livro,Biblioteca Central Zila Mamede,3,0,0,0,0,0,0.0
162288,Designing successful e-learning :,"Allen, Michael W.,",Informática,Livro,Biblioteca Central Zila Mamede,2,0,0,0,0,0,0.0
162294,Demystifying embedded systems middleware,"Noergaard, Tammy.",Sistemas embutidos de computador,Livro,Biblioteca Central Zila Mamede,5,0,0,0,0,0,0.0
162297,Lining up data in ArcGIS :,"Maher, Margaret M.",Sistemas de Informação Geográfica,Livro,Biblioteca Central Zila Mamede,2,0,0,0,0,0,0.0
162316,MySQL 5.1 - Interativo:,"Manzano, Jose Augusto N. G.",SQL (Linguagem de programação de computador),Livro,Biblioteca Central Zila Mamede,1,0,0,0,0,0,0.0
162346,Web design :,,Desenho (Projetos),Livro,Biblioteca Central Zila Mamede,10,0,0,0,0,0,0.0
162383,"Logic for programming, artificial intelligence, and reasoning :","LPAR (Conference)  (11th : 2005 : Montevideo, Uruguay).",Programação lógica -,Livro,Biblioteca Central Zila Mamede,1,0,0,0,0,0,0.0
162385,Relations and Kleene algebra in computer science :,,Lógica algébrica,Livro,Biblioteca Central Zila Mamede,1,0,0,0,0,0,0.0
162387,Handbook of practical logic and automated reasoning,"Harrison, J.",Raciocínio,Livro,Biblioteca Central Zila Mamede,1,0,0,0,0,0,0.0
162411,Relational and Kleene-algebraic methods in computer science :,,Lógica algébrica,Livro,Biblioteca Central Zila Mamede,1,0,0,0,0,0,0.0
162430,Business process execution language for web services :,"Juric, Matjaz B.",Comércio eletrônico -,Livro,Biblioteca Central Zila Mamede,2,0,0,0,0,0,0.0
162472,Logic for artificial intelligence and information technology,"Gabbay, Dov M.,",Inteligência artificial,Livro,Biblioteca Central Zila Mamede,2,0,0,0,0,0,0.0
162482,Introdução à ciência da computação,"Mokarzel, Fábio.",Processamento eletrônico de dados,Livro,Biblioteca Central Zila Mamede,1,0,0,0,0,0,0.0
162496,Computer type :,"Rogondino, Michael",Tipos para impressão (Computadores),Livro,Biblioteca Central Zila Mamede,1,0,0,0,0,0,0.0
162541,Routledge handbook of Internet politics,,Internet -,Livro,Biblioteca Central Zila Mamede,2,0,0,0,0,0,0.0
162545,Fundamentals of networking and data communications,"White, Curt M.",Redes de computação,Livro,Biblioteca Central Zila Mamede,2,0,0,0,0,0,0.0
162584,Multimídia nos PCs modernos,"Vasconcelos, Laércio.",Microcomputadores,Livro,Biblioteca Central Zila Mamede,1,0,0,0,0,0,0.0
162697,Interactive theorem proving and program development :,"Bertot, Yves.",Programação (Computadores),Livro,Biblioteca Central Zila Mamede,2,0,0,0,0,0,0.0
162698,Programando aplicativos wap wireless application protocol,"Mann, Steve,",Internet (Redes de computação),Livro,Biblioteca Central Zila Mamede,1,0,0,0,0,0,0.0
163079,Um estudo comparativo de métodos não supervisionados de redução de dimensionalidade aplicados à visualização de dados,"Medeiros, Claudio José França de.",Bases de dados -,Dissertação,Biblioteca Central Zila Mamede,1,0,0,0,0,0,0.0
163099,Programando com ferramentas GNU,"Loukides, Michael Kosta.",Unix(Sistema operacional de computador),Livro,Biblioteca Central Zila Mamede,1,0,0,0,0,0,0.0
163110,Designing Cisco networks,,Redes de computadores,Livro,Biblioteca Central Zila Mamede,1,0,0,0,0,0,0.0
163188,Network-on-Chip architectures :,"Nicopoulos, Chrysostomos.",Arquitetura de rede de computador,Livro,Biblioteca Central Zila Mamede,1,0,0,0,0,0,0.0
163195,Customizable embedded processors :,,Sistemas embutidos de computador,Livro,Biblioteca Central Zila Mamede,2,0,0,0,0,0,0.0
163380,Sistema operacional e bibliotecas de funções para plataformas MPSoC :,"Oliveira, Tadeu Ferreira.",Sistema operacional -,Dissertação,Biblioteca Central Zila Mamede,1,0,0,0,0,0,0.0
163516,Innovations and advances in computer sciences and engineering,"International Conference on Systems, Computing Sciences and Software Engineering  (2008).",Computação -,Livro,Biblioteca Central Zila Mamede,1,0,0,0,0,0,0.0
163585,Introduction to MATLAB 7,"Etter, D. M.",MATLAB (Programa de computador),Livro,Biblioteca Central Zila Mamede,2,0,0,0,0,0,0.0
163590,iPhone game development,"Zirkle, Paul.",Jogos para telefones celulares -,Livro,Biblioteca Central Zila Mamede,8,0,0,0,0,0,0.0
163810,Informatics in education,"ProTeM-CC Projects Evaluation Workshop  (2. : 2001 : Rio de Janeiro, RJ).",Informática -,Livro,Biblioteca Central Zila Mamede,1,0,0,0,0,0,0.0
163966,Manual do administrador do sistema Unix,,Unix (Sistema operacional de computador),Livro,Biblioteca Central Zila Mamede,1,0,0,0,0,0,0.0
164070,Um modelo conceitual baseado em MDD e padrões para evolução de sistemas AO,"Marinho, Éberton da Silva.",Programa de computador(Software) -,Dissertação,Biblioteca Central Zila Mamede,1,0,0,0,0,0,0.0
165106,The H.264 advanced video compression standard,"Richardson, Iain E. G.",Sistemas digitais,Livro,Biblioteca Central Zila Mamede,2,0,0,0,0,0,0.0
165332,BMMobile - uma linha de produtos para dimensionamento de bombeio mecânico em dispositivos móveis,"Sousa, Matheus Alves de.",Linhas de produtos de software -,Dissertação,Biblioteca Central Zila Mamede,1,0,0,0,0,0,0.0
165337,Um framework baseado em modelos para desenvolvimento de sistemas multmídia distribuídos autoadaptativos,"Pinto, Felipe Alves Pereira.",Sistemas de processamento distribuído -,Dissertação,Biblioteca Central Zila Mamede,1,0,0,0,0,0,0.0
165464,Ciência da computação :,"Brookshear, J. Glenn.",Computação,Livro,Biblioteca Central Zila Mamede,1,0,0,0,0,0,0.0
165544,Qualidade de software:,,Software -,Livro,Biblioteca Central Zila Mamede,1,0,0,0,0,0,0.0
165801,Sistema não-intrusivo para estimação da direção do olhar utilizando redes neurais artificiais,"Peixoto, Helton Maia.",Processamento digital de imagens -,Dissertação,Biblioteca Central Zila Mamede,1,0,0,0,0,0,0.0
165817,Programação Java com ênfase em orientação a objetos,"Mendes, Douglas Rocha,",Java (Linguagem de programação de computador),Livro,Biblioteca Central Zila Mamede,5,0,0,0,0,0,0.0
165840,Compreendendo SOA corporativa,"Pulier, Eric.",Informática,Livro,Biblioteca Central Zila Mamede,12,0,0,0,0,0,0.0
166354,Oracle Database 10 g :,"Freeman, Robert G.",Oracle (Sistema de computador),Livro,Biblioteca Central Zila Mamede,1,0,0,0,0,0,0.0
166432,C# para programadores Java,"Bagnall, Brian,",C# (Linguagem de programação de computador),Livro,Biblioteca Central Zila Mamede,1,0,0,0,0,0,0.0
166435,Java 2 & banco de dados :,"Thompson, Marco Aurélio.",Java (Linguagem de programação de computador),Livro,Biblioteca Central Zila Mamede,1,0,0,0,0,0,0.0
166485,Handbook of floating-point arithmetic,,Representação de número em ponto flutuante,Livro,Biblioteca Central Zila Mamede,2,0,0,0,0,0,0.0
166501,Localização de robôs móveis autônomos utilizando fusão sensorial de odometria e visão monocular,"Santos, Guilherme Leal.",Robótica -,Dissertação,Biblioteca Central Zila Mamede,1,0,0,0,0,0,0.0
166525,Tabelas :,"Santos, Clesio Saraiva dos,",Organização de arquivos (Computação),Livro,Biblioteca Central Zila Mamede,1,0,0,0,0,0,0.0
166546,Languages and machines :,"Sudkamp, Thomas A.",Linguagens formais,Livro,Biblioteca Central Zila Mamede,1,0,0,0,0,0,0.0
166653,Desenvolvimento de uma arquitetura em hardware prototipada em FPGA para aplicações genéricas utilizando redes neurais artificiais embarcadas,"Prado, Rafael Nunes de Almeida.",Sistemas embarcados -,Dissertação,Biblioteca Central Zila Mamede,1,0,0,0,0,0,0.0
166661,Análise de estabilidade e generalização do controlador adaptativo backstepping a estrutura variável,"Queiroz, Kurios Iuri Pinheiro de Melo.",Robustez -,Tese,Biblioteca Central Zila Mamede,1,0,0,0,0,0,0.0
166670,MoSAC :,"Silva, Daniel Cunha da.",Sistemas de processamento distribuído -,Dissertação,Biblioteca Central Zila Mamede,1,0,0,0,0,0,0.0
166671,Seleção de atributos em comitês de classificadores utilizando algoritmos genéticos,"Silva, Lígia Maria Moura e.",Algoritmo genético -,Dissertação,Biblioteca Central Zila Mamede,1,0,0,0,0,0,0.0
166692,Lectures on soft computing and fuzzy logic,,Inteligência artificial,Livro,Biblioteca Central Zila Mamede,1,0,0,0,0,0,0.0
166695,Clausal form logic :,"Richards, Tom.",Sistemas especialistas (Computação),Livro,Biblioteca Central Zila Mamede,3,0,0,0,0,0,0.0
166696,Computational complexity,"Papadimitriou, Christos H.",Complexidade computacional,Livro,Biblioteca Central Zila Mamede,2,0,0,0,0,0,0.0
166926,UML :,"Matos, Alexandre Veloso de.",UML (Linguagem de modelagem padrão),Livro,Biblioteca Central Zila Mamede,1,0,0,0,0,0,0.0
167099,Contribuição para o estudo do embarque de uma rede neural artificial em Field Programmable Gate Array(FPGA),"Silva, Carlos Alberto de Albuquerque.",Redes neurais artificiais -,Dissertação,Biblioteca Central Zila Mamede,1,0,0,0,0,0,0.0
167105,Reconhecimento de padrões de falhas em motores trifásicos utilizando redes neurais,"Reis, Aderson Jamier Santos.",Redes neurais (Computação) -,Dissertação,Biblioteca Central Zila Mamede,1,0,0,0,0,0,0.0
167264,Data mining with neural networks :,"Bigus, Joseph P.",Rede de computadores,Livro,Biblioteca Central Zila Mamede,1,0,0,0,0,0,0.0
167265,Neural networks in the capital markets,,Rede de computadores,Livro,Biblioteca Central Zila Mamede,1,0,0,0,0,0,0.0
167268,Trusted information :,,Segurança de computador,Livro,Biblioteca Central Zila Mamede,1,0,0,0,0,0,0.0
167275,Practical data communications,"Freeman, Roger L.,",Banco de dados,Livro,Biblioteca Central Zila Mamede,1,0,0,0,0,0,0.0
167288,Transaction-level modeling with SystemC :,,Sistemas embutidos de computador,Livro,Biblioteca Central Zila Mamede,1,0,0,0,0,0,0.0
167292,Características e potencialidades das aglomerações de software no Paraná,,Software -,Livro,Biblioteca Central Zila Mamede,1,0,0,0,0,0,0.0
167295,Dominando Enterprise JavaBeans,"Roman, Ed,",Java (Linguagem de programação de computador),Livro,Biblioteca Central Zila Mamede,1,0,0,0,0,0,0.0
167317,Cérebros e computadores :,"Tenório, Robinson Moreira,",Ensino auxiliado por computador,Livro,Biblioteca Central Zila Mamede,1,0,0,0,0,0,0.0
167320,Computação e simulação analogica e hibrida,"Dianese, Antonio,",Computadores analogicos,Livro,Biblioteca Central Zila Mamede,1,0,0,0,0,0,0.0
167408,Arquitetura hardware/software de um núcleo NCAP segundo o padrão IEEE 1451.1 :,"Santos, José de Anchieta Gomes dos.",Arquitetura de computador -,Dissertação,Biblioteca Central Zila Mamede,1,0,0,0,0,0,0.0
167431,Sistema web didático para supervisão de redes fieldbus,"Cavalcanti, Bruno Jácome.",Controladores lógicos programáveis -,Dissertação,Biblioteca Central Zila Mamede,1,0,0,0,0,0,0.0
167533,"Integrating advanced computer-aided design, manufacturing, and numerical control :","Xu, Xun,",Computação gráfica,Livro,Biblioteca Central Zila Mamede,2,0,0,0,0,0,0.0
167553,Information flow :,"Barwise, Jon.",Processamento eletrônico de dados -,Livro,Biblioteca Central Zila Mamede,2,0,0,0,0,0,0.0
167603,Localização e mapeamento simultâneo de ambientes planos usando visão monocular e representação híbrida do ambiente,"Santana, André Macêdo.",SLAM -,Tese,Biblioteca Central Zila Mamede,1,0,0,0,0,0,0.0
167683,Silicon literacies :,,Educação -,Livro,Biblioteca Central Zila Mamede,8,0,0,0,0,0,0.0
167728,A first course in computational physics and object-oriented programming with C++,"Yevick, David",C++ (Linguagem de programação de computador),Livro,Biblioteca Central Zila Mamede,1,0,0,0,0,0,0.0
167846,Software testing :,"Jorgensen, Paul.",Software -,Livro,Biblioteca Central Zila Mamede,1,0,0,0,0,0,0.0
167937,Simulation modeling and analysis,"Law, Averill M.",Simulação (Computadores digitais),Livro,Biblioteca Central Zila Mamede,1,0,0,0,0,0,0.0
167938,Advanced GNVQ information technology,"Harper, Harriet.",Tecnologia da Informação,Livro,Biblioteca Central Zila Mamede,1,0,0,0,0,0,0.0
167958,Finding it on the Internet :,"Gilster, Paul,",Internet -,Livro,Biblioteca Central Zila Mamede,1,0,0,0,0,0,0.0
167959,Programação em BASIC,"Natale, Ferdinando,",Linguagem de programação (Computadores),Livro,Biblioteca Central Zila Mamede,1,0,0,0,0,0,0.0
167961,Performance analysis of local computer networks,"Hammond, Joseph L.",Redes locais de computação,Livro,Biblioteca Central Zila Mamede,1,0,0,0,0,0,0.0
167962,Computer and digital system architecture,"Murray, William D.",Arquitetura de computador,Livro,Biblioteca Central Zila Mamede,1,0,0,0,0,0,0.0
167963,Highly parallel computing,"Almasi, George S.",Processamento paralelo (Computadores),Livro,Biblioteca Central Zila Mamede,1,0,0,0,0,0,0.0
167974,Network security :,"Kaufman, Charlie.",Computadores -,Livro,Biblioteca Central Zila Mamede,1,0,0,0,0,0,0.0
167984,Computação gráfica :,"Gomes, Jonas de Miranda.",Computação gráfica,Livro,Biblioteca Central Zila Mamede,1,0,0,0,0,0,0.0
167991,Firewalls and internet security :,"Cheswich, William R.",Firewall,Livro,Biblioteca Central Zila Mamede,1,0,0,0,0,0,0.0
167995,ATM :,,Interfaces de usuário (Sistema de computador),Livro,Biblioteca Central Zila Mamede,2,0,0,0,0,0,0.0
167996,Building Internet firewalls,"Chapman, D. Brent.",Computadores,Livro,Biblioteca Central Zila Mamede,1,0,0,0,0,0,0.0
168003,Reinforcement learning :,"Sutton, Richard S.",Aprendizado do computador,Livro,Biblioteca Central Zila Mamede,1,0,0,0,0,0,0.0
168004,Anatomia de sistemas de informação geográfica,,Sistemas de informação geográfica,Livro,Biblioteca Central Zila Mamede,1,0,0,0,0,0,0.0
168010,Metropolitan area networks,"Sadiku, Matthew N. O.",Redes metropolitanas de computação,Livro,Biblioteca Central Zila Mamede,1,0,0,0,0,0,0.0
168102,Local and metropolitan area networks,"Stallings, William.",Redes locais de computação,Livro,Biblioteca Central Zila Mamede,1,0,0,0,0,0,0.0
168111,Distributed computing and client-server systems,"Umar, Amjad.",Programas cliente-servidor,Livro,Biblioteca Central Zila Mamede,1,0,0,0,0,0,0.0
168113,Device driver programming :,,Unix (Sistema operacional),Livro,Biblioteca Central Zila Mamede,1,0,0,0,0,0,0.0
168114,Broadband LAN technology,"Kim, Gary Y.",Redes de acesso local,Livro,Biblioteca Central Zila Mamede,1,0,0,0,0,0,0.0
168386,MAP and TOP communications :,"Valenzano, Adriano.",Redes de computação -,Livro,Biblioteca Central Zila Mamede,1,0,0,0,0,0,0.0
168458,Estudo dirigido Delphi 7,"Manzano, Jose Augusto N. G.",Delphi (Programa de computador),Livro,Biblioteca Central Zila Mamede,1,0,0,0,0,0,0.0
168717,Core JavaServer Faces,"Geary, David M.",Java (Linguagem de programação de computador),Livro,Biblioteca Central Zila Mamede,1,0,0,0,0,0,0.0
168745,Delphi 7 :,"Oliveira, Adelize Generini de.",Ferramentas para desenvolvimento de programas,Livro,Biblioteca Central Zila Mamede,1,0,0,0,0,0,0.0
168876,Acessando bancos de dados com Delphi 7,"Oliveira, Adelize Generini de.",Ferramentas para desenvolvimento de programas,Livro,Biblioteca Central Zila Mamede,1,0,0,0,0,0,0.0
168940,Lei de informática e automação e normas correlatas :,Brasil.,Informática -,Livro,Biblioteca Central Zila Mamede,1,0,0,0,0,0,0.0
169011,Fundamentals of artificial neural networks,"Hassoun, Mohamad H.",Redes neurais (Computação),Livro,Biblioteca Central Zila Mamede,1,0,0,0,0,0,0.0
169013,Using formal description techniques :,,Programação (Computadores),Livro,Biblioteca Central Zila Mamede,1,0,0,0,0,0,0.0
169014,Windows programming with Borland C++ :,"Oualline, Steve.",Borland C++,Livro,Biblioteca Central Zila Mamede,1,0,0,0,0,0,0.0
169069,Seleção sequencial de descritos por análise da semântica para recuperação de imagens baseada no conteúdo,"Escarcina, Raquel Esperanza Patiño.",Recuperação de imagens -,Tese,Biblioteca Central Zila Mamede,1,0,0,0,0,0,0.0
169286,Data structures and algorithm analysis in C,"Weiss, Mark Allen.",C (Linguagem de programação de computador),Livro,Biblioteca Central Zila Mamede,1,0,0,0,0,0,0.0
169293,Proteção jurídica de software :,"Ferrari, Alexandre Coutinho,",Direitos autorais -,Livro,Biblioteca Central Zila Mamede,1,0,0,0,0,0,0.0
169505,Abordagem dirigida a modelos para redes de sensores sem fio,"Rodrigues, Taniro Chacon.",Wireless sensor network -,Dissertação,Biblioteca Central Zila Mamede,1,0,0,0,0,0,0.0
169607,Multiple access protocols :,"Rom, Raphael.",Protocolos de acesso múltiplo (Redes de computadores),Livro,Biblioteca Central Zila Mamede,1,0,0,0,0,0,0.0
169698,Arquitetura com elevada taxa de processamento e reduzida largura de banda de memória para a estimação de movimento em vídeos digitais,"Lopes, Alba Sandyra Bezerra.",Arquitetura de computador -,Dissertação,Biblioteca Central Zila Mamede,1,0,0,0,0,0,0.0
169701,CrossMAD2 :,"Fernandes, Victor Hugo de Carvalho.",Desenvolvimento de software baseado em modelos -,Dissertação,Biblioteca Central Zila Mamede,1,0,0,0,0,0,0.0
169702,Utilização de redes neurais artificiais para detecção e diagnóstico de falhas,"Rebouças, Diogo Leite.",Sistemas críticos -,Dissertação,Biblioteca Central Zila Mamede,1,0,0,0,0,0,0.0
169706,SOA-DB :,"Lacerda, João Marcos Teixeira.",Arquitetura de software -,Dissertação,Biblioteca Central Zila Mamede,1,0,0,0,0,0,0.0
169771,Data communications and computer networks :,"White, Curt M.",Redes de computadores,Livro,Biblioteca Central Zila Mamede,2,0,0,0,0,0,0.0
169802,Computational complexity :,"Arora, Sanjeev.",Complexidade computacional,Livro,Biblioteca Central Zila Mamede,3,0,0,0,0,0,0.0
169852,Análise de impacto baseada em rastreabilidade de artefatos para linhas de produto de software,"Oliveira, Ana Liz Souto.",Desenvolvimento de software -,Dissertação,Biblioteca Central Zila Mamede,1,0,0,0,0,0,0.0
169854,Avaliação sistemática de abordagens de derivação de produto,"Torres, Mário Sérgio Scaramuzzini.",Engenharia de software -,Dissertação,Biblioteca Central Zila Mamede,1,0,0,0,0,0,0.0
169859,GingaForAll :,"Pereira, Lucas Silva.",Sistemas de processamento distribuído -,Dissertação,Biblioteca Central Zila Mamede,1,0,0,0,0,0,0.0
169864,Algoritmos transgenéticos aplicados ao problema da árvore geradora biobjetivo,"Monteiro, Sílvia Maria Diniz.",Algoritmos experimentais -,Dissertação,Biblioteca Central Zila Mamede,1,0,0,0,0,0,0.0
169865,Midgard :,"Araújo, Rodrigo Pinheiro Marques de.",Redes de sensores sem fio -,Dissertação,Biblioteca Central Zila Mamede,1,0,0,0,0,0,0.0
170016,Especificação do micronúcleo FreeRTOS utilizando o método B,"Galvão, Stephenson de Sousa Lima.",Sistemas de computação -,Dissertação,Biblioteca Central Zila Mamede,1,0,0,0,0,0,0.0
170124,Symbolic and quantitative approaches to reasoning with uncertainty :,,Inteligência artificial,Livro,Biblioteca Central Zila Mamede,2,0,0,0,0,0,0.0
170631,Arquitetura de informação e governo eletrônico :,"Caldas, Luiz Carlos Agner.",Interfaces de usuários (Sistema de computadores),Tese,Biblioteca Central Zila Mamede,1,0,0,0,0,0,0.0
170797,Aplicação do método de análise hierárquica na tomada de decisão para adoção de computação em nuvem :,"Oliveira, Adriane Araújo de.",Arquitetura de computador -,Dissertação,Biblioteca Central Zila Mamede,1,0,0,0,0,0,0.0
170803,Uma colônia de formigas para o caminho mais curto multiobjetivo,"Bezerra, Leonardo César Teonácio.",Metaheurística -,Dissertação,Biblioteca Central Zila Mamede,1,0,0,0,0,0,0.0
171077,Boleto bancário em Delphi,"Barbosa, Genilton.","Delphi, Metódo",Livro,Biblioteca Central Zila Mamede,1,0,0,0,0,0,0.0
171277,Análise de desempenho de um fogão solar com parábola fabricada em material compósito,"Macedo Neto, Miguel Cabral de.",Energia solar -,Dissertação,Biblioteca Central Zila Mamede,1,0,0,0,0,0,0.0
171280,Uma abordagem dirigida por modelos para gerência de variabilidade e execução de processos de software,"Santos, Wanderson Câmara dos.",Engenharia de software -,Dissertação,Biblioteca Central Zila Mamede,1,0,0,0,0,0,0.0
171443,Feature extraction and image processing,"Nixon, Mark S.",Computação gráfica,Livro,Biblioteca Central Zila Mamede,2,0,0,0,0,0,0.0
171648,Uma abordagem sistemática para o teste de linhas de produto de software,"Câmara, Heitor Mariano de Aquino.",Testes de software -,Dissertação,Biblioteca Central Zila Mamede,1,0,0,0,0,0,0.0
171654,Um framework de agentes de recomendação para sistemas Web,"Medeiros, Danielle Gomes de Freitas.",Engenharia de software -,Dissertação,Biblioteca Central Zila Mamede,1,0,0,0,0,0,0.0
171658,Paralelização em GPU da segmentação vascular com extração de Centerlines por Height Ridges,"Ribeiro, Ítalo Mendes da Silva.",Computação gráfica -,Dissertação,Biblioteca Central Zila Mamede,1,0,0,0,0,0,0.0
172027,"Hipertexto, hipermídia :",,Multimídia interativa,Livro,Biblioteca Central Zila Mamede,2,0,0,0,0,0,0.0
172028,Informática em psicopedagogia,,Psicologia da aprendizagem -,Livro,Biblioteca Central Zila Mamede,1,0,0,0,0,0,0.0
172101,MultiCluster :,"Barreto, Marcos Ennes.",Sistemas distribuídos -,Tese,Biblioteca Central Zila Mamede,1,0,0,0,0,0,0.0
172102,Modelagem e simulação da articulação temporomandibular,"Villamil, Marta Becker.",Computação gráfica -,Tese,Biblioteca Central Zila Mamede,1,0,0,0,0,0,0.0
172426,Ambiente de simulação híbrido integrado Hysys e rede industrial foundation fieldbus aplicado ao controle de uma coluna de destilação,"Costa, Bruno Xavier da.",Redes industrais -,Dissertação,Biblioteca Central Zila Mamede,1,0,0,0,0,0,0.0
172429,Aplicação de indicadores webométricos nos programas de pós-graduação das engenharias recomendados pela Capes,"Silva, Ilaydiany Cristina Oliveira da.",World Wide Web -,Dissertação,Biblioteca Central Zila Mamede,1,0,0,0,0,0,0.0
172431,Análise de desempenho baseada em simulação de redes wirelessHART,"Nobre, Marcelo Henrique Ramalho.",Redes sem fio -,Dissertação,Biblioteca Central Zila Mamede,1,0,0,0,0,0,0.0
172473,Programming :,"Stroustrup, Bjarne.",C (Linguagem de programação de computador),Livro,Biblioteca Central Zila Mamede,3,0,0,0,0,0,0.0
172824,Avaliação da informação de websites turísticos das cidades-sede da copa 2014,"Cacho, Andréa do Nascimento Barbosa.",Turismo -,Dissertação,Biblioteca Central Zila Mamede,1,0,0,0,0,0,0.0
172958,Atualizações em informática 2011,,Informática,Livro,Biblioteca Central Zila Mamede,4,0,0,0,0,0,0.0
173381,Digital citizenship in schools,"Ribble, Mike.",Inclusão digital -,Livro,Biblioteca Central Zila Mamede,3,0,0,0,0,0,0.0
173422,Internet e competência tributária,"Oliveira, Júlio Maria de.",Competência tributária,Livro,Biblioteca Central Zila Mamede,1,0,0,0,0,0,0.0
173429,Aprenda java agora,"Davis, Stephen R.,",Java (Linguagem de programação de computador),Livro,Biblioteca Central Zila Mamede,1,0,0,0,0,0,0.0
173436,"CADD, projeto e desenho auxiliados por computador :","Voisinet, Donald D.,",Computação gráfica,Livro,Biblioteca Central Zila Mamede,1,0,0,0,0,0,0.0
173534,Simulação computacional de medidas estereológicas em estruturas de metal duro (WC-Co),"Esteves, Ezequias Matos.",Metais duros -,Tese,Biblioteca Central Zila Mamede,1,0,0,0,0,0,0.0
173543,Estudo de obstáculos na ampliação do mercado da moda através da web,"Viana, Taciana Vicente.",E-commerce -,Dissertação,Biblioteca Central Zila Mamede,1,0,0,0,0,0,0.0
173548,Joker :,"Souza, Diego Henrique Oliveira de.",Animação -,Dissertação,Biblioteca Central Zila Mamede,1,0,0,0,0,0,0.0
173766,Introdução a objetos distribuídos com CORBA,"Riccioni, Paulo Roberto.",Sistemas operacionais distribuídos (Computadores),Livro,Biblioteca Central Zila Mamede,1,0,0,0,0,0,0.0
173872,Um algoritmo híbrido para o problema de roteamento de veículos com frotas heterogêneas,"Ferreira, Vanessa Danielle Santos.",Metaheurística híbrida -,Dissertação,Biblioteca Central Zila Mamede,1,0,0,0,0,0,0.0
173887,JCircus 2.0 :,"Barrocas, Samuel Lincoln Magalhães.",JCircus(Linguagem de programação de computador) -,Dissertação,Biblioteca Central Zila Mamede,1,0,0,0,0,0,0.0
174129,Otimização de algoritmos criptográficos para redes de sensores sem fio e atuadores sem-fio para poços do tipo Plunger Lift,"Semente, Rodrigo Soares.",Segurança de redes sem fio -,Dissertação,Biblioteca Central Zila Mamede,1,0,0,0,0,0,0.0
174132,Desenvolvimento de um ambiente para projeto de controladores fuzzy para dispositivos móveis,"Araújo Júnior, Márcio Emanuel Ugulino de.",Sistemas embarcados -,Dissertação,Biblioteca Central Zila Mamede,1,0,0,0,0,0,0.0
174386,Aplicações móveis :,"Lee, Valentino.",Sistemas de comunicação móvel -,Livro,Biblioteca Central Zila Mamede,1,0,0,0,0,0,0.0
174406,Professional WAP,,Internet,Livro,Biblioteca Central Zila Mamede,1,0,0,0,0,0,0.0
174407,Service-oriented architecture :,"Erl, Thomas.",Arquitetura de rede de computador,Livro,Biblioteca Central Zila Mamede,1,0,0,0,0,0,0.0
174410,PGP :,"Garfinkel, Simson.",Computadores -,Livro,Biblioteca Central Zila Mamede,1,0,0,0,0,0,0.0
174632,Conhecimento em TI :,"Weill, Peter.",Administração,Livro,Biblioteca Central Zila Mamede,1,0,0,0,0,0,0.0
174733,Comercialização de software no Brasil :,"Weikersheimer, Deana,",Software -,Livro,Biblioteca Central Zila Mamede,1,0,0,0,0,0,0.0
174924,Computação gráfica :,"Gomes, Jonas de Miranda.",Computação gráfica,Livro,Biblioteca Central Zila Mamede,2,0,0,0,0,0,0.0
174948,Data structures : an advanced approach using C,"Esakov, Jeffrey.",C (Linguagem de programação de computador),Livro,Biblioteca Central Zila Mamede,1,0,0,0,0,0,0.0
175096,"Evolução, avaliação e validação do software RoboEduc","Barros, Renata Pitta.",Robótica -,Dissertação,Biblioteca Central Zila Mamede,1,0,0,0,0,0,0.0
175102,Desenvolvimento de chatterbots educacionais :,"Lemos, Elizama das Chagas.",Agentes sintéticos -,Dissertação,Biblioteca Central Zila Mamede,1,0,0,0,0,0,0.0
175325,SAMVC sistema de autoria de museus virtuais colaborativos,"Schneider, Claudio Alexandre.",Ambientes virtuais -,Dissertação,Biblioteca Central Zila Mamede,1,0,0,0,0,0,0.0
175623,Simulação das temperaturas diárias na cidade de Natal-RN,"Silva Júnior, Dorgival Albertino da.",Recuperação da dados -,Dissertação,Biblioteca Central Zila Mamede,1,0,0,0,0,0,0.0
175629,Mastering SolidWorks :,"Zeid, Ibrahim.",SolidWorks,Livro,Biblioteca Central Zila Mamede,2,0,0,0,0,0,0.0
175828,"Como montar, configurar e expandir seu PC 486 / Pentium","Vasconcelos, Laércio.",Microcomputadores,Livro,Biblioteca Central Zila Mamede,1,0,0,0,0,0,0.0
175902,Adaptive hardware infrastructures for sap,,SAP (programas de computador),Livro,Biblioteca Central Zila Mamede,1,0,0,0,0,0,0.0
176017,O fenômeno fanfiction :,"Vargas, Maria Lucia Bandeira,",Fan fiction -,Livro,Biblioteca Central Zila Mamede,2,0,0,0,0,0,0.0
176130,"Inteligência computacional aplicada à administração, economia e engenharia em Matlab",,Inteligência artificial,Livro,Biblioteca Central Zila Mamede,1,0,0,0,0,0,0.0
176156,Segurança e auditoria em sistemas de informação,"Lyra, Maurício Rocha.",Sistemas de informação -,Livro,Biblioteca Central Zila Mamede,1,0,0,0,0,0,0.0
176167,Dominando Linux Firewall Iptables,Urubatan Neto.,Linux (Sistema operacional de computador),Livro,Biblioteca Central Zila Mamede,1,0,0,0,0,0,0.0
176213,Sistemas distribuídos :,"Coulouris, George,",Sistemas operacionais distribuídos (Computadores),Livro,Biblioteca Central Zila Mamede,5,0,0,0,0,0,0.0
176228,Data mining methods and models,"Larose, Daniel T.",Tratamento de dados,Livro,Biblioteca Central Zila Mamede,2,0,0,0,0,0,0.0
176408,Usando Java :,,Java (Linguagem de programação de computador),Livro,Biblioteca Central Zila Mamede,1,0,0,0,0,0,0.0
176435,O que todo programador deveria saber sobre projeto orientado a objeto,"Page-Jones, Meilir.",Software -,Livro,Biblioteca Central Zila Mamede,1,0,0,0,0,0,0.0
176595,Shell script profissional,"Jargas, Aurélio Marinho,",Shell script (Linguagem de programação de computador),Livro,Biblioteca Central Zila Mamede,3,0,0,0,0,0,0.0
176780,Literatura e informática,,Literatura e informática,Livro,Biblioteca Central Zila Mamede,1,0,0,0,0,0,0.0
176892,Algorithms and data structures :,"Baldwin, Douglas.",Algoritmos,Livro,Biblioteca Central Zila Mamede,1,0,0,0,0,0,0.0
177011,Treinamento profissional em visual basic.NET :,"Moroni, Herbert.",Visual Basic (Linguagem de programação de computador),Livro,Biblioteca Central Zila Mamede,1,0,0,0,0,0,0.0
177265,Segurança da informação :,"Alves, Gustavo Alberto.",Segurança da informação (computação) -,Livro,Biblioteca Central Zila Mamede,1,0,0,0,0,0,0.0
177273,Quantum computing for computer scientists,"Yanofsky, Noson S.,",Computadção quântica,Livro,Biblioteca Central Zila Mamede,3,0,0,0,0,0,0.0
177592,"ASP, ADO e banco de dados na Internet","Marcoratti, José Carlos.",Banco de dados,Livro,Biblioteca Central Zila Mamede,1,0,0,0,0,0,0.0
177609,Estudo dirigido de Delphi 7,"Manzano, Jose Augusto N. G.",Delphi (Programa de computador),Livro,Biblioteca Central Zila Mamede,1,0,0,0,0,0,0.0
177988,Treinamento profissional em Java :,"Somera, Guilherme.",Java (Linguagem de programação de computador),Livro,Biblioteca Central Zila Mamede,1,0,0,0,0,0,0.0
178032,Lógica de programação,"Carboni, Irenice de Fátima.",Programação (Computadores),Livro,Biblioteca Central Zila Mamede,1,0,0,0,0,0,0.0
178702,Previsão do índice Bovespa por meio de redes neurais artificiais :,"Souza, Renata Laíse Reis de.",Administração -,Dissertação,Biblioteca Central Zila Mamede,1,0,0,0,0,0,0.0
178704,Uma plataforma de integração de middleware para computação ubíqua,"Lopes, Frederico Araújo da Silva.",Computação ubíqua -,Tese,Biblioteca Central Zila Mamede,1,0,0,0,0,0,0.0
178877,Handbook of applied cryptography,"Menezes, A. J.",Computadores -,Livro,Biblioteca Central Zila Mamede,1,0,0,0,0,0,0.0
178954,Redes de computadores :,"Moraes, Alexandre Fernandes.",Redes de computadores,Livro,Biblioteca Central Zila Mamede,1,0,0,0,0,0,0.0
179017,Estendendo CRefine para o suporte de táticas de refinamento,"Conserva Filho, Madiel de Sousa.",Programas(Software) -,Dissertação,Biblioteca Central Zila Mamede,1,0,0,0,0,0,0.0
179021,Design gráfico da pluma de contaminação por compostos orgânicos voláteiss utilizando software CAD na investigação de passivo ambiental em um posto revendedor de combustíveis em Natal/RN,"Aquino Sobrinho, Hércules Lisboa de.",Programa de computador(Software) -,Dissertação,Biblioteca Central Zila Mamede,1,0,0,0,0,0,0.0
179028,Informática para concursos,"Antonio, João.",Informática -,Livro,Biblioteca Central Zila Mamede,1,0,0,0,0,0,0.0
179287,Visual basic .Net para programadores,"Pereira, Dani Edson,",Visual Basic (Programa de computador),Livro,Biblioteca Central Zila Mamede,1,0,0,0,0,0,0.0
179581,Internetworking with TCP/IP,"Comer, Douglas.",TCP/IP (Protocolo de rede de computação),Livro,Biblioteca Central Zila Mamede,1,0,0,0,0,0,0.0
179641,Sistemas digitais :,"Uyemura, John P.",Circuitos integrados digitais,Livro,Biblioteca Central Zila Mamede,1,0,0,0,0,0,0.0
179797,Avaliação de arquitetura de agentes emocionais :,"Meira, Marcílio de Oliveira.",Inteligência artificial -,Dissertação,Biblioteca Central Zila Mamede,1,0,0,0,0,0,0.0
179810,O problema do caixeiro viajante alugador :,"Silva, Paulo Henrique Asconavieta da.",Algoritmo -,Tese,Biblioteca Central Zila Mamede,1,0,0,0,0,0,0.0
179853,Information processing and management of uncertainty in knowledge-based systems :,,Incerteza (Teoria da informação),Livro,Biblioteca Central Zila Mamede,2,0,0,0,0,0,0.0
179989,Aprenda a usar o computador e a Internet através de imagens. -,,Computadores,Livro,Biblioteca Central Zila Mamede,1,0,0,0,0,0,0.0
180222,Linguagens de programação :,"Silva, José Carlos Gomes da.",Linguagem de programação (Computadores),Livro,Biblioteca Central Zila Mamede,1,0,0,0,0,0,0.0
180248,Desacoplamento de um gerador síncrono através de um controle adaptativo por modelo de referência baseado em funções de base radial,"Oliveira, Odailson Cavalcante de.",Desacoplamento -,Dissertação,Biblioteca Central Zila Mamede,1,0,0,0,0,0,0.0
180250,Identificação em tempo real de modelo dinâmico de robô móvel com acionamento diferencial e zona morta,"Mendes, Ellon Paiva.",Robôs móveis -,Dissertação,Biblioteca Central Zila Mamede,1,0,0,0,0,0,0.0
180285,Introdução à linguagem PASCAL,"Welsh, Jim,",PASCAL (Linguagem de programação de computador),Livro,Biblioteca Central Zila Mamede,1,0,0,0,0,0,0.0
180316,Mathematical foundations of neuroscience,"Ermentrout, Bard.",Neurociências -,Livro,Biblioteca Central Zila Mamede,2,0,0,0,0,0,0.0
180475,Engenharia de software :,"Pressman, Roger S.",Engenharia de software,Livro,Biblioteca Central Zila Mamede,4,0,0,0,0,0,0.0
180517,Implementação de processador banda base OFDMA para downlink LTE em FPGA,"Silva, Bruno Leonardo Mendes Tavares.",Tecnologia LTE(Long Term Evolution) -,Dissertação,Biblioteca Central Zila Mamede,1,0,0,0,0,0,0.0
180661,Virtualização :,"Veras, Manoel",Virtualização,Livro,Biblioteca Central Zila Mamede,3,0,0,0,0,0,0.0
180828,Otimização em comitês de classificadores :,"Santana, Laura Emmanuella Alves dos Santos.",Inteligência artificial -,Tese,Biblioteca Central Zila Mamede,1,0,0,0,0,0,0.0
180840,Controle inteligente aplicado a uma mesa de coordenadas de dois graus de liberdade,"Barros Filho, Emanuel Guerra de.",Engenharia de programas de computador -,Dissertação,Biblioteca Central Zila Mamede,1,0,0,0,0,0,0.0
180842,NatalGIS :,"Xavier Júnior, João Carlos.",Sistema de informações geográficas -,Tese,Biblioteca Central Zila Mamede,1,0,0,0,0,0,0.0
180921,Programação COBOL :,"Shimizu, Tamio,",COBOL (Linguagem de programação de computador),Livro,Biblioteca Central Zila Mamede,1,0,0,0,0,0,0.0
181098,Dos requisitos à arquitetura em linhas de produtos de software :,"Coelho, Keivilany Janielle de Lima.",Programa de computador(Software) -,Dissertação,Biblioteca Central Zila Mamede,1,0,0,0,0,0,0.0
181373,Aprendendo a programar programando em turbo pascal,"Evaristo, Jaime.",Programação de sistemas (Computação),Livro,Biblioteca Central Zila Mamede,1,0,0,0,0,0,0.0
181415,Um estudo algorítmico da programação da intervenção de sondas de produção,"Sabry, Gustavo de Araújo.",Metaheurística -,Dissertação,Biblioteca Central Zila Mamede,1,0,0,0,0,0,0.0
181608,AutoCad 12 :,"Gobbi, Cristina.",Sistema AutoCAD,Livro,Biblioteca Central Zila Mamede,1,0,0,0,0,0,0.0
181697,Implementing and maintaining Microsoft SQL Server 2008 eporting services,,SQL (Linguagem de programação de computador),Livro,Biblioteca Central Zila Mamede,1,0,0,0,0,0,0.0
181814,JAVA-XSC :,"Gonçalves, Marciano Lourenço da Silva.",Java(Linguagem de programação de computador) -,Dissertação,Biblioteca Central Zila Mamede,1,0,0,0,0,0,0.0
181834,Separação cega de fontes lineares e não lineares usando algoritmo genético RBF e Negentropia de Rényi como medida de independência,"Damasceno, Nielsen Castelo.",Processamento de sinais digitais -,Dissertação,Biblioteca Central Zila Mamede,1,0,0,0,0,0,0.0
182183,Projeto de sistemas integrados de propósito geral baseados em redes em chip - expandindo as funcionalidades dos roteadores para execução de operações :,"Araújo, Sílvio Roberto Fernandes de.",Arquitetura de computadores -,Tese,Biblioteca Central Zila Mamede,1,0,0,0,0,0,0.0
182193,A argumentação como elemento discursivo na mídia digital :,"Dantas, Daniel.",Linguística aplicada -,Tese,Biblioteca Central Zila Mamede,1,0,0,0,0,0,0.0
182226,Adobe Dreamweaver CS3 :,"Minorello, Danilo.",DreamWeaver (Programa de computador),Livro,Biblioteca Central Zila Mamede,1,0,0,0,0,0,0.0
182266,Fireworks CS3 :,"Blumer, Fernando Lobo.",Fireworks (Programa de computador),Livro,Biblioteca Central Zila Mamede,1,0,0,0,0,0,0.0
182697,Semantic web for the working ontologist :,"Allemang, Dean.",Web semântica,Livro,Biblioteca Central Zila Mamede,3,0,0,0,0,0,0.0
182700,Applied cryptography :,"Schneier, Bruce,",Criptografia de dados (Computação),Livro,Biblioteca Central Zila Mamede,3,0,0,0,0,0,0.0
182779,Prática de projeto em AutoCad :,"Pereira, Jailson dos Santos",Informática,Livro,Biblioteca Central Zila Mamede,3,0,0,0,0,0,0.0
182810,Uma análise experimental de algoritmos exatos aplicados ao problema da árvore geradora multiobjetivo,"Drumond, Patricia Medyna Lauritzen de Lucena.",Algoritmos experimentais -,Dissertação,Biblioteca Central Zila Mamede,1,0,0,0,0,0,0.0
183614,KitSmart :,"Santos, Simone de Oliveira.",Engenharia de software -,Dissertação,Biblioteca Central Zila Mamede,1,0,0,0,0,0,0.0
183615,Beta :,"Matos, Ernesto Cid Brasil de.",Engenharia de software -,Dissertação,Biblioteca Central Zila Mamede,1,0,0,0,0,0,0.0
183941,"Sistema embarcado à microcontrolador para coleta, rastreamento e transmissão de dados","Ciríaco, Raphael Dantas.",Sistemas embarcados -,Dissertação,Biblioteca Central Zila Mamede,1,0,0,0,0,0,0.0
184231,Visual computing :,"Nielsen, Frank.",Computação gráfica,Livro,Biblioteca Central Zila Mamede,2,0,0,0,0,0,0.0
184420,Bilionários por acaso :,"Mezrich, Ben,","Zuckerberg, Mark,",Livro,Biblioteca Central Zila Mamede,1,0,0,0,0,0,0.0
184736,An introduction to the analysis of algorithms,"Sedgewick, Robert,",Algoritmos de computador,Livro,Biblioteca Central Zila Mamede,2,0,0,0,0,0,0.0
184807,More programming pearls :,"Bentley, Jon Louis.",Programação (Computadores),Livro,Biblioteca Central Zila Mamede,2,0,0,0,0,0,0.0
184849,Nine algorithms that changed the future :,"MacCormick, John,",Inteligência artificial,Livro,Biblioteca Central Zila Mamede,1,0,0,0,0,0,0.0
184988,Polygon mesh processing,,Geometria -,Livro,Biblioteca Central Zila Mamede,5,0,0,0,0,0,0.0
185024,Use a cabeça! Programação,"Barry, Paul.",Programação (Computadores),Livro,Biblioteca Central Zila Mamede,1,0,0,0,0,0,0.0
185068,Investigando a combinação de técnicas de aprendizado semissupervisionado e classificação hierárquica multirrótulo,"Santos, Araken de Medeiros.",Aprendizado de máquina -,Tese,Biblioteca Central Zila Mamede,1,0,0,0,0,0,0.0
185069,"""Quão romance é minha vida amorosa!"" :","Silva, Vergas Vitória Andrade da.",Redes sociais on-line -,Tese,Biblioteca Central Zila Mamede,1,0,0,0,0,0,0.0
185071,Desenvolvimento de um sistema de automação e supervisão de máquinas dispensadoras através da Internet,"Costa, José Aniceto Duarte.",Programa de computador -,Dissertação,Biblioteca Central Zila Mamede,1,0,0,0,0,0,0.0
185072,Geração procedural de cenários orientada a objetivos,"Duarte, Philip Michel.",Inteligência artifical -,Dissertação,Biblioteca Central Zila Mamede,1,0,0,0,0,0,0.0
185269,Implementação de um sistema embarcado aplicado ao controle de pressão arterial,"Ribeiro, Anna Giselle Câmara Dantas.",Sistema de automação -,Dissertação,Biblioteca Central Zila Mamede,1,0,0,0,0,0,0.0
185272,Desenvolvimento formal de aplicações para Smart Cards,"Gomes, Bruno Emerson Gurgel.",Engenharia de software -,Tese,Biblioteca Central Zila Mamede,1,0,0,0,0,0,0.0
185310,"P, NP, and NP-completeness :","Goldreich, Oded.",Complexidade computacional,Livro,Biblioteca Central Zila Mamede,2,0,0,0,0,0,0.0
185556,Abordagem de construção de arquitetura homogênea para comitês via meta-aprendizagem,"Parente, Regina Rosa.",Aprendizagem de computador -,Dissertação,Biblioteca Central Zila Mamede,1,0,0,0,0,0,0.0
186104,Data mining :,,Mineração de dados (Computação),Livro,Biblioteca Central Zila Mamede,1,0,0,0,0,0,0.0
186160,Como quebrar códigos :,"Hoglund, Greg.",Computadores,Livro,Biblioteca Central Zila Mamede,1,0,0,0,0,0,0.0
186351,Uma ferramenta para análise multiresolução de dados não regularmente amostrados,"Medeiros, Luiz Paulo de Souza.",Processamento de sinais digitais(DSPs) -,Dissertação,Biblioteca Central Zila Mamede,1,0,0,0,0,0,0.0
186354,Construção e controle inteligente de um manipulador robótico com dois graus de liberdade,"Silva, Jobson Francisco da.",Controladores PID,Dissertação,Biblioteca Central Zila Mamede,2,0,0,0,0,0,0.0
186355,ISE-SPL :,"Carvalho, Túlio de Paiva Marques.",Engenharia de software -,Dissertação,Biblioteca Central Zila Mamede,1,0,0,0,0,0,0.0
186359,Compressão de imagens usando a função de peano e a transformada de Wavelet 1D,"Santos, Daniel Teixeira dos.",Processamento de imagens -,Dissertação,Biblioteca Central Zila Mamede,1,0,0,0,0,0,0.0
186625,Beginning Android application development,"Lee, Wei-Meng.",Android (Sistema operacional) -,Livro,Biblioteca Central Zila Mamede,1,0,0,0,0,0,0.0
186635,Projeto de banco da dados com XML,"Graves, Mark.",Banco de dados -,Livro,Biblioteca Central Zila Mamede,1,0,0,0,0,0,0.0
186695,The science of programming,"Gries, David,",Programação (Computadores),Livro,Biblioteca Central Zila Mamede,1,0,0,0,0,0,0.0
186712,Método fuzzy para auxílio ao diagnóstico de câncer de mama em ambiente inteligente de telediagnóstico colaborativo para apoio à tomada de decisão,"Sizilio, Gláucia Regina Medeiros Azambuja.",Inteligência computacional -,Tese,Biblioteca Central Zila Mamede,2,0,0,0,0,0,0.0
186721,Aplicação do algoritmo de otimização por colônia de formigas sobre o problema do passeio do robô seletivo,"Oliveira Júnior, Edmilson Frank Machado.",Algoritmo -,Dissertação,Biblioteca Central Zila Mamede,1,0,0,0,0,0,0.0
186740,Bancos de dados :,"Setzer, Valdemar W.",Banco de dados,Livro,Biblioteca Central Zila Mamede,1,0,0,0,0,0,0.0
186745,Designing network security,"Kaeo, Merike.",Redes de computadores -,Livro,Biblioteca Central Zila Mamede,1,0,0,0,0,0,0.0
187041,Projeto de redes top-down :,"Oppenheimer, Priscilla.",Redes de computadores -,Livro,Biblioteca Central Zila Mamede,1,0,0,0,0,0,0.0
187532,Identificação e comparação entre controle preditivo com modelo não linear e PI sintonizados com PSO em sistema de separação gravitacional de água-óleo,"Dantas, André Felipe Oliveira de Azevedo.",Algoritmo de identificação -,Dissertação,Biblioteca Central Zila Mamede,1,0,0,0,0,0,0.0
187536,Estudo avaliativo de um algoritmo genético auto-organizável e multiobjetivo utilizando aprendizado de máquina para aplicações de telecomunicações,"Martins, Sinara da Rocha.",Algoritmo genético -,Dissertação,Biblioteca Central Zila Mamede,1,0,0,0,0,0,0.0
187923,Apoiando a construção de testes de aceitação automatizados a partir da especificação de requisitos,"Silva, Carlos Breno Pereira da.",Engenharia de software -,Dissertação,Biblioteca Central Zila Mamede,1,0,0,0,0,0,0.0
187928,"Mapeamento robótico 2,5-D como representação em grade de ocupação-elevação","Souza, Anderson Abner de Santana.",Inteligência artificial -,Tese,Biblioteca Central Zila Mamede,1,0,0,0,0,0,0.0
188222,Informática para concursos :,"Costa, Renato dos Santos da.",Informática -,Livro,Biblioteca Central Zila Mamede,1,0,0,0,0,0,0.0
188236,Modula-2 :,"Joyce, Edward J.",Modula 2 (Linguagem de programação de computador),Livro,Biblioteca Central Zila Mamede,1,0,0,0,0,0,0.0
188363,Descomplicando a informática para concursos :,"Telles, Reynaldo,",Informática -,Livro,Biblioteca Central Zila Mamede,1,0,0,0,0,0,0.0
188364,Descomplicando o BrOffice para concursos :,"Telles, Reynaldo,",BrOffice.org (Programa de computador),Livro,Biblioteca Central Zila Mamede,2,0,0,0,0,0,0.0
188510,Data structures using PASCAL,"Tenenbaum, Aaron M.",PASCAL (Linguagem de programação de computador),Livro,Biblioteca Central Zila Mamede,1,0,0,0,0,0,0.0
188580,Bases da computacao grafica,"Banon, Gerald Jean Francis,",Computação gráfica,Livro,Biblioteca Central Zila Mamede,1,0,0,0,0,0,0.0
188712,ColdFusion MX with Dreamweaver MX,"Golden, David.",ColdFusion,Livro,Biblioteca Central Zila Mamede,1,0,0,0,0,0,0.0
188725,Princípios de análise e projeto de sistemas com UML,"Bezerra, Eduardo,",UML (Linguagem de modelagem padrão),Livro,Biblioteca Central Zila Mamede,1,0,0,0,0,0,0.0
188865,Geração automática de hardware a partir de especificações formais :,"Medeiros Júnior, Ivan Soares de.",Engenharia de software -,Dissertação,Biblioteca Central Zila Mamede,1,0,0,0,0,0,0.0
188867,Uma solução para geração automática de trilhas em língua brasileira de sinais em conteúdo multimídia,"Araújo, Tiago Maritan Ugulino de.",Tecnologia da informação e comunicação(TIC) -,Tese,Biblioteca Central Zila Mamede,2,0,0,0,0,0,0.0
188869,Um sistema inteligente de classificação de sinais de EEG para interface cérebro-computador,"Barbosa, André Freitas.",Interface cérebro-computador,Dissertação,Biblioteca Central Zila Mamede,1,0,0,0,0,0,0.0
188877,Agentes inteligentes como foco de atenção afetivo em simulações baseadas em agentes,"Signoretti, Alberto.",Inteligência artificial -,Tese,Biblioteca Central Zila Mamede,1,0,0,0,0,0,0.0
188930,Building Cisco multilayer switched networks,"Webb, Karen.",Telecomunicações -,Livro,Biblioteca Central Zila Mamede,1,0,0,0,0,0,0.0
188931,OSPF network design solutions,"Jessell, Thomas M.",Redes de computadores -,Livro,Biblioteca Central Zila Mamede,1,0,0,0,0,0,0.0
188952,Use a cabeça! :,"Anderson, Al.",Redes de computadores,Livro,Biblioteca Central Zila Mamede,3,0,0,0,0,0,0.0
188981,Implantando a governança de TI :,"Fernandes, Aguinaldo Aragon.",Administração de empresas -,Livro,Biblioteca Central Zila Mamede,3,0,0,0,0,0,0.0
189129,Controlador adaptativo backstepping a estrutura variável com observadores de estado,"Amorim, Breno Meira Moura de.",Controle adaptativo backstepping -,Dissertação,Biblioteca Central Zila Mamede,2,0,0,0,0,0,0.0
189133,Estudo comparativo de estratégias de controle aplicadas a um gerador síncrono,"Jácome, Isac Calistrato.",Gerador síncrono -,Dissertação,Biblioteca Central Zila Mamede,1,0,0,0,0,0,0.0
189138,e-Pontos :,"Paiva, Jailton Carlos de.",Sistema embarcado -,Dissertação,Biblioteca Central Zila Mamede,2,0,0,0,0,0,0.0
189478,Operating system design :,"Comer, Douglas.",Xinu (Sistema operacional de computador),Livro,Biblioteca Central Zila Mamede,1,0,0,0,0,0,0.0
190022,Classificação de padrões através de um comitê de máquinas aprimorado por aprendizagem por reforço,"Lima, Naiyan Hari Cândido.",Aprendizado de máquina -,Dissertação,Biblioteca Central Zila Mamede,2,0,0,0,0,0,0.0
190026,Squid impact analyser :,"Vianna, Alexandre Strapação Guedes.",Programa de computador(Software) -,Dissertação,Biblioteca Central Zila Mamede,1,0,0,0,0,0,0.0
190027,Caracterizando os fluxos excepcionais em linhas de produto de software :,"Melo, Hugo Faria.",Programa de computador(Software) -,Dissertação,Biblioteca Central Zila Mamede,1,0,0,0,0,0,0.0
190030,ReqSys-MDD :,"Sousa, Lidiane Oliveira dos Santos.",Programa de computador(Software) -,Dissertação,Biblioteca Central Zila Mamede,1,0,0,0,0,0,0.0
190031,Uma nova forma de calcular os centro dos clusters em algoritmos de agrupamento tipo fuzzy C-Means,"Vargas, Rogério Rodrigues de.",Algoritmos -,Tese,Biblioteca Central Zila Mamede,1,0,0,0,0,0,0.0
190198,Uma estratégia dirigida a modelos e baseada em linguagem de descrição arquitetural para linhas de produtos de software,"Medeiros, Ana Luísa Ferreira de.",Engenharia de software -,Tese,Biblioteca Central Zila Mamede,1,0,0,0,0,0,0.0
190202,Flowshop de permutação variante total flowtime :,"Costa, Wagner Emanoel.",Algoritmo -,Tese,Biblioteca Central Zila Mamede,1,0,0,0,0,0,0.0
190291,Autowebs :,"Silva, Thiago Pereira da.",Engenharia de software -,Dissertação,Biblioteca Central Zila Mamede,1,0,0,0,0,0,0.0
190292,Análise de desempenho da rede neural artificial do tipo multilayer perceptron na era multicore,"Souza, Francisco Ary Alves de.",Computação paralela -,Dissertação,Biblioteca Central Zila Mamede,1,0,0,0,0,0,0.0
190347,Axiomatising the logic of computer programming,"Goldblatt, Robert.",Linguagem de programação (Computadores) -,Livro,Biblioteca Central Zila Mamede,1,0,0,0,0,0,0.0
190354,A logical theory of nonmonotonic inference and belief change,"Bochman, Alexander,",Raciocínio não monotônico,Livro,Biblioteca Central Zila Mamede,1,0,0,0,0,0,0.0
190389,C completo e total,"Schildt, Herbert,",C (Linguagem de programação de computador),Livro,Biblioteca Central Zila Mamede,1,0,0,0,0,0,0.0
190564,Sistema de teleoftalmologia para auxílio ao pré-diagnóstico de disfunções oculomotoras,"Batista, Jessé Haniel do Nascimento.",Interação homem-máquina -,Dissertação,Biblioteca Central Zila Mamede,1,0,0,0,0,0,0.0
190567,Formal verification of PLC programs using the B method,"Barbosa, Haniel Moreira.",Engenharia de software -,Dissertação,Biblioteca Central Zila Mamede,1,0,0,0,0,0,0.0
190575,Um sistema de visão computacional para o monitoramento de parâmetros respiratórios de pacientes com Esclerose Lateral Amiotrófica em ambiente hospitalar,"Silva, Gustavo Henrique Souto da.",Visão computacional -,Dissertação,Biblioteca Central Zila Mamede,1,0,0,0,0,0,0.0
190757,Sumarização e análise de vídeos de histeroscopias,"Gavião Neto, Wilson Pires.",Informática -,Dissertação,Biblioteca Central Zila Mamede,1,0,0,0,0,0,0.0
190815,How the world computes :,,Computação,Livro,Biblioteca Central Zila Mamede,2,0,0,0,0,0,0.0
191076,Jquery mobile :,"Silva, Maurício Samy,",Sites da Web -,Livro,Biblioteca Central Zila Mamede,1,0,0,0,0,0,0.0
191171,Roteamento em redes de sensores sem fios com base em aprendizagem por reforço,"Campos, Leonardo René dos Santos.",Redes de sensores sem fio -,Dissertação,Biblioteca Central Zila Mamede,1,0,0,0,0,0,0.0
191173,Uma aplicação do algoritmo QT clustering para marcação colaborativa de pontos perigosos em vias públicas,"Lima, Adelson Luiz de.",Algoritmo -,Dissertação,Biblioteca Central Zila Mamede,1,0,0,0,0,0,0.0
191176,Identificação visual de caixas de medicamentos usando features correspondentes,"Benjamim, Xiankleber Cavalcante.",Visão computacional -,Dissertação,Biblioteca Central Zila Mamede,1,0,0,0,0,0,0.0
191178,Supervisório inteligente de processos na indústria do petróleo e gás :,"Barros, Thiago Medeiros.",Arquitetura de computadores -,Dissertação,Biblioteca Central Zila Mamede,1,0,0,0,0,0,0.0
191181,Escalabilidade paralela de um algoritimo de migração reversa no tempo (RTM) pré-empilhamento,"Rosário, Desnes Augusto Nunes do.",Sistemas paralelos e distribuídos -,Dissertação,Biblioteca Central Zila Mamede,1,0,0,0,0,0,0.0
191184,Plataforma robótica de baixíssimo custo para robótica educacional,"Aroca, Rafael Vidal.",Robótica -,Tese,Biblioteca Central Zila Mamede,1,0,0,0,0,0,0.0
191354,Practical support for ISO 9001 software project documentation using IEEE software engineering standards,"Land, Susan K.",Engenharia de software,Livro,Biblioteca Central Zila Mamede,2,0,0,0,0,0,0.0
191437,Cryptography engineering :,"Ferguson, Niels.",Criptografia,Livro,Biblioteca Central Zila Mamede,3,0,0,0,0,0,0.0
191610,Sistemas de gerenciamento de bibliotecas :,"Costa, Maria Ilza da.",Administração do conhecimento -,Dissertação,Biblioteca Central Zila Mamede,1,0,0,0,0,0,0.0
191876,Desenvolvimento de software para simulação de motores com dispositivos de partida baseada na integração do ATP com o TOpReDE,"Medeiros, Arthur Salgado de.",Programa de computador(Software) -,Dissertação,Biblioteca Central Zila Mamede,1,0,0,0,0,0,0.0
192162,Advanced cisco router configuration,,Interconexão em rede (Telecomunicações),Livro,Biblioteca Central Zila Mamede,1,0,0,0,0,0,0.0
192230,Cloud integrator :,"Cavalcante, Everton Ranielly de Sousa.",Sistemas distribuídos -,Dissertação,Biblioteca Central Zila Mamede,1,0,0,0,0,0,0.0
192231,Segmentação fuzzy de texturas e vídeos,"Santos, Tiago Souza dos.",Processamento de imagens -,Dissertação,Biblioteca Central Zila Mamede,1,0,0,0,0,0,0.0
192233,Análise das medidas de boa e má diversidade na construção de Comitês de Classificadores através de metaheurística de otimização multiobjetivo,"Feitosa Neto, Antonino Alves.",Inteligência artificial -,Dissertação,Biblioteca Central Zila Mamede,1,0,0,0,0,0,0.0
192237,On fuzzy implications classes :,"Cruz, Anderson Paiva.",Implicações fuzzy -,Tese,Biblioteca Central Zila Mamede,1,0,0,0,0,0,0.0
192285,Rails for Java developers,"Halloway, Stuart Dabbs.",Ruby (linguagem de programação),Livro,Biblioteca Central Zila Mamede,1,0,0,0,0,0,0.0
192303,Robust Java :,"Stelting, Stephen.",Java (Linguagem de programa de computador),Livro,Biblioteca Central Zila Mamede,1,0,0,0,0,0,0.0
192423,A forma mais facil de utilizar um PC :,,Windows NT (Sistema operacional de computador),Livro,Biblioteca Central Zila Mamede,1,0,0,0,0,0,0.0
193365,Programming with higher-order logic,"Miller, Dale",Programação lógica (Computação),Livro,Biblioteca Central Zila Mamede,2,0,0,0,0,0,0.0
193392,Algoritmos genéticos aplicados a um comitê de LS-SVM em problemas de classificação,"Padilha, Carlos Alberto de Araújo.",Algoritmos genéticos -,Dissertação,Biblioteca Central Zila Mamede,1,0,0,0,0,0,0.0
193401,CALV3 - uma linguagem específica de domínio para segurança em sistemas corporativos :,"Dantas, George Henrique Costa.",Engenharia de software -,Dissertação,Biblioteca Central Zila Mamede,1,0,0,0,0,0,0.0
193410,Uma metodologia para modelagem e avaliação da dependabilidade de redes industriais sem fio,"Silva, Ivanovitch Medeiros Dantas da.",Redes industriais sem fio -,Tese,Biblioteca Central Zila Mamede,1,0,0,0,0,0,0.0
193611,Pesquisa sobre o uso das tecnologias de informação e comunicação nas escolas brasileiras :,,Tecnologia da informação -,Livro,Biblioteca Central Zila Mamede,2,0,0,0,0,0,0.0
193612,Pesquisa sobre o uso das tecnologias de informação e comunicação no Brasil :,,Tecnologia da informação -,Livro,Biblioteca Central Zila Mamede,1,0,0,0,0,0,0.0
193766,Uma ferramenta de análise de robustez para a melhoria de qualidade de sistemas de software,"Garcia, Israel Barbosa.",Programa de computador(Software) -,Dissertação,Biblioteca Central Zila Mamede,1,0,0,0,0,0,0.0
193770,A Methodology for building service-oriented applications in the presence of non-functional properties,"Souza Neto, Plácido Antônio de.",Engenharia de software -,Tese,Biblioteca Central Zila Mamede,1,0,0,0,0,0,0.0
194243,Beginning C# 2005 databases :,,Banco de dados,Livro,Biblioteca Central Zila Mamede,1,0,0,0,0,0,0.0
194244,Beginning SQL Server 2005 express database applications with Visual Basic Express and Visual Web Developer Express :,"Dobson, Rick.",Banco de dados,Livro,Biblioteca Central Zila Mamede,1,0,0,0,0,0,0.0
194366,Android cookbook,"Darwin, Ian F.",Android -,Livro,Biblioteca Central Zila Mamede,1,0,0,0,0,0,0.0
194441,The Web designer's idea book :,"McNeil, Patrick.",Web sites -,Livro,Biblioteca Central Zila Mamede,1,0,0,0,0,0,0.0
194509,Avaliação da execução de aplicações orientadas à dados na arquitetura de redes em chip IPNoSys,"Nobre, Christiane de Araújo.",Arquitetura de redes -,Dissertação,Biblioteca Central Zila Mamede,1,0,0,0,0,0,0.0
194529,Presentation zen :,"Reynolds, Garr.",Computação gráfica,Livro,Biblioteca Central Zila Mamede,1,0,0,0,0,0,0.0
194580,Programando em java,"Arnold, Ken,",Java (Linguagem de programação de computador),Livro,Biblioteca Central Zila Mamede,1,0,0,0,0,0,0.0
194586,Dominando o java,"Naughton, Patrick.",Linguagem de programação (Computadores),Livro,Biblioteca Central Zila Mamede,1,0,0,0,0,0,0.0
194598,Curso prático de linux :,"Ferrari, Fabrício Augusto.",Linux (Sistema operacional de computador),Livro,Biblioteca Central Zila Mamede,1,0,0,0,0,0,0.0
194829,Pesquisa sobre o uso das tecnologias da informação e da comunicação no Brasil :,,Internet,Livro,Biblioteca Central Zila Mamede,1,0,0,0,0,0,0.0
194832,Pesquisa sobre o uso das tecnologias da informação e da comunicação no Brasil :,,Internet,Livro,Biblioteca Central Zila Mamede,1,0,0,0,0,0,0.0
194834,Pesquisa sobre o uso das tecnologias da informação e da comunicação no Brasil :,,Internet,Livro,Biblioteca Central Zila Mamede,1,0,0,0,0,0,0.0
194986,Java:,"Sikora, Zbigniew M.",Java -,Livro,Biblioteca Central Zila Mamede,1,0,0,0,0,0,0.0
198831,Cloud computing :,"Jamsa, Kris,",Computação em nuvens,Livro,Biblioteca Central Zila Mamede,2,0,0,0,0,0,0.0
198872,The ESRI guide to GIS analysis,"Mitchell, Andy.",Sistemas de informação geográfica,Livro,Biblioteca Central Zila Mamede,20,0,0,0,0,0,0.0
198956,"GIS, environmental modeling and engineering","Brimicombe, Allan.",Sistemas de Informação Geográfica,Livro,Biblioteca Central Zila Mamede,4,0,0,0,0,0,0.0
199097,Controle fuzzy espacialmente diferenciado para um sistema de irrigação,"Feliciano, Rafaelle de Aguiar Correia.",Lógica difusa,Dissertação,Biblioteca Central Zila Mamede,1,0,0,0,0,0,0.0
199344,Distributed algorithms for Peer-to-peer systems,"Ferreira, Ronaldo Alves.",Algoritmo,Tese,Biblioteca Central Zila Mamede,1,0,0,0,0,0,0.0
199728,Banco de dados :,"Machado, Felipe Nery Rodrigues.",Banco de dados,Livro,Biblioteca Central Zila Mamede,1,0,0,0,0,0,0.0
199775,EUPAT for WoW :,"Barbosa, Marcelo de Barros.",Interação homem-máquina -,Dissertação,Biblioteca Central Zila Mamede,1,0,0,0,0,0,0.0
199776,A Satisfação e a intenção de continuidade de uso em serviços de e-learning :,"Pereira, Fernando Antonio de Melo.",Ensino à distância -,Dissertação,Biblioteca Central Zila Mamede,1,0,0,0,0,0,0.0
199783,RR3D :,"Papaiz, Fabiano.",Processamento de imagens -,Dissertação,Biblioteca Central Zila Mamede,1,0,0,0,0,0,0.0
199934,Faça um site PHP 5.2 com MySQL 5.0 :,"Oliviero, Carlos A. J.,",PHP (Linguagem de programação de computador),Livro,Biblioteca Central Zila Mamede,1,0,0,0,0,0,0.0
200084,S-Educ :,"Fernandes, Carla da Costa.",Robótica educacional -,Dissertação,Biblioteca Central Zila Mamede,1,0,0,0,0,0,0.0
200086,Análise de agrupamentos com base na teoria da informação :,"Araújo, Daniel Sabino Amorim de.",Análise de agrupamento -,Tese,Biblioteca Central Zila Mamede,1,0,0,0,0,0,0.0
201074,Hacer clic :,"Scolari, Carlos Alberto,",Interação homem-máquina,Livro,Biblioteca Central Zila Mamede,7,0,0,0,0,0,0.0
201101,Predição da incrustação em um trocador de calor baseada em redes neurais artificiais,"Silva, Victor Leonardo Cavalcante Melo da.",Redes neurais artificiais -,Dissertação,Biblioteca Central Zila Mamede,1,0,0,0,0,0,0.0
201107,Arquitetura empresarial :,"Silva, César Augusto Barreto da.",Arquitetura empresarial -,Dissertação,Biblioteca Central Zila Mamede,1,0,0,0,0,0,0.0
201113,Multicast packing problema :,"Andrade, Romerito Campos de.",Algoritmos experimentais -,Dissertação,Biblioteca Central Zila Mamede,1,0,0,0,0,0,0.0
201365,On extension of fuzzy connectives,"Palmeira, Eduardo Silva.",Lógica fuzzy -,Tese,Biblioteca Central Zila Mamede,1,0,0,0,0,0,0.0
201376,Análise de escalabilidade de uma implementação paralela do Simulated Annealing Acoplado,"Silva, Kayo Gonçalves e.",Processamento paralelo -,Dissertação,Biblioteca Central Zila Mamede,1,0,0,0,0,0,0.0
201666,Ambiente virtual colaborativo para suporte à operação,"Lopes, Kennedy Reurison.",Sistema colaborativo -,Dissertação,Biblioteca Central Zila Mamede,1,0,0,0,0,0,0.0
201783,Administração de informática :,"Albertin, Alberto Luiz.",Informática,Livro,Biblioteca Central Zila Mamede,2,0,0,0,0,0,0.0
201845,Otimizações da transmissão de imagens em redes de sensores visuais sem fio explorando a relevância de monitoramento dos nós fontes e codificação DWT,"Costa, Daniel Gouveia.",Redes de sensores visuais sem fio -,Tese,Biblioteca Central Zila Mamede,1,0,0,0,0,0,0.0
201852,Uso de modelos i* para enriquecer requisitos em métodos ágeis,"Jaqueira, Aline de Oliveira Prata.",Engenharia de software -,Dissertação,Biblioteca Central Zila Mamede,1,0,0,0,0,0,0.0
202181,Algorithms unlocked,"Cormen, Thomas H.",Algorítmos computacionais,Livro,Biblioteca Central Zila Mamede,2,0,0,0,0,0,0.0
202240,Uma máquina de redução de grafos para serviços Web,"Carvalho, Daniel Aguiar da Silva.",Sistemas distribuídos -,Dissertação,Biblioteca Central Zila Mamede,1,0,0,0,0,0,0.0
202243,Uma investigação de algoritmos exatas e metaheurísticos aplicados ao nanograma,"Taumaturgo, Camila Nascimento de Oliveira.",Algoritmos -,Dissertação,Biblioteca Central Zila Mamede,1,0,0,0,0,0,0.0
202387,Avaliação da contribuição de desenvolvedores para projetos de software usando mineração de repositórios de software e mineração de processos,"Costa, Daniel Alencar da.",Mineração de dados(Computação) -,Dissertação,Biblioteca Central Zila Mamede,1,0,0,0,0,0,0.0
202391,Sistema de apoio à interatividade em revisões sistemáticas em engenharia de software,"Fernandes, Wellington Alexandre.",Engenharia de software -,Dissertação,Biblioteca Central Zila Mamede,1,0,0,0,0,0,0.0
202400,GT4CCI :,"Sobral, Larissa de Alencar.",Engenharia de requisitos -,Dissertação,Biblioteca Central Zila Mamede,1,0,0,0,0,0,0.0
202473,A students guide to coding and information theory,"Moser, Stefan M.",Engenharia de sistema,Livro,Biblioteca Central Zila Mamede,12,0,0,0,0,0,0.0
202478,Modern coding theory,"Richardson, Thomas J.",Teoria da codificação,Livro,Biblioteca Central Zila Mamede,5,0,0,0,0,0,0.0
202505,Handbook of logic and language,,Processamento da linguagem natural -,Livro,Biblioteca Central Zila Mamede,2,0,0,0,0,0,0.0
202550,Jornalismo cidadão :,"Targino, Maria das Graças Leite.",Jornalismo,Livro,Biblioteca Central Zila Mamede,1,0,0,0,0,0,0.0
202737,Uma abordagem para verificação do comportamento excepcional a partir de regras de design e testes,"Sales Júnior, Ricardo José.",Software -,Dissertação,Biblioteca Central Zila Mamede,1,0,0,0,0,0,0.0
203155,Human-computer interaction :,"MacKenzie, I. Scott,",Interação homem-máquina,Livro,Biblioteca Central Zila Mamede,3,0,0,0,0,0,0.0
203572,Interação em realidade virtual e realidade aumentada,,Interação homem-máquina,Livro,Biblioteca Central Zila Mamede,1,0,0,0,0,0,0.0
203718,Foundations of genetic programming,"Langdon, William B.",Inteligência artificial,Livro,Biblioteca Central Zila Mamede,2,0,0,0,0,0,0.0
204423,Information graphics :,"Harris, Robert L.,",Métodos gráficos -,Livro,Biblioteca Central Zila Mamede,3,0,0,0,0,0,0.0
204692,The functional art :,"Cairo, Alberto,",Computação gráfica,Livro,Biblioteca Central Zila Mamede,3,0,0,0,0,0,0.0
204710,Seductive interaction design :,"Anderson, Stephen P.",Sites da Web -,Livro,Biblioteca Central Zila Mamede,3,0,0,0,0,0,0.0
204766,Usability :,,Projeto de sistemas,Livro,Biblioteca Central Zila Mamede,6,0,0,0,0,0,0.0
204827,Superando os risco da segurança baseada em perímetro uma abordagem com identificação federada através de certificados digitais A3/ICP-Brasil e SAML,"Souza, Wellington Silva de.",Redes de computação -,Dissertação,Biblioteca Central Zila Mamede,1,0,0,0,0,0,0.0
204885,Controle de posição de uma plataforma plana para captação de radiação solar,"Silva, Milton Medeiros da.",Engenharia de programas de computador -,Dissertação,Biblioteca Central Zila Mamede,1,0,0,0,0,0,0.0
204953,Sistemas e software de tempo real,"Shaw, Alan C.,",Engenharia de software,Livro,Biblioteca Central Zila Mamede,3,0,0,0,0,0,0.0
205160,Uma Linguagem de modelagem da interação para auxiliar a comunicação designer-usuário,"Costa Neto, Macilon Araujo.",Engenharia de software -,Tese,Biblioteca Central Zila Mamede,1,0,0,0,0,0,0.0
205255,Metodologia para adaptação de microarquiteturas microprogramadas soft-core à uma ISA padrão :,"Casillo, Leonardo Augusto.",Processadores reconfiguráveis -,Tese,Biblioteca Central Zila Mamede,1,0,0,0,0,0,0.0
205257,Projetando para o iPad :,"Stevens, Chris,",iPad (Computador) -,Livro,Biblioteca Central Zila Mamede,7,0,0,0,0,0,0.0
205588,Reengenharia do framework Cosmos :,"Medeiros, José Augusto Nascimento de.",Programas de computador -,Dissertação,Biblioteca Central Zila Mamede,1,0,0,0,0,0,0.0
205761,Linguagem de domínio específico para modelagem e avaliação de processadores,"Silveira, Max Miller da.",Hardware -,Dissertação,Biblioteca Central Zila Mamede,1,0,0,0,0,0,0.0
205981,Análise e design orientados a objetos,"Engholm Junior, Hélio.",Métodos orientados a objetos (Computação),Livro,Biblioteca Central Zila Mamede,3,0,0,0,0,0,0.0
206030,Conhecendo e trabalhando com o Delphi 8,"Côrtes, Pedro Luiz,",Ferramentas para desenvolvimento de programas,Livro,Biblioteca Central Zila Mamede,1,0,0,0,0,0,0.0
206116,The universal computer :,"Davis, Martin,",Computadores digitais eletrônicos -,Livro,Biblioteca Central Zila Mamede,1,0,0,0,0,0,0.0
206811,Digital design :,"Vahid, Frank.",Sistemas embutidos de computador,Livro,Biblioteca Central Zila Mamede,1,0,0,0,0,0,0.0
207125,SQL :,"Oliveira, Celso H. Poderoso de",SQL (Linguagem de programação de computador),Livro,Biblioteca Central Zila Mamede,1,0,0,0,0,0,0.0
207258,O Problema biobjetivo da árvore geradora quadrática em adjacência de arestas,"Maia, Sílvia Maria Diniz Monteiro.",Algorítmos -,Tese,Biblioteca Central Zila Mamede,1,0,0,0,0,0,0.0
208228,Inteligência artificial :,"Artero, Almir Olivette",Inteligência artificial,Livro,Biblioteca Central Zila Mamede,1,0,0,0,0,0,0.0
208429,The art of differentiating computer programs :,"Naumann, Uwe,",Programas de computador,Livro,Biblioteca Central Zila Mamede,2,0,0,0,0,0,0.0
208465,Gerenciamento de projetos com dotproject :,"Jordan, Lee.",Administração de projetos,Livro,Biblioteca Central Zila Mamede,1,0,0,0,0,0,0.0
208765,Model-based testing for embedded systems,,Sistemas informáticos incorporados -,Livro,Biblioteca Central Zila Mamede,10,0,0,0,0,0,0.0
208871,Um Problema de caminho mais curto multiobjetivo na computação em nuvem,"Menezes, Dann Luciano de.",Computação em nuvem -,Dissertação,Biblioteca Central Zila Mamede,1,0,0,0,0,0,0.0
208980,Um Método para desenvolvimento de abordagens generativas com composição de linguagens específicas de domínio,"Campos Neto, Edmilson Barbalho.",Engenharia de software automatizada -,Dissertação,Biblioteca Central Zila Mamede,1,0,0,0,0,0,0.0
209045,Smart sensors for industrial applications,,Computadores -,Livro,Biblioteca Central Zila Mamede,10,0,0,0,0,0,0.0
209265,Compra e venda eletrônica e suas implicações,"Gregores, Valéria Elias de Melo,",Comércio eletrônico -,Livro,Biblioteca Central Zila Mamede,1,0,0,0,0,0,0.0
209452,Segmentação fuzzy de imagens coloridas com características texturais :,"Siebra, Hélio de Albuquerque.",Processamento de imagens -,Dissertação,Biblioteca Central Zila Mamede,1,0,0,0,0,0,0.0
209749,As leis fundamentais do projeto de software,"Kanat-Alexander, Max.",Engenharia de software,Livro,Biblioteca Central Zila Mamede,1,0,0,0,0,0,0.0
209818,Desenvolvimento e implantação de um sistema de gestão de pedidos de informação endereçados à Universidade Federal do Rio Grande do Norte a partir do serviço de informação ao cidadão(E-SIC),"Rocha, William Coelho.",Gestão de sistema de informação -,Dissertação,Biblioteca Central Zila Mamede,1,0,0,0,0,0,0.0
209822,Construção das capacidades organizacionais de tecnologia da informação no contexto dos sistemas institucionais integrados da UFRN,"Medeiros Júnior, Josué Vitor de.",Gestão de sistemas de informação -,Tese,Biblioteca Central Zila Mamede,1,0,0,0,0,0,0.0
210155,Arquitetura multiagente baseada em nuvem de partículas para hibridização de metaheurísticas,"Souza, Givanaldo Rocha de.",Metaheurística -,Tese,Biblioteca Central Zila Mamede,1,0,0,0,0,0,0.0
210167,Cluster-based semi-supervised ensemble learning,"Soares, Rodrigo Gabriel Ferreira.",Aprendizado de máquina -,Tese,Biblioteca Central Zila Mamede,1,0,0,0,0,0,0.0
210170,Responsabilidade criminal dos provedores de internet,"Bezerra, Ingrid de Lima.",Crimes por computador -,Dissertação,Biblioteca Central Zila Mamede,1,0,0,0,0,0,0.0
210319,Uma Abordagem anotativa para gerências de variabilidades em linhas de processos de software :,"Aleixo, Fellipe Araújo.",Engenharia de software -,Tese,Biblioteca Central Zila Mamede,1,0,0,0,0,0,0.0
210437,Human attention in digital environments,,Interação homem-máquina,Livro,Biblioteca Central Zila Mamede,1,0,0,0,0,0,0.0
211186,Arduino em ação,"Evans, Martin.",Arduino (Controlador programável),Livro,Biblioteca Central Zila Mamede,1,0,0,0,0,0,0.0
211226,Understanding search engines :,"Berry, Michael W.",Ferramentas de busca na web,Livro,Biblioteca Central Zila Mamede,2,0,0,0,0,0,0.0
211517,Comitês de classificadores para o reconhecimento multibiométrico em dados biométricos revogáveis,"Pintro, Fernando.",Algoritmo genético -,Tese,Biblioteca Central Zila Mamede,1,0,0,0,0,0,0.0
211772,POPT :,"Lustosa Neto, Vicente Pires.",Software -,Dissertação,Biblioteca Central Zila Mamede,1,0,0,0,0,0,0.0
211777,STREAM-AP :,"Silva, Fábio Alexandre Gonçalves.",Engenharia de software -,Dissertação,Biblioteca Central Zila Mamede,1,0,0,0,0,0,0.0
211782,Instanciação e avaliação de um framework para a geração dinâmica de processos,"Soares, Fernando Helton Linhares.",Sistemas distribuídos -,Dissertação,Biblioteca Central Zila Mamede,1,0,0,0,0,0,0.0
211947,The art of Prolog :,"Sterling, Leon",PROLOG (Linguagem de programação de computador),Livro,Biblioteca Central Zila Mamede,1,0,0,0,0,0,0.0
211985,Um framework conceitual para apoiar a instrumentação da avaliação formativa da aprendizagem em jogos digitais,"Araújo, Glauber Galvão de.",Framework -,Dissertação,Biblioteca Central Zila Mamede,1,0,0,0,0,0,0.0
212014,Relações entre perfil de valores e perfil de uso da tecnologia :,"Queiros, Alinne Pompeu Cunha de.",Administração -,Dissertação,Biblioteca Central Zila Mamede,1,0,0,0,0,0,0.0
212021,"PEWS-ET, um sistema de tempo de execução para a linguagem PEWS","Medeiros, Handerson Bezerra.",Engenharia de software -,Dissertação,Biblioteca Central Zila Mamede,1,0,0,0,0,0,0.0
212086,C : power user's guide,"Schildt, Herbert,",C (Linguagem de programação de computador),Livro,Biblioteca Central Zila Mamede,1,0,0,0,0,0,0.0
212264,On fuzzy ideals and fuzzy filters of fuzzy lattices,"Mezzomo, Ivan.",Lógica fuzzy -,Tese,Biblioteca Central Zila Mamede,1,0,0,0,0,0,0.0
212268,Identificando interesses transversais em modelos de requisitos PL-AOVgraph,"Medeiros, Maíra de Faria Barros.",Engenharia de software -,Dissertação,Biblioteca Central Zila Mamede,1,0,0,0,0,0,0.0
212430,Embedded Linux primer :,"Hallinan, Christopher.",Linux,Livro,Biblioteca Central Zila Mamede,3,0,0,0,0,0,0.0
212594,Building Cisco remote access networks,"Paquet, Catherine.",Redes de computadores -,Livro,Biblioteca Central Zila Mamede,1,0,0,0,0,0,0.0
212595,Building Scalable Cisco networks,"Paquet, Catherine.",Redes de computadores,Livro,Biblioteca Central Zila Mamede,1,0,0,0,0,0,0.0
212596,Cisco ATM solutions,"Pildush, Galina Diker.",Redes de computadores,Livro,Biblioteca Central Zila Mamede,1,0,0,0,0,0,0.0
212649,Interconnecting Cisco network devices,,Redes de computadores,Livro,Biblioteca Central Zila Mamede,1,0,0,0,0,0,0.0
212703,CorelDraw 9,"McClelland, Deke,",CorelDRAW (Programa de computador),Livro,Biblioteca Central Zila Mamede,1,0,0,0,0,0,0.0
212863,Usabilidade móvel,"Nielsen, Jakob,",Interfaces em aplicações para dispositivos móveis,Livro,Biblioteca Central Zila Mamede,3,0,0,0,0,0,0.0
212940,Hardware na prática :,"Vasconcelos, Laércio,",Montagem (Computadores),Livro,Biblioteca Central Zila Mamede,1,0,0,0,0,0,0.0
212948,Testing complex and embedded systems,"Pries, Kim H.,",Engenharia e Tecnologia,Livro,Biblioteca Central Zila Mamede,10,0,0,0,0,0,0.0
213300,"AI algorithms, data structures, and idioms in Prolog, Lisp, and Java","Luger, George F.",Java (Linguagem de programação de computador),Livro,Biblioteca Central Zila Mamede,3,0,0,0,0,0,0.0
213340,Inclusão digital de idosos :,,Idosos -,Livro,Biblioteca Central Zila Mamede,10,0,0,0,0,0,0.0
214333,Software product lines in action :,"Linden, Frank van der,",Software -,Livro,Biblioteca Central Zila Mamede,8,0,0,0,0,0,0.0
214355,Configuration management principles and practice,"Hass, Anne Mette Jonassen.",Gerenciamento de configurações de software,Livro,Biblioteca Central Zila Mamede,8,0,0,0,0,0,0.0
214356,Thoughtful interaction design :,"Lowgren, Jonas.",Projeto de sistemas,Livro,Biblioteca Central Zila Mamede,10,0,0,0,0,0,0.0
214372,A discipline of programming,"Dijkstra, Edsger Wybe.",Programação (Computadores),Livro,Biblioteca Central Zila Mamede,2,0,0,0,0,0,0.0
214497,Animation. -,,Animação -,Livro,Biblioteca Central Zila Mamede,1,0,0,0,0,0,0.0
214582,Feature extraction & image processing for computer vision,"Nixon, Mark S.",Computação gráfica,Livro,Biblioteca Central Zila Mamede,5,0,0,0,0,0,0.0
214623,Software product line engineering :,"Pohl, Klaus,",Engenharia de software,Livro,Biblioteca Central Zila Mamede,8,0,0,0,0,0,0.0
214851,Software configuration management patterns :,"Berczuk, Stephen P.",Software,Livro,Biblioteca Central Zila Mamede,8,0,0,0,0,0,0.0
214859,Spatio-temporal Prediction Methods,"Ohashi Junior, Orlando Shigueo.",Banco de Dados Temporais -,Tese,Biblioteca Central Zila Mamede,1,0,0,0,0,0,0.0
214966,Constructive foundations for functional languages,"Turner, Raymond,",Linguagem de programação,Livro,Biblioteca Central Zila Mamede,1,0,0,0,0,0,0.0
214988,Analysis of questionnaire data with R,"Falissard, Bruno.",Questionários -,Livro,Biblioteca Central Zila Mamede,1,0,0,0,0,0,0.0
215249,Managing information technology projects,"Schwalbe, Kathy.",Gerenciamento de projetos,Livro,Biblioteca Central Zila Mamede,10,0,0,0,0,0,0.0
215596,Visual texture :,"Haindl, Michal.",Computação gráfica,Livro,Biblioteca Central Zila Mamede,2,0,0,0,0,0,0.0
215654,Fundamentos do gerenciamento de serviços de TI,"Freitas, Marcos André dos Santos.",Informática,Livro,Biblioteca Central Zila Mamede,1,0,0,0,0,0,0.0
215710,Semantics and logics of computation,,Processamento eletrônico de dados,Livro,Biblioteca Central Zila Mamede,2,0,0,0,0,0,0.0
215727,Nominal sets :,"Pitts, A. M.",Linguagem de programação (Computadores),Livro,Biblioteca Central Zila Mamede,2,0,0,0,0,0,0.0
215906,Verification of security protocols based on multicast communication,"Martina, Jean Everson.",Protocolos de segurança,Tese,Biblioteca Central Zila Mamede,1,0,0,0,0,0,0.0
216114,O setor de internet no Brasil :,"Pereira, Marcelo de Carvalho.",Internet -,Livro,Biblioteca Central Zila Mamede,3,0,0,0,0,0,0.0
216138,Mobile user experience:,"Mendoza, Adrian.",Software de aplicação,Livro,Biblioteca Central Zila Mamede,1,0,0,0,0,0,0.0
217124,The power of ideas :,,Internet -,Livro,Biblioteca Central Zila Mamede,2,0,0,0,0,0,0.0
217550,Didática e computador :,"Lollini, Paolo",Educação -,Livro,Biblioteca Central Zila Mamede,1,0,0,0,0,0,0.0
217798,Pesquisa sobre o uso das tecnologias da informação e da comunicação no Brasil :,,Internet,Livro,Biblioteca Central Zila Mamede,1,0,0,0,0,0,0.0
217984,The 3G IP multimedia subsystem (IMS) :,"Camarillo, Gonzalo.",Wireless communication systems,Livro,Biblioteca Central Zila Mamede,5,0,0,0,0,0,0.0
218785,O livro do IETF =,,Internet Engineering Task Force,Livro,Biblioteca Central Zila Mamede,4,0,0,0,0,0,0.0
218903,Use a cabeça desenvolvendo para iPhone e iPad,"Pilone, Dan.",Programação -,Livro,Biblioteca Central Zila Mamede,2,0,0,0,0,0,0.0
218993,Flash 8 professional,"Ynemine, Silvava Tauhata",Flash (Programa de computador),Livro,Biblioteca Central Zila Mamede,1,0,0,0,0,0,0.0
218994,Photoshop :,"Savichi, Louiseana Borges,",Adobe Photoshop (Programa de computador),Livro,Biblioteca Central Zila Mamede,1,0,0,0,0,0,0.0
219331,Meu primeiro livro de solidworks,"Santana, Fábio Evangelista.",SolidWorks (Programa de computador),Livro,Biblioteca Central Zila Mamede,1,0,0,0,0,0,0.0
219682,Software factories :,"Greenfield, Jack,",Software de aplicação -,Livro,Biblioteca Central Zila Mamede,8,0,0,0,0,0,0.0
220097,A study of smartphone text input methods:,"Page, Tom.",Dispositivos móveis,Livro,Biblioteca Central Zila Mamede,3,0,0,0,0,0,0.0
220118,Services for Safety :,"Rosset, Valerio.",Protocolo de rede de computador -,Dissertação,Biblioteca Central Zila Mamede,1,0,0,0,0,0,0.0
220157,Estruturas de dados,,Estruturas de dados,Livro,Biblioteca Central Zila Mamede,1,0,0,0,0,0,0.0
220346,Multispectral imaging :,"Roula, M. Ali.",Processamento de imagens -,Livro,Biblioteca Central Zila Mamede,2,0,0,0,0,0,0.0
220536,Using the ethernet protocol for real-time communications in embedded systems =,"Carreiro, Francisco Borges.",Redes de computadores -,Tese,Biblioteca Central Zila Mamede,1,0,0,0,0,0,0.0
221054,Wi-Fi :,"Ross, John,",Redes de computadores,Livro,Biblioteca Central Zila Mamede,1,0,0,0,0,0,0.0
221140,Desenvolvendo sites de e-commerce com.NET,"Bentrum, Jason.",Internet (Redes de computação),Livro,Biblioteca Central Zila Mamede,1,0,0,0,0,0,0.0
222146,JDBC API tutorial and reference,"Fisher, Maydene.",Banco de dados -,Livro,Biblioteca Central Zila Mamede,42,0,0,0,0,0,0.0
222490,Contratos de software,"Brancher, Paulo Marcos Rodrigues.",Informática -,Livro,Biblioteca Central Zila Mamede,1,0,0,0,0,0,0.0
222808,Aplicação da rede GTSOM para navegação de robôs móveis utilizando aprendizado por reforço,"Menegaz, Maurício.",Inteligência artificial -,Dissertação,Biblioteca Central Zila Mamede,1,0,0,0,0,0,0.0
222818,Problèmes de production avec transport des composants,"Liberalino, Carlos Heitor Pereira.",Ciência da computação -,Tese,Biblioteca Central Zila Mamede,1,0,0,0,0,0,0.0
222819,Electronic transport on carbon nanotube networks :,"Pereira, Luiz Felipe C.",Simulação computacional,Tese,Biblioteca Central Zila Mamede,1,0,0,0,0,0,0.0
223199,Inference rules for generic code migration of aspect-oriented programs,"Rubbo, Fernando Barden.",Java (Linguagem de programação de computador) -,Dissertação,Biblioteca Central Zila Mamede,1,0,0,0,0,0,0.0
223224,Disabled people and the web :,"Freire, André Pimenta.",Inclusão digital -,Tese,Biblioteca Central Zila Mamede,1,0,0,0,0,0,0.0
223422,Novos caminhos da inclusão digital :,,Inclusão digital,Livro,Biblioteca Central Zila Mamede,1,0,0,0,0,0,0.0
224076,Logical foundations of artificial intelligence,"Genesereth, Michael R.,",Inteligência artificial,Livro,Biblioteca Central Zila Mamede,1,0,0,0,0,0,0.0
224377,"Discurso e argumentação no blog ""fatos e dados"" da Petrobras","Lemos, Daniel Dantas.",Linguística aplicada,Livro,Biblioteca Central Zila Mamede,4,0,0,0,0,0,0.0
224986,Ubiquitous computing :,"Poslad, Stefan.",Interação homem-máquina,Livro,Biblioteca Central Zila Mamede,1,0,0,0,0,0,0.0
224987,Advances in ubiquitous computing :,,Computação ubíqua,Livro,Biblioteca Central Zila Mamede,1,0,0,0,0,0,0.0
225032,Microsoft Visual C# 2005 :,"Sharp, John,",C# (Linguagem de programação de computador),Livro,Biblioteca Central Zila Mamede,1,0,0,0,0,0,0.0
225394,Excel para contadores :,"Pereira, Maáio Sebastião de Azevedo.",Excel (Programa de computador),Livro,Biblioteca Central Zila Mamede,1,0,0,0,0,0,0.0
225561,Prolog programming in depth,"Covington, Michael A.,",Prolog (Linguagem de programação de computador),Livro,Biblioteca Central Zila Mamede,1,0,0,0,0,0,0.0
225599,Windows server 2008 :,"Stanek, William R.,",Windows Server (Sistema operacional de computador),Livro,Biblioteca Central Zila Mamede,3,0,0,0,0,0,0.0
225602,Kit de treinamento MCTS - Exame 70-642 :,"Northrup, Anthony,",Windows Server (Sistema operacional de computador),Livro,Biblioteca Central Zila Mamede,10,0,0,0,0,0,0.0
225727,TIC kids online Brasil 2012 :,,Tecnologia da informação -,Livro,Biblioteca Central Zila Mamede,1,0,0,0,0,0,0.0
225864,Agrupamento de computadores em linux :,"Bookman, Charles.",Sistemas operacionais (Computadores),Livro,Biblioteca Central Zila Mamede,1,0,0,0,0,0,0.0
226265,SOA :,"Erl, Thomas.",Sistemas de informação,Livro,Biblioteca Central Zila Mamede,2,0,0,0,0,0,0.0
226288,Modern compiler implementation in Java,"Appel, Andrew W.,",Java (Linguagem de programação de computador),Livro,Biblioteca Central Zila Mamede,1,0,0,0,0,0,0.0
226360,Análise e projeto de sistemas,"Dennis, Alan,",Projeto de sistemas,Livro,Biblioteca Central Zila Mamede,1,0,0,0,0,0,0.0
226468,Data structures and algorithms in Java,"Goodrich, Michael T.",Java (Linguagem de programação de computador),Livro,Biblioteca Central Zila Mamede,1,0,0,0,0,0,0.0
226630,Linux programming by example,"Wall, Kurt.",Linux (Sistema operacional de computador),Livro,Biblioteca Central Zila Mamede,1,0,0,0,0,0,0.0
226672,Engineering a compiler,"Cooper, Keith D.",Compiladores (Programas de computador),Livro,Biblioteca Central Zila Mamede,1,0,0,0,0,0,0.0
226677,Programming language processors in Java :,"Watt, David A.",Java (Linguagem de programação de computador),Livro,Biblioteca Central Zila Mamede,1,0,0,0,0,0,0.0
226748,Java :,"Deitel, Harvey M.,",Java (Linguagem de programação de computador),Livro,Biblioteca Central Zila Mamede,1,0,0,0,0,0,0.0
226899,Informática ESAF,"Martins Filho, Manuel.",Informática -,Livro,Biblioteca Central Zila Mamede,1,0,0,0,0,0,0.0
226935,Laboratório de IPv6 :,,Internet (Redes de computação),Livro,Biblioteca Central Zila Mamede,1,0,0,0,0,0,0.0
226998,Contabilidade inside ERP,"Haberkorn, Ernesto M.",Contabilidade -,Livro,Biblioteca Central Zila Mamede,1,0,0,0,0,0,0.0
227860,Pro C# with .NET 3.0,"Troelsen, Andrew W.",C# (Linguagem de programação de computador),Livro,Biblioteca Central Zila Mamede,1,0,0,0,0,0,0.0
228102,Lectures on complex networks,"Dorogovtsev, S. N.",Redes de computadores,Livro,Biblioteca Central Zila Mamede,1,0,0,0,0,0,0.0
228197,Techno Vision II,"Wang, Charles B.",Tecnologia da Informação,Livro,Biblioteca Central Zila Mamede,1,0,0,0,0,0,0.0
228363,Computação e simulação analogica e hibrida,"Dianese, Antonio,",Computadores analógicos,Livro,Biblioteca Central Zila Mamede,1,0,0,0,0,0,0.0
228883,Banco de dados desmistificado,"Oppel, Andrew J.",Banco de dados,Livro,Biblioteca Central Zila Mamede,1,0,0,0,0,0,0.0
229549,Collective intelligence in action,"Alag, Satnam.",Inteligência artificial,Livro,Biblioteca Central Zila Mamede,1,0,0,0,0,0,0.0
229821,Local and metropolitan area networks,"Stallings, William,",Redes de regiões metropolitanas (Computação),Livro,Biblioteca Central Zila Mamede,1,0,0,0,0,0,0.0
229893,Trends in practical applications of heterogeneous multi-agent systems. the PAAMS collection,,Sistemas multiagentes,Livro,Biblioteca Central Zila Mamede,2,0,0,0,0,0,0.0
230998,Webeconomia,"Schwartz, Evan I.",Internet,Livro,Biblioteca Central Zila Mamede,1,0,0,0,0,0,0.0
231002,Crie um sistema Web com PHP 5 e AJAX :,"Soares, Walace,",PHP (Linguagem de programação de computador),Livro,Biblioteca Central Zila Mamede,2,0,0,0,0,0,0.0
231082,Anais do XXI Congresso da Sociedade Brasileira de Computação :,"Congresso da Sociedade Brasileira de Computação  (21. : 2001 : Fortaleza, CE).",Ciência da Computação -,Livro,Biblioteca Central Zila Mamede,1,0,0,0,0,0,0.0
231126,Proceedings [of the] XI Symposium on Virtual and Augmented Reality,"Symposium on Virtual and Augmented Reality  (11. : 2009 : Porto Alegre, RS)",Realidade virtual -,Livro,Biblioteca Central Zila Mamede,1,0,0,0,0,0,0.0
231128,MATLAB 6 :,"Hanselman, Duane C.",MATLAB (Programa de computador),Livro,Biblioteca Central Zila Mamede,1,0,0,0,0,0,0.0
231250,Combate ao spam na internet no Brasil :,,Internet -,Livro,Biblioteca Central Zila Mamede,3,0,0,0,0,0,0.0
231450,A informática na biblioteconomia e na documentação,"Barsotti, Roberto.",Bibliotecas -,Livro,Biblioteca Central Zila Mamede,1,0,0,0,0,0,0.0
231587,Estruturas de dados fundamentais :,"Pereira, Silvio do Lago.",Estruturas de dados (Computação),Livro,Biblioteca Central Zila Mamede,1,0,0,0,0,0,0.0
232263,Segurança em informatica e de informações,"Caruso, Carlos A. A.",Proteção de dados,Livro,Biblioteca Central Zila Mamede,1,0,0,0,0,0,0.0
232367,Engenharia de software,"Pressman, Roger S.",Engenharia de software,Livro,Biblioteca Central Zila Mamede,2,0,0,0,0,0,0.0
232442,CVS :,"Caetano, Cristiano,",Software -,Livro,Biblioteca Central Zila Mamede,1,0,0,0,0,0,0.0
232823,Análise orientada a objetos,"Correia, Carlos Henrique.",Programação orientada a objetos (Computação),Livro,Biblioteca Central Zila Mamede,1,0,0,0,0,0,0.0
232863,Dynamic and partial reconfigurable embedded systems design with UML,"Vidal, Jorgiano Márcio Bruno.",Sistemas ambarcados,Tese,Biblioteca Central Zila Mamede,1,0,0,0,0,0,0.0
233274,Certificação Cloud Essentials :,"Diógenes, Yuri.",Linguagem de programação (Computadores),Livro,Biblioteca Central Zila Mamede,1,0,0,0,0,0,0.0
233939,The Hippocampus code :,"Costa, Cesar Rennó.",Neurociência computacional -,Tese,Biblioteca Central Zila Mamede,1,0,0,0,0,0,0.0
234281,Rádio resource management in 4G networks: :,"Del Monego, Hermes Irineu.",Rede de computadores -,Tese,Biblioteca Central Zila Mamede,1,0,0,0,0,0,0.0
234459,Proposta de um sistema de apoio ao processo de gestão de projetos de software numa empresa de Manaus,"Pereira, Marcelo Silva.",Desenvolvimento de software -,Dissertação,Biblioteca Central Zila Mamede,1,0,0,0,0,0,0.0
234471,"O grande, o pequeno e a mente humana",,Inteligência artificial,Livro,Biblioteca Central Zila Mamede,1,0,0,0,0,0,0.0
234670,An environment for services offering in the internet based on peer-to-peer service overlay networks = Ambiente para oferta de serviços na internet baseado em redes de sobreposição de serviços,"Fiorese, Adriano.",Internet -,Tese,Biblioteca Central Zila Mamede,1,0,0,0,0,0,0.0
234889,Enhancing classification structures for biometrics applications,"Abreu, Márjory Cristiany da Costa.",Biometria -,Tese,Biblioteca Central Zila Mamede,1,0,0,0,0,0,0.0
234906,jQuery em ação,"Bibeault, Bear.",JavaScript (Linguagem de programação de computador),Livro,Biblioteca Central Zila Mamede,1,0,0,0,0,0,0.0
234920,Un système de types pour la programmation par réécriture embarquée,"Tavares, Cláudia Fernanda O. K.",Engenharia de software -,Tese,Biblioteca Central Zila Mamede,1,0,0,0,0,0,0.0
235196,Programação linear e fluxo em redes,"Goldbarg, Marco Cesar.",Linguagem de programação (Computadores),Livro,Biblioteca Central Zila Mamede,3,0,0,0,0,0,0.0
235516,Fundamentos de sistemas operacionais,"Machado, Francis B.",Sistemas operacionais (Computadores),Livro,Biblioteca Central Zila Mamede,3,0,0,0,0,0,0.0
235713,Explicando padrões de projeto :,"Shalloway, Alan",Linguagem de programação (Computadores),Livro,Biblioteca Central Zila Mamede,1,0,0,0,0,0,0.0
235838,Neurodesign :,"Santa Rosa, José Guilherme,",Interação homem-máquina,Livro,Biblioteca Central Zila Mamede,1,0,0,0,0,0,0.0
235973,CMMI :,"Chrissis, Mary Beth.",Engenharia de software,Livro,Biblioteca Central Zila Mamede,1,0,0,0,0,0,0.0
236446,Uma ferramenta para a visualização e criação de objetos MIB SNMPc,"Virgolino, Lucianna Cavalcanti.",Rede de computadores -,Dissertação,Biblioteca Central Zila Mamede,1,0,0,0,0,0,0.0
236849,"Jogo, autoria e conhecimento :","Petry, Arlete dos Santos.",Jogos -,Livro,Biblioteca Central Zila Mamede,1,0,0,0,0,0,0.0
237164,Formal specification of the ARINC 653 architecture using Circus,"Gomes, Artur Oliveira.",Programas(Software) -,Dissertação,Biblioteca Central Zila Mamede,1,0,0,0,0,0,0.0
237617,Engenharia de software :,"Paula Filho, Wilson de Pádua.",Engenharia de software,Livro,Biblioteca Central Zila Mamede,2,0,0,0,0,0,0.0
237977,Leituras :,,Educação -,Livro,Biblioteca Central Zila Mamede,1,0,0,0,0,0,0.0
238019,Informática em psicopedagogia,,Psicologia da aprendizagem,Livro,Biblioteca Central Zila Mamede,1,0,0,0,0,0,0.0
238059,Multimídia :,"Paula Filho, Wilson de Pádua.",Sistemas multimídia,Livro,Biblioteca Central Zila Mamede,1,0,0,0,0,0,0.0
238277,Bare hand interaction methods for tabletop augmented reality,"Fernandes, Bruno Chagas Alves.",Ciência da computação -,Tese,Biblioteca Central Zila Mamede,1,0,0,0,0,0,0.0
238280,Novel approaches for hierarchical classification with case studies in protein funcion prediction,"Silla Junior, Carlos Nascimento.",Aprendizado de máquina,Tese,Biblioteca Central Zila Mamede,1,0,0,0,0,0,0.0
238283,QoS for multi-domain services in next generation network,"Matos, Fernando Menezes.",Quality of service(QoS) -,Tese,Biblioteca Central Zila Mamede,1,0,0,0,0,0,0.0
238290,Concepção multi-agentes para o tratamento do raciocínio aproximado,"Oliveira, Marcos Antonio de.",Sistemas multi-agentes -,Dissertação,Biblioteca Central Zila Mamede,1,0,0,0,0,0,0.0
238826,PHP :,"Dall'Oglio, Pablo,",PHP (Linguagem de programação de computador),Livro,Biblioteca Central Zila Mamede,1,0,0,0,0,0,0.0
238967,Algoritmos e lógica de programação,,Algoritmos de computador,Livro,Biblioteca Central Zila Mamede,1,0,0,0,0,0,0.0
239140,Teoria e problemas de engenharia de software,"Gustafson, David A.",Engenharia de software,Livro,Biblioteca Central Zila Mamede,1,0,0,0,0,0,0.0
240438,Uso da internet como recurso estratégico na gestão do relacionamento com o cliente :,"Veldman, Selma Monteiro da Silva.",Tecnologia da informação -,Dissertação,Biblioteca Central Zila Mamede,1,0,0,0,0,0,0.0
240763,Just for fun :,"Torvalds, Linus,","Torvalds, Linus,",Livro,Biblioteca Central Zila Mamede,1,0,0,0,0,0,0.0
241798,Dynamic generation of adaptation plans for self-adaptive software systems,"Silva, Carlos Eduardo da.",Arquitetura de software -,Tese,Biblioteca Central Zila Mamede,1,0,0,0,0,0,0.0
241872,Informática :,"Quintão, Patrícia Lima.",Informática -,Livro,Biblioteca Central Zila Mamede,1,0,0,0,0,0,0.0
242320,Sistemas e tecnologia da informação no turismo :,"Ramos, Anatália Saraiva Martins.",Turismo,Livro,Biblioteca Central Zila Mamede,3,0,0,0,0,0,0.0
242342,Tecnologia de informação e desempenho empresarial :,"Albertin, Alberto Luiz.",Administração de empresas,Livro,Biblioteca Central Zila Mamede,1,0,0,0,0,0,0.0
242536,Conference abstracts and applications,SIGGRAPH (Conference)  (1999 : New York).,Computação gráfica -,Livro,Biblioteca Central Zila Mamede,1,0,0,0,0,0,0.0
243479,Redes locais industriais :,"Stemmer, Marcelo Ricardo.",Redes de computadores,Livro,Biblioteca Central Zila Mamede,1,0,0,0,0,0,0.0
244807,Avaliação e seleção de sistemas :,"Nogueira, Antônio Roberto Ramos.",Tecnologia da Informação,Livro,Biblioteca Central Zila Mamede,1,0,0,0,0,0,0.0
245072,Avaliando websites :,"Fonseca, Arnoldo.",Internet,Livro,Biblioteca Central Zila Mamede,1,0,0,0,0,0,0.0
245824,Hypertext'99 :,"ACM Conference on Hypertext and Hypermedia  (10. : 1997 : Darmstadt, Germany).",Sistemas hipertexto -,Livro,Biblioteca Central Zila Mamede,1,0,0,0,0,0,0.0
245853,Visualization '98 :,"IEEE Conference on Visualization  (9th : 1998 : Research Triangle Park, N.C.)",Computação gráfica -,Livro,Biblioteca Central Zila Mamede,1,0,0,0,0,0,0.0
245874,IUI 99 :,"International Conference on Intelligent User Interfaces  (1999 : Redondo Beach, Los Angeles, California).",Interação homem-máquina -,Livro,Biblioteca Central Zila Mamede,1,0,0,0,0,0,0.0
246277,Anais SBMIDIA'2000,"Simpósio Brasileiro de Sistemas de Multimídia e Hipermídia  (6. : 2000 : Natal, RN).",Sistemas multimídia -,Livro,Biblioteca Central Zila Mamede,1,0,0,0,0,0,0.0
246499,"Proceedings of the 5th ACM International Workshop on Modeling, Analysis and Simulation of Wireless and Mobile Systems","ACM International Workshop on Modeling, Analysis and Simulation of Wireless and Mobile Systems  (5th. : 2002 : Atlanta, Georgia).",Comunicação entre computadores -,Livro,Biblioteca Central Zila Mamede,1,0,0,0,0,0,0.0
246639,LOTUS 1-2-3,"Swenssor, Quirino Ponton.",Lotus 1-2-3 (Programa de computador),Livro,Biblioteca Central Zila Mamede,1,0,0,0,0,0,0.0
246849,Tratamento cognitivo-comportamental das dependências tecnológicas,"Lemos, Igor Lins.",Terapia cognitiva -,Livro,Biblioteca Central Zila Mamede,1,0,0,0,0,0,0.0
246937,Evolving software systems,,Software -,Livro,Biblioteca Central Zila Mamede,4,0,0,0,0,0,0.0
247090,VBA e macros para Microsoft Office Excel 2007,"Jelen, Bill.",Excel (Programa de computador),Livro,Biblioteca Central Zila Mamede,1,0,0,0,0,0,0.0
247145,Practical foundations for programming languages,"Harper, Robert,",Programação (Computação),Livro,Biblioteca Central Zila Mamede,2,0,0,0,0,0,0.0
247675,Algorithmic :,"Chaitin, Gregory J.",Algoritmos,Livro,Biblioteca Central Zila Mamede,3,0,0,0,0,0,0.0
248100,International Workshop on System-Level Interconnect Prediction :,International Workshop on System-Level Interconnect Prediction.,Tecnologia da computação,Livro,Biblioteca Central Zila Mamede,1,0,0,0,0,0,0.0
248107,The Seventh International Conference on Artificial Intelligence and Law :,International Conference on Artificial Intelligence and Law  (7. : 1999 : University of Oslo),Inteligência artificial -,Livro,Biblioteca Central Zila Mamede,1,0,0,0,0,0,0.0
248115,Proceedings of the 4th Annual SIGCSE/SIGCUE Conference on Innovation and Technology in Computer Science Education :,"SIGCSE/SIGCUE Conference on Innovation and Technology in Computer Science Education  (4. : 1999 : Cracow, Poland)",Ciência da computação -,Livro,Biblioteca Central Zila Mamede,1,0,0,0,0,0,0.0
249096,Certificação linux :,"Ribeiro, Uirá.",Linux,Livro,Biblioteca Central Zila Mamede,1,0,0,0,0,0,0.0
249481,Manual de investigação cibernética à luz do Marco civil da internet,"Barreto, Alesandro Gonçalves",Brasil,Livro,Biblioteca Central Zila Mamede,1,0,0,0,0,0,0.0
249486,Investigação digital em fontes abertas :,"Barreto, Alesandro Gonçalves",Investigação criminal,Livro,Biblioteca Central Zila Mamede,1,0,0,0,0,0,0.0
249778,AngularJS :,"Pereira, Michael Henrique R.",JavaScript (Linguagem de programação de computador),Livro,Biblioteca Central Zila Mamede,1,0,0,0,0,0,0.0
250155,The art of computer programming,"Knuth, Donald Ervin,",Programação (Computadores),Livro,Biblioteca Central Zila Mamede,5,0,0,0,0,0,0.0
250254,A Leitura nos oceanos da Internet,,Leitura -,Livro,Biblioteca Central Zila Mamede,1,0,0,0,0,0,0.0
250454,BASIC para engenheiros e cientistas,"Boratto, Francisco,",BASIC (Linguagem de programação de computador),Livro,Biblioteca Central Zila Mamede,1,0,0,0,0,0,0.0
250959,Oracle database 11g- underground advice for database administrators :,"Sims, April S.",ORACLE (Sistema de computador),Livro,Biblioteca Central Zila Mamede,1,0,0,0,0,0,0.0
251341,JQuery :,"Silva, Maurício Samy,",Java (Linguagem de programação de computador),Livro,Biblioteca Central Zila Mamede,1,0,0,0,0,0,0.0
251452,O que e informatica,"Carmo, João Clodomiro do.",Informática,Livro,Biblioteca Central Zila Mamede,1,0,0,0,0,0,0.0
251509,Segurança para desenvolvedores web :,"Mueller, John Paul.",Linguagem de programação (Computadores),Livro,Biblioteca Central Zila Mamede,1,0,0,0,0,0,0.0
251925,Design para webdesigners :,"Carrion, Wellington.",Sites da Web -,Livro,Biblioteca Central Zila Mamede,1,0,0,0,0,0,0.0
252109,NETmundial :,,Internet -,Livro,Biblioteca Central Zila Mamede,3,0,0,0,0,0,0.0
252255,Proceedings,"Web3D Symposium  (2002 : Tempe, Arizona).",VRML (Linguagem de programação de computador) -,Livro,Biblioteca Central Zila Mamede,1,0,0,0,0,0,0.0
252716,Exploratory software testing :,"Whittaker, James A.",Software -,Livro,Biblioteca Central Zila Mamede,3,0,0,0,0,0,0.0
252742,Fuzzy preference queries to relational databases,"Pivert, Olivier.",Banco de dados,Livro,Biblioteca Central Zila Mamede,1,0,0,0,0,0,0.0
255349,Inteligência artificial e engenharia de software,"Lucena, Carlos J. P.",Inteligência artificial,Livro,Biblioteca Central Zila Mamede,1,0,0,0,0,0,0.0
255876,Tecnologia 3D na saúde :,,Simulação (Computadores),Livro,Biblioteca Central Zila Mamede,1,0,0,0,0,0,0.0
255975,Matlab :,"Attaway, Stormy.",MATLAB (Programa de computador),Livro,Biblioteca Central Zila Mamede,3,0,0,0,0,0,0.0
256061,Proceedings of the 34th Annual ACM Symposium on Theory of Computing :,"Annual ACM Symposium on Principles of Distributed Computing  (34. : 2002 : Montreal, Quebec, Canada)",Sistemas distribuídos (Ciência da computação) -,Livro,Biblioteca Central Zila Mamede,1,0,0,0,0,0,0.0
256075,Pentest em redes sem fio,"Moreno, Daniel.",Computadores -,Livro,Biblioteca Central Zila Mamede,5,0,0,0,0,0,0.0
256174,Internet :,"Santos Júnior, Mozart Jesus Fialho dos.",Internet (Redes de computação),Livro,Biblioteca Central Zila Mamede,1,0,0,0,0,0,0.0
256320,Build your own working robot :,"Heiserman, David L.",Robótica,Livro,Biblioteca Central Zila Mamede,1,0,0,0,0,0,0.0
257114,Guerreiro SEO :,"Jerkovic, John I.",Ferramentas de busca na Web,Livro,Biblioteca Central Zila Mamede,1,0,0,0,0,0,0.0
257244,InDesign CS3 :,"Silva, Camila Ceccatto da.",Adobe InDesign (Recurso eletrônico),Livro,Biblioteca Central Zila Mamede,1,0,0,0,0,0,0.0
257247,Teste de software,"Rios, Emerson.",Software -,Livro,Biblioteca Central Zila Mamede,1,0,0,0,0,0,0.0
257251,Illustrator CS3 :,"Pereira, Domênico Turim.",Adobe illustrator (Programa de computador),Livro,Biblioteca Central Zila Mamede,1,0,0,0,0,0,0.0
257475,Spring in action,"Walls, Craig",Software de aplicação -,Livro,Biblioteca Central Zila Mamede,1,0,0,0,0,0,0.0
257671,Future crimes :,"Goodman, Marc.",Crime por computador,Livro,Biblioteca Central Zila Mamede,1,0,0,0,0,0,0.0
257961,Noções de informática para concursos :,"Antonio, João.",Informática,Livro,Biblioteca Central Zila Mamede,1,0,0,0,0,0,0.0
258295,Java 7 :,"Furgeri, Sérgio,",Java (Linguagem de programação de computador),Livro,Biblioteca Central Zila Mamede,1,0,0,0,0,0,0.0
258863,POJOs in action :,"Richardson, Chris.",Java (Linguagem de programação de computador),Livro,Biblioteca Central Zila Mamede,1,0,0,0,0,0,0.0
259552,Otimização por enxame de partículas :,"Paiva, Fábio Augusto Procópio de.",Algoritmos,Livro,Biblioteca Central Zila Mamede,4,0,0,0,0,0,0.0
259674,A Construção da política nacional de informação e informática em saúde :,Brasil.,Saúde pública -,Folheto,Biblioteca Central Zila Mamede,1,0,0,0,0,0,0.0
260080,Técnicas de acessibilidade :,"Nicácio, Jalves Mendonça.",Interação homem-máquina,Livro,Biblioteca Central Zila Mamede,1,0,0,0,0,0,0.0
260375,Programming with Qt,"Dalheimer, Matthias Kalle.",Linguagem de programação (Computadores),Livro,Biblioteca Central Zila Mamede,1,0,0,0,0,0,0.0
260710,Core JavaServer Faces  :,"Geary, David M.",Java (Linguagem de programação de computador),Livro,Biblioteca Central Zila Mamede,2,0,0,0,0,0,0.0
260714,XML e ASP.NET para desenvolvedores,"Wahlin, Dan",XML (Linguagem de marcação de documento),Livro,Biblioteca Central Zila Mamede,1,0,0,0,0,0,0.0
261230,Tecnologias da informação e da comunicação na educação,,Tecnologia da Informação,Livro,Biblioteca Central Zila Mamede,1,0,0,0,0,0,0.0
261526,Aprendendo Oracle 9i,"Hotka, Dan.",Oracle (Programa de computador),Livro,Biblioteca Central Zila Mamede,1,0,0,0,0,0,0.0
261733,Como resolver problemas em computação científica usando MAPLE e MATLAB,"Gander, Walter,",Maple (Programa de computador),Livro,Biblioteca Central Zila Mamede,1,0,0,0,0,0,0.0
262353,O contencioso Brasil x Estados Unidos da informatica :,"Vigevani, Tullo.",Política de informática,Livro,Biblioteca Central Zila Mamede,1,0,0,0,0,0,0.0
262757,Conceitos de computação com o essencial de C++,"Horstmann, Cay S.,",C++ (Linguagem de programação de computador),Livro,Biblioteca Central Zila Mamede,1,0,0,0,0,0,0.0
262770,Ivor Horton's beginning Visual C++ 2010,"Horton, Ivor.",C++ (Linguagem de programação de computador),Livro,Biblioteca Central Zila Mamede,1,0,0,0,0,0,0.0
262789,Macros para Excel na prática,"Dreux, Marcelo de Andrade.",Excel (Programa de computador),Livro,Biblioteca Central Zila Mamede,1,0,0,0,0,0,0.0
264720,O padrão gravado na pedra :,"Hillis, W. Daniel.",Computadores,Livro,Biblioteca Central Zila Mamede,1,0,0,0,0,0,0.0
265140,Fique em forma no computador :,"Kempf, Hans-Dieter,",Ambiente de trabalho,Livro,Biblioteca Central Zila Mamede,1,0,0,0,0,0,0.0
265472,Questões com gabaritos comentados :,"Souza, Glaucio Diniz de.",Informática,Livro,Biblioteca Central Zila Mamede,1,0,0,0,0,0,0.0
265536,Dominando os recursos do Google :,"Carmona, Tadeu,",Google (Firma),Livro,Biblioteca Central Zila Mamede,1,0,0,0,0,0,0.0
265646,Informática :,"Idankas, Rodney José,",Informática,Livro,Biblioteca Central Zila Mamede,1,0,0,0,0,0,0.0
265980,Informática ESAF,"Martins Filho, Manuel.",Informática,Livro,Biblioteca Central Zila Mamede,1,0,0,0,0,0,0.0
266320,Dominando gerenciamento de projetos com MS Project 2003,"Figueiredo, Francisco Constant de.",Project (Programa de computador),Livro,Biblioteca Central Zila Mamede,1,0,0,0,0,0,0.0
266475,Centro de certificação digital :,"Luz, Clarissa P. da.",Criptografia de dados (Computação),Livro,Biblioteca Central Zila Mamede,2,0,0,0,0,0,0.0
268574,Pássaros voam em bando :,"Dementshuk, Márcia.",Internet,Livro,Biblioteca Central Zila Mamede,1,0,0,0,0,0,0.0
269833,Lectures on spatial statistics for GIS,"Negreiros, João Garrott Marques",Análise espacial (Estatística),Livro,Biblioteca Central Zila Mamede,1,0,0,0,0,0,0.0
272095,Consciência cibernética (?),,Arte por computador,Livro,Biblioteca Central Zila Mamede,4,0,0,0,0,0,0.0
272116,Segurança da informação :,"Fontes, Edison,",Sistemas de informação gerencial,Livro,Biblioteca Central Zila Mamede,1,0,0,0,0,0,0.0
272445,Inductive logic programming :,"Bergadano, Francesco,",Programação lógica (Computação),Livro,Biblioteca Central Zila Mamede,1,0,0,0,0,0,0.0
272684,Performance assessment of one-way resource reservation protocols in IP over optical burst switched networks,"Rodrigues, Joel José Puga Coelho.",Rede de computador -,Tese,Biblioteca Central Zila Mamede,1,0,0,0,0,0,0.0
272830,Repositórios e preservação digital :,"Moura, Elisângela Alves de.",Preservação pela digitalização,Dissertação,Biblioteca Central Zila Mamede,1,0,0,0,0,0,0.0
272899,Enterprise JavaBeans 3.0,"Burke, Bill.",Java (Linguagem de programação de computador),Livro,Biblioteca Central Zila Mamede,1,0,0,0,0,0,0.0
272997,Factores psicológicos en la implementación de los sistemas de interfaces cerebro-ordenador (BCI),"Sauer, Leandro da Silva.",Psicologia cognitiva,Tese,Biblioteca Central Zila Mamede,1,0,0,0,0,0,0.0
273010,Age factors in biometric processing,,Identificação automática,Livro,Biblioteca Central Zila Mamede,1,0,0,0,0,0,0.0
273280,An introduction to multiagent systems,"Wooldridge, Michael J.,",Agentes inteligentes (Software),Livro,Biblioteca Central Zila Mamede,1,0,0,0,0,0,0.0
273303,Domain-driven design :,"Evans, Eric,",Programação orientada a objetos (ciência da computação),Livro,Biblioteca Central Zila Mamede,1,0,0,0,0,0,0.0
274232,Controle adaptativo robusto para um modelo desacoplado de um robô móvel,"Dias, Samaherni Morais.",Robôs móveis,Tese,Biblioteca Central Zila Mamede,1,0,0,0,0,0,0.0
274335,A component-wise approach to multi-objective evolutionary algorithms :,"Bezerra, Leonardo César Teonácio.",Métodos heurísticos,Tese,Biblioteca Central Zila Mamede,1,0,0,0,0,0,0.0
275562,"Informação, codificação e segurança de redes","Alencar, Marcelo Sampaio de,",Computadores -,Livro,Biblioteca Central Zila Mamede,1,0,0,0,0,0,0.0
275613,Cryptography and network security,"Alencar, Marcelo Sampaio de,",Redes de computadores -,Livro,Biblioteca Central Zila Mamede,1,0,0,0,0,0,0.0
276507,Dominando NetBeans :,"Gonçalves, Edson,",Java (Linguagem de programação de computador),Livro,Biblioteca Central Zila Mamede,1,0,0,0,0,0,0.0
276588,Netbeans 6.1 :,"Silva, Ivan José de Mecenas,",Java (Linguagem de programação de computador),Livro,Biblioteca Central Zila Mamede,1,0,0,0,0,0,0.0
276876,Linux :,"Dulaney, Emmett.",Linux (Sistema operacional de computador),Livro,Biblioteca Central Zila Mamede,1,0,0,0,0,0,0.0
277459,Noções de informática para concursos :,"Antonio, João.",Informática,Livro,Biblioteca Central Zila Mamede,1,0,0,0,0,0,0.0
277552,Governo digital no Brasil :,"Cerquinho, Kleomara Gomes",Internet na administração pública,Livro,Biblioteca Central Zila Mamede,4,0,0,0,0,0,0.0
277626,Educação para os meios de comunicação :,"Seminário Latino-Americano de Educação para a telievisão  (2. : 1986 : Curitiba, PR).",Comunicação na educação,Livro,Biblioteca Central Zila Mamede,1,0,0,0,0,0,0.0
278295,Segurança máxima :,,Redes de computadores -,Livro,Biblioteca Central Zila Mamede,1,0,0,0,0,0,0.0
278298,Informática para concursos :,"Ruas, Jorge,",Informática,Livro,Biblioteca Central Zila Mamede,1,0,0,0,0,0,0.0
278622,Business intelligence e análise de dados para gestão do negócio,"Sharda, Ramesh",Gestão do conhecimento,Livro,Biblioteca Central Zila Mamede,1,0,0,0,0,0,0.0
278787,Redes :,"Morimoto, Carlos E.",Redes de computadores,Livro,Biblioteca Central Zila Mamede,1,0,0,0,0,0,0.0
278901,II prêmio COMPAQ de estímulo à pesquisa e desenvolvimento em informática. -,Instituto UNIEMP,Informática,Livro,Biblioteca Central Zila Mamede,1,0,0,0,0,0,0.0
279687,A justiça digital como instrumento de efetivação do acesso à justiça,"Leal, Adisson Taveira Rocha.",Direito e informática,Dissertação,Biblioteca Central Zila Mamede,1,0,0,0,0,0,0.0
279826,Treinamento em Linguagem C++,"Mizrahi, Victorine Viviane.",C++ (Linguagem de programação de computador),Livro,Biblioteca Central Zila Mamede,3,0,0,0,0,0,0.0
280656,Ethernet :,"Spurgeon, C. H.",Ethernet (Redes locais de computadores),Livro,Biblioteca Central Zila Mamede,1,0,0,0,0,0,0.0
281238,O mitico homem-mês :,"Brooks, Frederick P.",Engenharia de software,Livro,Biblioteca Central Zila Mamede,1,0,0,0,0,0,0.0
281332,A modular traffic sampling architecture for flexible network measurements,"Silva, João Marco Cardoso da.",Arquitetura de rede de computador,Tese,Biblioteca Central Zila Mamede,1,0,0,0,0,0,0.0
281411,TIC saúde :,Núcleo de Informação e Coordenação do Ponto BR,Saúde pública -,Livro,Biblioteca Central Zila Mamede,1,0,0,0,0,0,0.0
281416,Logica de programação :,"Ucci, Waldir",Programação lógica (Computação),Livro,Biblioteca Central Zila Mamede,1,0,0,0,0,0,0.0
282412,Computação em nuvem :,"Veras, Manoel",Computação em nuvem,Livro,Biblioteca Central Zila Mamede,1,0,0,0,0,0,0.0
282634,Big tech :,"Morozov, Evgeny",Tecnologia -,Livro,Biblioteca Central Zila Mamede,1,0,0,0,0,0,0.0
282638,Microsoft Power BI :,"Fraga, Adalberto",Banco de dados,Livro,Biblioteca Central Zila Mamede,1,0,0,0,0,0,0.0
282734,Coletânea de artigos Web,,Web 2.0 (Sistema de recuperação da informação),Livro,Biblioteca Central Zila Mamede,1,0,0,0,0,0,0.0
283316,AI superpowers :,"Lee, Kai-Fu",Inteligência artificial,Livro,Biblioteca Central Zila Mamede,1,0,0,0,0,0,0.0
283515,Hackademia 2.0 :,"Ulbrich, Henrique Cesar.",Hackers,Livro,Biblioteca Central Zila Mamede,1,0,0,0,0,0,0.0
283673,The big data revolution :,"Kolb, Jason,",Big data,Livro,Biblioteca Central Zila Mamede,1,0,0,0,0,0,0.0
283710,Cryptography and network security :,"Stallings, William,",Criptografia,Livro,Biblioteca Central Zila Mamede,1,0,0,0,0,0,0.0
283920,Diagnosticando redes :,"Chappell, Laura.",Redes de computadores,Livro,Biblioteca Central Zila Mamede,1,0,0,0,0,0,0.0
284006,Estudo dirigido de linguagem C,"Manzano, José Augusto N. G.",C (Linguagem de programação de computador),Livro,Biblioteca Central Zila Mamede,1,0,0,0,0,0,0.0
284097,Segurança mínima :,"Moreira, Nilton Stringasci.",Sistemas de informação gerencial,Livro,Biblioteca Central Zila Mamede,1,0,0,0,0,0,0.0
284587,O efeito facebook :,"Kirkpatrick, David,",Facebook (Firma),Livro,Biblioteca Central Zila Mamede,1,0,0,0,0,0,0.0
284972,Usando o ARENA em simulação,"Prado, Darci.",Simulação (Computadores),Livro,Biblioteca Central Zila Mamede,1,0,0,0,0,0,0.0
285229,Primeiros passos com Arduino,"Banzi, Massimo.",Linguagem de programação (Computadores),Livro,Biblioteca Central Zila Mamede,1,0,0,0,0,0,0.0
285847,Enseñar @ aprender :,,Internet na educação,Livro,Biblioteca Central Zila Mamede,1,0,0,0,0,0,0.0
285863,Insights into personal computers,,Microcomputadores,Livro,Biblioteca Central Zila Mamede,1,0,0,0,0,0,0.0
285880,Next-generation network services,"Wood, Robert",Redes de computadores,Livro,Biblioteca Central Zila Mamede,1,0,0,0,0,0,0.0
286206,Informática educativa :,"Oliveira, Ramon de,",Educação -,Livro,Biblioteca Central Zila Mamede,1,0,0,0,0,0,0.0
286773,PHP :,"Dall'Oglio, Pablo,",PHP (Linguagem de programação de computador),Livro,Biblioteca Central Zila Mamede,1,0,0,0,0,0,0.0
286781,Introdução à programação :,"Paiva, Severino.",ALGOL (Linguagem de programação de computador),Livro,Biblioteca Central Zila Mamede,1,0,0,0,0,0,0.0
288170,ProTeM-CC' 2001 :,,Informática na educação,Livro,Biblioteca Central Zila Mamede,1,0,0,0,0,0,0.0
289343,Redes de computadores e a Internet :,"Kurose, James F.",Internet (Redes de computação),Livro,Biblioteca Central Zila Mamede,2,0,0,0,0,0,0.0
289785,Tecnologia e mediação :,"Neves, Barbara Coelho",Inclusão digital,Livro,Biblioteca Central Zila Mamede,1,0,0,0,0,0,0.0
289788,Inclusão digital na educação :,"Neves, Barbara Coelho",Inclusão digital,Livro,Biblioteca Central Zila Mamede,1,0,0,0,0,0,0.0
290384,Repositórios institucionais :,,Repositórios institucionais,Livro,Biblioteca Central Zila Mamede,1,0,0,0,0,0,0.0
290558,Tecnologias da informação e comunicação no ensino,,Ensino auxiliado por computador,Livro,Biblioteca Central Zila Mamede,2,0,0,0,0,0,0.0
292012,Fundamentos das redes neurais artificiais paraconsistentes :,"Silva Filho, João Inácio da,",Redes neurais (Computação),Livro,Biblioteca Central Zila Mamede,1,0,0,0,0,0,0.0
292038,Embedded system design,"Marwedel, Peter.",Informática,Livro,Biblioteca Central Zila Mamede,1,0,0,0,0,0,0.0
292043,"System analysis, design, and development :","Wasson, Charles S.,",Projeto de sistemas,Livro,Biblioteca Central Zila Mamede,1,0,0,0,0,0,0.0
292067,Operating systems :,"Stallings, William,",Sistemas operacionais (Computadores),Livro,Biblioteca Central Zila Mamede,1,0,0,0,0,0,0.0
292069,Evolutionary computation :,"Fogel, David B.",Computação evolutiva,Livro,Biblioteca Central Zila Mamede,1,0,0,0,0,0,0.0
292120,Real-time systems design and analysis :,"Laplante, Phillip A.",Projeto de sistemas,Livro,Biblioteca Central Zila Mamede,1,0,0,0,0,0,0.0
292242,Fuzzy systems engineering :,"Pedrycz, Witold,",Redes neurais (Computação),Livro,Biblioteca Central Zila Mamede,1,0,0,0,0,0,0.0
292401,Verilog HDL :,"Palnitkar, Samir",VHDL (Linguagem descritiva de hardware),Livro,Biblioteca Central Zila Mamede,1,0,0,0,0,0,0.0
295290,The X series recommendations :,"Black, Uyless D.",Rede de computador -,Livro,Biblioteca Central Zila Mamede,1,0,0,0,0,0,0.0
296555,O regime jurídico de proteção à intimidade na era da informação :,"Pimenta, Rafael da Cunha",Direito à proteção dos dados informáticos,Livro,Biblioteca Central Zila Mamede,1,0,0,0,0,0,0.0
299160,A vulnerabilidade dos consumidores no comércio eletrônico :,"Canto, Rodrigo Eidelvein do",Comércio eletrônico,Livro,Biblioteca Central Zila Mamede,1,0,0,0,0,0,0.0
299164,Direito digital aplicado 2.0,,Internet -,Livro,Biblioteca Central Zila Mamede,1,0,0,0,0,0,0.0
299185,Manual de derecho informático,"Fernández Delpech, Horacio",Direito e informática,Livro,Biblioteca Central Zila Mamede,1,0,0,0,0,0,0.0
299198,Crimes no meio ambiente digital e a sociedade da informação,"Fiorillo, Celso Antonio Pacheco",Crime por computador,Livro,Biblioteca Central Zila Mamede,1,0,0,0,0,0,0.0
299203,El derecho informático :,"Anzit Guerrero, Ramiro,",Direito à proteção dos dados informáticos,Livro,Biblioteca Central Zila Mamede,1,0,0,0,0,0,0.0
299769,#Direito digital,"Peck, Patrícia,",Internet -,Livro,Biblioteca Central Zila Mamede,1,0,0,0,0,0,0.0
299938,Comercio electrónico :,,Comércio eletrônico,Livro,Biblioteca Central Zila Mamede,1,0,0,0,0,0,0.0
300008,Processo eletrônico e teoria geral do processo eletrônico :,"Almeida Filho, José Carlos de Araújo,",Direito e informática,Livro,Biblioteca Central Zila Mamede,1,0,0,0,0,0,0.0
300189,Programa Final,"Seminário sobre Automação em Bibliotecas e Centros de Documentação   (6. :  1997 :  Águas de Lindóia, SP)",Bibliotecas,Livro,Biblioteca Central Zila Mamede,1,0,0,0,0,0,0.0
300269,Negocios en Internet :,"Hocsman, Heriberto S.",Comércio eletrônico,Livro,Biblioteca Central Zila Mamede,1,0,0,0,0,0,0.0
300592,Análise e projeto de sistemas de informação orientados a objetos,"Wazlawick, Raul Sidnei,",Métodos orientados a objetos (Computação),Livro,Biblioteca Central Zila Mamede,1,0,0,0,0,0,0.0
300604,Profissional Java Web Services,,Java (Linguagem de programação de computador),Livro,Biblioteca Central Zila Mamede,1,0,0,0,0,0,0.0
300607,"Aprenda J2EE com EJB, JSP, Servlets, JNDI, JDBC e XML",,Java (Linguagem de programação de computador),Livro,Biblioteca Central Zila Mamede,1,0,0,0,0,0,0.0
300783,Core J2EE patterns :,"Alur, Deepak.",Java (Linguagem de programação de computador),Livro,Biblioteca Central Zila Mamede,1,0,0,0,0,0,0.0
300788,Core :,"Muchow, John W.",Java (Linguagem de programação de computador),Livro,Biblioteca Central Zila Mamede,1,0,0,0,0,0,0.0
300790,Graphics and GUIs with MATLAB,"Marchand, Patrick",MATLAB (Programa de computador),Livro,Biblioteca Central Zila Mamede,1,0,0,0,0,0,0.0
300822,Estatística :,,Estatística comercial,Livro,Biblioteca Central Zila Mamede,1,0,0,0,0,0,0.0
300907,Programando em C :,"Laureano, Marcos,",C (Linguagem de programação de computador),Livro,Biblioteca Central Zila Mamede,1,0,0,0,0,0,0.0
300911,Internet embedded :,"Mokarzel, Marcos Perez,",Ethernet (Redes locais de computadores),Livro,Biblioteca Central Zila Mamede,1,0,0,0,0,0,0.0
300913,Java servlet :,"Hunter, Jason",Java (Linguagem de programação de computador),Livro,Biblioteca Central Zila Mamede,1,0,0,0,0,0,0.0
300914,Introdução à modelagem e simulação de sistemas :,"Freitas, Paulo.",Projeto de sistemas,Livro,Biblioteca Central Zila Mamede,1,0,0,0,0,0,0.0
300963,Padrões de projeto em Java,"Metsker, Steven John.",Java (Linguagem de programação de computador),Livro,Biblioteca Central Zila Mamede,1,0,0,0,0,0,0.0
300999,Direito & internet III :,,Internet -,Livro,Biblioteca Central Zila Mamede,1,0,0,0,0,0,0.0
301081,OpenGL :,"Cohen, Marcelo",Computação gráfica,Livro,Biblioteca Central Zila Mamede,1,0,0,0,0,0,0.0
301448,Direito digital,"Peck, Patrícia,",Internet (Redes de computação) -,Livro,Biblioteca Central Zila Mamede,1,0,0,0,0,0,0.0
301450,Cibercrimes :,"Colli, Maciel",Crime por computador -,Livro,Biblioteca Central Zila Mamede,1,0,0,0,0,0,0.0
301480,Direito digital,"Peck, Patrícia,",Internet (Redes de computação) -,Livro,Biblioteca Central Zila Mamede,1,0,0,0,0,0,0.0
301497,Consciência cibernética (?) :,,Arte por computador -,Livro,Biblioteca Central Zila Mamede,3,0,0,0,0,0,0.0
301509,Direito digital :,,Internet -,Livro,Biblioteca Central Zila Mamede,1,0,0,0,0,0,0.0
301512,Direito digital aplicado 3.0,,Internet -,Livro,Biblioteca Central Zila Mamede,1,0,0,0,0,0,0.0
301522,Tecnologia e cidadania digital :,"Martini, Renato da Silveira,",Proteção de dados,Livro,Biblioteca Central Zila Mamede,1,0,0,0,0,0,0.0
301556,Contratos eletrônicos & validade da assinatura digital,"Souza, Vinicius Roberto Prioli de.",Contratos eletrônicos,Livro,Biblioteca Central Zila Mamede,1,0,0,0,0,0,0.0
301579,Crimes cibernéticos :,"Wendt, Emerson,",Crime por computador,Livro,Biblioteca Central Zila Mamede,1,0,0,0,0,0,0.0
301769,Raspberry pi :,"Upton, Eben",Programação (Computadores),Livro,Biblioteca Central Zila Mamede,1,0,0,0,0,0,0.0
302706,Projeto de banco de dados :,"Machado, Felipe Nery Rodrigues.",Banco de dados,Livro,Biblioteca Central Zila Mamede,1,0,0,0,0,0,0.0
302804,Processo eletrônico :,"Abrão, Carlos Henrique,",Brasil,Livro,Biblioteca Central Zila Mamede,1,0,0,0,0,0,0.0
302825,Sistemas operacionais com java,"Silberschatz, Abraham.",Java (Linguagem de programação de computador),Livro,Biblioteca Central Zila Mamede,1,0,0,0,0,0,0.0
303059,Desvendando as redes sem fio,"Jobstraibizer, Flavia.",Sistemas de comunicação sem fio,Livro,Biblioteca Central Zila Mamede,1,0,0,0,0,0,0.0
303494,Crimes cibernéticos :,,Crime por computador,Livro,Biblioteca Central Zila Mamede,2,0,0,0,0,0,0.0
303710,Manual de acessibilidade em documentos digitais,"Salton, Bruna Poletto",Educação inclusiva,Livro,Biblioteca Central Zila Mamede,4,0,0,0,0,0,0.0
304074,Python para bioinformática :,"Mariano, Diego",Python (Linguagem de programação de computador),Livro,Biblioteca Central Zila Mamede,1,0,0,0,0,0,0.0
304631,React native :,"Escudelario, Bruna",Linguagem de programação (Computadores),Livro,Biblioteca Central Zila Mamede,1,0,0,0,0,0,0.0
304745,A googlelização de tudo :,"Vaidhyanathan, Siva",Google (Firma),Livro,Biblioteca Central Zila Mamede,1,0,0,0,0,0,0.0
305560,Curves and surfaces for computer aided geometric design :,"Farin, Gerald E.",Computação gráfica,Livro,Biblioteca Central Zila Mamede,1,0,0,0,0,0,0.0
305561,Geometric modeling :,,Computação gráfica,Livro,Biblioteca Central Zila Mamede,1,0,0,0,0,0,0.0
305645,Dominando os sistemas operacionais :,"Holcombe, Jane.",Sistemas operacionais (Computadores),Livro,Biblioteca Central Zila Mamede,1,0,0,0,0,0,0.0
305984,Informática para concursos :,"Costa, Renato dos Santos da",Informática,Livro,Biblioteca Central Zila Mamede,1,0,0,0,0,0,0.0
306006,1001 questões comentadas de informática :,"Quintão, Patrícia Lima.",Serviço público -,Livro,Biblioteca Central Zila Mamede,1,0,0,0,0,0,0.0
306332,IoT :,"Sinclair, Bruce",Internet das coisas,Livro,Biblioteca Central Zila Mamede,1,0,0,0,0,0,0.0
306374,Segurança da informação para leigos :,"Silva, Gilson Marques da.",Computadores -,Livro,Biblioteca Central Zila Mamede,1,0,0,0,0,0,0.0
245646,Direitos e aspectos econômicos na sociedade da informação,,Tecnologia e direito,Livro,Biblioteca Central Zila Mamede,20,0,0,1,0,1,0.05
179760,Principles of concurrent and distributed programming,"Ben-Ari, M.,",Programação (Computadores),Livro,Biblioteca Central Zila Mamede,12,1,0,0,0,1,0.08
57165,Banco de dados :,"Chu, Shao Yong,",Banco de dados,Livro,Biblioteca Central Zila Mamede,11,1,0,0,0,1,0.09
128166,CorelDraw 11 :,"Schwartz, Steven A.,",CorelDRAW (Programa de computador),Livro,Biblioteca Central Zila Mamede,10,1,0,0,0,1,0.1
211475,Real-time systems design and analysis :,"Laplante, Phillip A.",Processamento eletrônico de dados em tempo real,Livro,Biblioteca Central Zila Mamede,10,1,0,0,0,1,0.1
215226,OpenCV 2 computer vision application programming cookbook :,"Laganière, Robert.",Programação (Computadores),Livro,Biblioteca Central Zila Mamede,10,1,0,0,0,1,0.1
227658,Software development and professional practice,"Dooley, John,",Software -,Livro,Biblioteca Central Zila Mamede,10,1,0,0,0,1,0.1
25869,O que é o virtual ?,"Lévy, Pierre,",Tecnologia da Informação,Livro,Biblioteca Central Zila Mamede,9,0,0,1,0,1,0.11
132719,Computer networks :,"Peterson, Larry L.",Redes de computação,Livro,Biblioteca Central Zila Mamede,9,1,0,0,0,1,0.11
168844,Estudo dirigido de informática básica,"Manzano, André Luiz N. G.",Informática,Livro,Biblioteca Central Zila Mamede,9,1,0,0,0,1,0.11
87707,ML for the working programmer,"Paulson, Lawrence C.",ML (Linguagem de programação de computador),Livro,Biblioteca Central Zila Mamede,8,0,0,0,1,1,0.12
88287,Distributed systems :,"Coulouris, George,",Sistemas operacionais distribuídos (Computadores),Livro,Biblioteca Central Zila Mamede,8,0,0,0,1,1,0.12
169164,Interligação em rede com TCP/IP,"Comer, Douglas.",TCP/IP (Protocolos de redes de computadores),Livro,Biblioteca Central Zila Mamede,41,2,1,0,2,5,0.12
172714,Programming in prolog,"Clocksin, Willian F.",Prolog (Linguagem de programação de computador),Livro,Biblioteca Central Zila Mamede,8,0,1,0,0,1,0.12
175075,Practical COMMON LISP,"Seibel, Peter.",COMMON LISP (Linguagem de programação de computador),Livro,Biblioteca Central Zila Mamede,8,0,1,0,0,1,0.12
185110,"Serviço social, tecnologia da informação e trabalho","Veloso, Renato.",Serviço social,Livro,Biblioteca Central Zila Mamede,8,0,1,0,0,1,0.12
185427,Introduction to software testing,"Ammann, Paul,",Software de computador -,Livro,Biblioteca Central Zila Mamede,8,0,0,0,1,1,0.12
228293,Streaming :,"Perez Ávila, Renato Nogueira.",Tecnologia streaming (Telecomunicação),Livro,Biblioteca Central Zila Mamede,15,1,1,0,0,2,0.13
36605,Computer graphics :,,Computação gráfica,Livro,Biblioteca Central Zila Mamede,7,0,1,0,0,1,0.14
256014,Probability and computing,"Mitzenmacher, Michael,",Algoritmos de computador,Livro,Biblioteca Central Zila Mamede,7,0,1,0,0,1,0.14
131819,Core Java,"Horstmann, Cay S.,",Java (Linguagem de programação de computador),Livro,Biblioteca Central Zila Mamede,20,3,0,0,0,3,0.15
201122,An introduction to the analysis of algorithms,"Sedgewick, Robert,",Algoritmos de computador,Livro,Biblioteca Central Zila Mamede,13,1,1,0,0,2,0.15
21277,Client/Server programming with Java and CORBA,"Orfali, Robert",Engenharia de software,Livro,Biblioteca Central Zila Mamede,6,0,1,0,0,1,0.17
25969,Sistema de banco de dados,"Silberschatz, Abraham.",Banco de dados,Livro,Biblioteca Central Zila Mamede,6,0,0,0,1,1,0.17
132223,Redes de computadores :,"Peterson, Larry J.,",Redes de computadores,Livro,Biblioteca Central Zila Mamede,6,1,0,0,0,1,0.17
135304,Continuous integration :,"Duvall, Paul M.",Software -,Livro,Biblioteca Central Zila Mamede,6,0,1,0,0,1,0.17
202089,e-Usabilidade,"Ferreira, Simone Bacellar Leal.",Interação homem-máquina,Livro,Biblioteca Central Zila Mamede,6,0,1,0,0,1,0.17
204536,Paper prototyping :,"Snyder, Carolyn.",Sites da Web -,Livro,Biblioteca Central Zila Mamede,6,0,0,0,1,1,0.17
183373,Programação em MATLAB para engenheiros,"Chapman, Stephen P.",Análise numérica -,Livro,Biblioteca Central Zila Mamede,17,1,2,0,0,3,0.18
68033,Organização e projeto de computadores :,"Hennessy, John L.",Computadores -,Livro,Biblioteca Central Zila Mamede,5,0,1,0,0,1,0.2
124804,Data structures and algorithm analysis in Java,"Weiss, Mark Allen.",Java (Linguagem de programação de computador),Livro,Biblioteca Central Zila Mamede,10,1,1,0,0,2,0.2
133051,Computação gráfica para designers :,Gamba Jr.,Computação gráfica,Livro,Biblioteca Central Zila Mamede,10,1,1,0,0,2,0.2
133891,Distributed systems :,"Tanenbaum, Andrew S.,",Sistemas operacionais distribuidos (Computadores),Livro,Biblioteca Central Zila Mamede,10,0,0,1,1,2,0.2
162324,Modeling in Event-B :,"Abrial, Jean-Raymond.",Métodos formais (Computação),Livro,Biblioteca Central Zila Mamede,5,0,0,0,1,1,0.2
166381,Teoria quântica de moléculas e sólidos :,"Vianna, José David Mangueira.",Mecânica quântica -,Livro,Biblioteca Central Zila Mamede,10,1,0,0,1,2,0.2
176122,Use a cabeça! Desenvolvendo para iphone,"Pilone, Dan.",Desenvolvimento de software -,Livro,Biblioteca Central Zila Mamede,5,1,0,0,0,1,0.2
181124,Wireless sensor networks,"Akyildiz, Ian F.",Redes de computadores,Livro,Biblioteca Central Zila Mamede,5,0,0,0,1,1,0.2
188037,Algorithms,"Dasgupta, Sanjoy.",Algorítmos -,Livro,Biblioteca Central Zila Mamede,5,0,1,0,0,1,0.2
190622,Projeto de algoritmos :,"Ziviani, Nivio.",Algoritmos -,Livro,Biblioteca Central Zila Mamede,10,0,2,0,0,2,0.2
202757,A practical guide to SysML :,"Friedenthal, Sanford.",Engenharia de sistemas,Livro,Biblioteca Central Zila Mamede,5,0,1,0,0,1,0.2
204491,Signals and systems laboratory with MATLAB,"Palamides, Alex",Processamento de sinais -,Livro,Biblioteca Central Zila Mamede,15,3,0,0,0,3,0.2
204508,Image processing with MATLAB :,"Demirkaya, Omer.",Processamento de imagens -,Livro,Biblioteca Central Zila Mamede,10,1,1,0,0,2,0.2
209061,Practical image and video processing using MATLAB,"Marques, Oge.",MATLAB,Livro,Biblioteca Central Zila Mamede,5,0,1,0,0,1,0.2
212032,Professional Android 4 application development,"Meier, Reto,",Android (Recurso eletrônico),Livro,Biblioteca Central Zila Mamede,10,2,0,0,0,2,0.2
214083,Introdução à análise forense em redes de computadores :,"Galvão, Ricardo Kléber M.",Redes de computadores -,Livro,Biblioteca Central Zila Mamede,20,2,0,0,2,4,0.2
216773,Hacking com Kali Linux :,"Broad, James.",Teste de invasão (Medidas de segurança para computadores),Livro,Biblioteca Central Zila Mamede,5,0,1,0,0,1,0.2
217955,Microsoft Windows Server 2012 :,"Thompson, Marco Aurélio,",Windows Server (Sistema operacional de computador),Livro,Biblioteca Central Zila Mamede,10,1,1,0,0,2,0.2
220582,Understanding SNMP MIBs,"Perkins, David T.",Management Protocol (Protocolo de rede do computador),Livro,Biblioteca Central Zila Mamede,5,1,0,0,0,1,0.2
225934,Windows server 2008 :,"Stanek, William R.,",Windows Server (Sistema operacional de computador),Livro,Biblioteca Central Zila Mamede,5,0,1,0,0,1,0.2
251135,Kali Linux :,"Giavaroto, Sílvio César Roxo.",Kali Linux ( sistema operacional),Livro,Biblioteca Central Zila Mamede,5,0,0,0,1,1,0.2
256136,Introdução ao DNS :,"Furtado, Celso Marcos.",Nomes de domínio na Internet,Livro,Biblioteca Central Zila Mamede,5,0,0,0,1,1,0.2
271008,Inteligência artificial :,"Lee, Kai-Fu",Inteligência artificial,Livro,Biblioteca Central Zila Mamede,5,0,0,0,1,1,0.2
250154,The art of computer programming,"Knuth, Donald Ervin,",Programação (Computadores),Livro,Biblioteca Central Zila Mamede,14,0,1,0,2,3,0.21
13048,Inglês básico para informática,"Galante, Terezinha Prado.",Língua inglesa,Livro,Biblioteca Central Zila Mamede,4,0,0,0,1,1,0.25
32382,A informação :,,Tecnologia da Informação,Livro,Biblioteca Central Zila Mamede,4,0,0,0,1,1,0.25
38117,PC :,"Zelenovsky, Ricardo.",Hardware,Livro,Biblioteca Central Zila Mamede,4,0,1,0,0,1,0.25
57157,The art of computer programming,"Knuth, Donald Ervin,",Programação (Computadores),Livro,Biblioteca Central Zila Mamede,8,1,1,0,0,2,0.25
57253,Introdução aos sistemas distribuídos,"Lages, Newton Alberto de Castilho.",Processamento eletrônico de dados -,Livro,Biblioteca Central Zila Mamede,4,0,1,0,0,1,0.25
65113,Síntese de circuitos lógicos combinacionais,"Jacobi, Ricardo.",Circuitos lógicos,Livro,Biblioteca Central Zila Mamede,4,0,1,0,0,1,0.25
85435,Introdução à lógica para a ciência da computação,"Abe, Jair Minoro.",Circuitos lógicos,Livro,Biblioteca Central Zila Mamede,4,0,0,0,1,1,0.25
88533,The art and science of C :,"Roberts, Eric.",C (Linguagem de programa de computador),Livro,Biblioteca Central Zila Mamede,4,0,0,0,1,1,0.25
124895,Documenting software architectures :,,Arquitetura dos computadores,Livro,Biblioteca Central Zila Mamede,4,1,0,0,0,1,0.25
132992,Software architecture in practice,"Bass, Len.",Software,Livro,Biblioteca Central Zila Mamede,4,1,0,0,0,1,0.25
137396,"300 superdicas de editoração, design e artes gráficas","Horie, Ricardo Minoru,",Computação gráfica,Livro,Biblioteca Central Zila Mamede,4,1,0,0,0,1,0.25
148994,Use a cabeça! Java,"Sierra, Kathy.",Java (Linguagem de programação de computador),Livro,Biblioteca Central Zila Mamede,4,0,1,0,0,1,0.25
165914,AutoCAD MAP 3D :,"Góes, Kátia.",Sistema AutoCAD,Livro,Biblioteca Central Zila Mamede,4,0,1,0,0,1,0.25
167050,"Domain theory, logic, and computation :",,Linguagem de programação (Computadores),Livro,Biblioteca Central Zila Mamede,4,0,1,0,0,1,0.25
174091,"LTE, WIMAX, and WLAN network design, optimization and performance analysis","Korowajczuk, Leonhard.",LANs sem fio,Livro,Biblioteca Central Zila Mamede,4,1,0,0,0,1,0.25
182218,CorelDRAW X3 :,"Pereira, Elbis França.",CorelDRAW (Programa de computador),Livro,Biblioteca Central Zila Mamede,4,1,0,0,0,1,0.25
188988,Segurança de redes em ambientes cooperativos,"Nakamura, Emilio Tissato,",Redes de computadores -,Livro,Biblioteca Central Zila Mamede,4,1,0,0,0,1,0.25
214618,Software product lines :,"Clements, Paul,",Software -,Livro,Biblioteca Central Zila Mamede,8,1,1,0,0,2,0.25
231286,Introdução ao MongoDB,"Hows, David.",Banco de dados,Livro,Biblioteca Central Zila Mamede,8,0,2,0,0,2,0.25
25581,Redes de computadores :,"Soares, Luiz Fernando Gomes.",Redes de computadores,Livro,Biblioteca Central Zila Mamede,11,0,3,0,0,3,0.27
124965,Concepts of programming languages,"Sebesta, Robert W.",Linguagem de programação (Computadores),Livro,Biblioteca Central Zila Mamede,15,0,1,2,1,4,0.27
214761,Computer graphics :,,Computação gráfica,Livro,Biblioteca Central Zila Mamede,15,0,1,0,3,4,0.27
255912,Exploring BeagleBone :,"Molloy, Derek,",BeagleBone (computador),Livro,Biblioteca Central Zila Mamede,15,0,1,1,2,4,0.27
57174,Inteligencia artificial :,"Araribóia, G.",Inteligência artificial,Livro,Biblioteca Central Zila Mamede,7,1,1,0,0,2,0.29
134931,Embedded system design,"Marwedel, Peter.",Informática -,Livro,Biblioteca Central Zila Mamede,7,0,0,1,1,2,0.29
162308,Redes e sistemas de comunicação de dados :,"Stallings, William,",Comércio eletrônico,Livro,Biblioteca Central Zila Mamede,7,1,0,0,1,2,0.29
177102,Multiagent systems :,"Shoham, Yoav.",Agentes inteligentes (Software de computador),Livro,Biblioteca Central Zila Mamede,7,0,0,1,1,2,0.29
229305,Estruturas de dados com jogos,,Programação de computadores -,Livro,Biblioteca Central Zila Mamede,48,4,9,0,1,14,0.29
36480,Concurrent programming :,"Andrews, Gregory R.",Programas de computador,Livro,Biblioteca Central Zila Mamede,10,3,0,0,0,3,0.3
165298,Criptografia e segurança de redes :,"Stallings, William,",Criptografia,Livro,Biblioteca Central Zila Mamede,10,3,0,0,0,3,0.3
166687,Introduction to multimedia communications :,"Rao, K. R.,",Multimídia (Programa de computador),Livro,Biblioteca Central Zila Mamede,10,1,2,0,0,3,0.3
208962,Embedded Android,"Yaghmour, Karim.",Android (Sistema operacional),Livro,Biblioteca Central Zila Mamede,10,1,2,0,0,3,0.3
227351,Segurança de dados :,"Terada, Routo.",Criptografia de dados (Computação),Livro,Biblioteca Central Zila Mamede,10,2,0,1,0,3,0.3
136649,Algorithms in C,"Sedgewick, Robert,",Algoritmos,Livro,Biblioteca Central Zila Mamede,13,2,1,0,1,4,0.31
229294,Fundamentos da privacidade digital :,"Cherry, Denny.",Processamento de dados,Livro,Biblioteca Central Zila Mamede,48,5,6,1,3,15,0.31
9551,Treinamento em linguagem C :,"Mizrahi, Victorine Viviane.",C (Linguagem de programação de computador),Livro,Biblioteca Central Zila Mamede,3,0,0,0,1,1,0.33
33124,Programação modular :,"Staa, Arndt von",Programação modular,Livro,Biblioteca Central Zila Mamede,12,1,2,0,1,4,0.33
60334,Informática na educação :,"Tajra , Sanmya Feitosa,1968-",Educação -,Livro,Biblioteca Central Zila Mamede,3,1,0,0,0,1,0.33
72766,Aprendendo para a vida :,,Escola -,Livro,Biblioteca Central Zila Mamede,3,1,0,0,0,1,0.33
165173,Sistemas distribuídos :,"Tanenbaum, Andrew S.,",Sistemas operacionais distribuídos (Computadores),Livro,Biblioteca Central Zila Mamede,12,2,1,0,1,4,0.33
168383,Informática para concursos :,"Ruas, Jorge.",Informática -,Livro,Biblioteca Central Zila Mamede,3,0,1,0,0,1,0.33
172279,EJB 3 profissional :,"Keith, Mike.",Java (Linguagem de programação de computador),Livro,Biblioteca Central Zila Mamede,3,0,1,0,0,1,0.33
175500,Fuzzy modeling and genetic algorithms for data mining and exploration,"Cox, Earl.",Mineração de dados (Computação),Livro,Biblioteca Central Zila Mamede,3,1,0,0,0,1,0.33
177289,Modern cryptanalysis :,"Swenson, Christopher,",Criptografia,Livro,Biblioteca Central Zila Mamede,3,1,0,0,0,1,0.33
178861,Genetic programming :,"Koza, John R.",Inteligência artificial,Livro,Biblioteca Central Zila Mamede,3,1,0,0,0,1,0.33
188803,Java :,"Deitel, Harvey M.,",Java (Linguagem de programação de computador),Livro,Biblioteca Central Zila Mamede,3,0,0,0,1,1,0.33
188945,Use a cabeça! :,"Watrall, Ethan",Sites da Web -,Livro,Biblioteca Central Zila Mamede,3,0,0,0,1,1,0.33
194388,Prolog programming for artificial intelligence,"Bratko, Ivan,",Inteligência artificial -,Livro,Biblioteca Central Zila Mamede,3,1,0,0,0,1,0.33
203157,The UX Book :,"Hartson, H. Rex.",Interação homem-máquina,Livro,Biblioteca Central Zila Mamede,3,1,0,0,0,1,0.33
203197,Quantifying the user experience :,"Sauro, Jeff.",Interfaces de usuário ( sistemas de informática )-,Livro,Biblioteca Central Zila Mamede,3,0,0,0,1,1,0.33
215113,Information security policies and procedures :,"Peltier, Thomas R.",Computadores -,Livro,Biblioteca Central Zila Mamede,3,1,0,0,0,1,0.33
221351,Introdução ao Haskell,"Araújo, Stenio Longo.",Haskell -,Livro,Biblioteca Central Zila Mamede,3,1,0,0,0,1,0.33
227655,Estudo dirigido de Microsoft Office Power Point 2013,"Manzano, José Augusto N. G.",PowerPoint (Programa de computador),Livro,Biblioteca Central Zila Mamede,3,1,0,0,0,1,0.33
230396,Primeiros passos com sensores,"Karvinen, Kimmo",Arduino (Controlador programável),Livro,Biblioteca Central Zila Mamede,3,0,1,0,0,1,0.33
238640,Primefaces avançado + Web Service Rest :,"Souza, Thiago Hernandes de.",PrimeFaces (Programa de computador),Livro,Biblioteca Central Zila Mamede,3,0,0,1,0,1,0.33
238838,Ambientes virtuais e multiplataformas online na EAD :,"Silva, Robson Santos da.",Didática,Livro,Biblioteca Central Zila Mamede,3,0,0,0,1,1,0.33
247492,OwnCloud :,"Henrique, Marcos.",Serviços da Web,Livro,Biblioteca Central Zila Mamede,3,0,0,0,1,1,0.33
248472,Human-computer interaction,,Interação homem-máquina,Livro,Biblioteca Central Zila Mamede,3,0,1,0,0,1,0.33
170086,Algoritmos em linguagem C,"Feofiloff, Paulo,",Algoritmos de computador,Livro,Biblioteca Central Zila Mamede,45,7,4,0,5,16,0.36
153375,Engenharia de software :,"Tonsig, Sérgio Luiz,",Engenharia de sistemas,Livro,Biblioteca Central Zila Mamede,8,0,3,0,0,3,0.38
171168,Fundamentals of computer graphics,"Shirley, Peter,",Computação gráfica,Livro,Biblioteca Central Zila Mamede,8,1,1,1,0,3,0.38
241950,Google hacking para pentest,"Long, Johnny.",Google,Livro,Biblioteca Central Zila Mamede,8,0,2,0,1,3,0.38
36181,A prática da programação,"Kernighan, Brian W.,",Programação (Computadores),Livro,Biblioteca Central Zila Mamede,5,0,1,0,1,2,0.4
44080,Sistemas de Informação :,"Laudon, Kenneth C.",Internet (Redes de computação),Livro,Biblioteca Central Zila Mamede,5,0,1,0,1,2,0.4
82229,Visual basic para UML :,"Griver, Yair Alan.",Visual Basic (Programa de computador),Livro,Biblioteca Central Zila Mamede,5,0,2,0,0,2,0.4
85438,Linguagens formais e autômatos,"Menezes, Paulo Fernando Blauth.",Linguagem de programação (Computadores),Livro,Biblioteca Central Zila Mamede,5,0,0,0,2,2,0.4
112660,MATLAB com aplicações de engenharia,"Gilat, Amos.",MATLAB (programa de computador),Livro,Biblioteca Central Zila Mamede,10,3,1,0,0,4,0.4
130384,Sistemas operacionais :,"Tanenbaum, Andrew S.",Sistemas operacionais (Computadores),Livro,Biblioteca Central Zila Mamede,15,2,4,0,0,6,0.4
174284,Redes industriais :,"Albuquerque, Pedro Urbano Braga de.",Redes de computadores,Livro,Biblioteca Central Zila Mamede,10,0,3,0,1,4,0.4
204716,Adobe Premiere Pro CS4 classroom in a book :,,Adobe Premiere (Programa de computador),Livro,Biblioteca Central Zila Mamede,10,2,2,0,0,4,0.4
210928,A arte de SEO,,Ferramentas de busca na Web,Livro,Biblioteca Central Zila Mamede,5,1,1,0,0,2,0.4
251219,Algorithm design,"Kleinberg, Jon.",Algoritmos,Livro,Biblioteca Central Zila Mamede,10,1,3,0,0,4,0.4
161918,Projeto de algoritmos : com implementações em Java e C++,"Ziviani, Nivio.",Algoritmos de cpomputador,Livro,Biblioteca Central Zila Mamede,17,1,2,0,4,7,0.41
134091,Teoria e problemas de arquitetura de computadores,"Carter, Nicholas,",Arquitetura de computador,Livro,Biblioteca Central Zila Mamede,19,1,6,0,1,8,0.42
126342,Software testing :,"Jorgensen, Paul.",Software -,Livro,Biblioteca Central Zila Mamede,7,1,2,0,0,3,0.43
180548,Sistemas colaborativos,,Engenharia de software,Livro,Biblioteca Central Zila Mamede,23,2,7,1,0,10,0.43
25570,Engenharia de software,"Pressman, Roger S.",Engenharia de software,Livro,Biblioteca Central Zila Mamede,16,3,2,0,2,7,0.44
188826,Governança de TI :,"Weill, Peter.",Tecnologia da informação,Livro,Biblioteca Central Zila Mamede,20,3,5,0,1,9,0.45
214647,AutoCAD 2013 :,"Katori, Rosa.",AutoCAD (Programa de computador),Livro,Biblioteca Central Zila Mamede,20,2,6,0,1,9,0.45
124186,Core Java 2,"Horstmann, Cay S.,",Java (Linguagem de programação de computador),Livro,Biblioteca Central Zila Mamede,26,5,5,1,1,12,0.46
152676,Estruturas de dados e algoritmos :,"Preiss, Bruno R.",Algoritmos,Livro,Biblioteca Central Zila Mamede,50,14,6,0,3,23,0.46
219575,Sistemas de informações contábeis :,"Hurt, Robert L.",Sistema contábil,Livro,Biblioteca Central Zila Mamede,15,1,5,1,0,7,0.47
201553,MATLAB com aplicações de engenharia,"Gilat, Amos.",MATLAB (programa de computador),Livro,Biblioteca Central Zila Mamede,33,9,4,1,2,16,0.48
231203,Metodologia de pesquisa para ciência da computação,"Wazlawick, Raul Sidnei.",Ciência da Computação -,Livro,Biblioteca Central Zila Mamede,63,13,8,2,7,30,0.48
133834,Fundamentos da programação de computadores :,"Ascencio, Ana Fernanda Gomes.",Programação (Computadores),Livro,Biblioteca Central Zila Mamede,208,47,35,5,14,101,0.49
23441,Numerical recipes example book :,,FORTRAN (Linguagem de programação de computador),Livro,Biblioteca Central Zila Mamede,2,1,0,0,0,1,0.5
53670,Lógica de programação :,"Forbellone, Andre Luiz Villar.",Programação (Computadores),Livro,Biblioteca Central Zila Mamede,2,0,0,1,0,1,0.5
57406,The architecture of scientific software :,,Engenharia de software,Livro,Biblioteca Central Zila Mamede,2,0,1,0,0,1,0.5
65037,Neural networks for financial forecasting,"Gately, Edward.",Redes neurais (Ciência da computação),Livro,Biblioteca Central Zila Mamede,2,0,1,0,0,1,0.5
65509,A linguagem FORTRAN 77,"Cadete, Maria Odete Rodrigues.",FORTRAN (Linguagem de programação de computador),Livro,Biblioteca Central Zila Mamede,2,0,1,0,0,1,0.5
65783,XHTML :,"Proffitt, Brian.",XHTML (Linguagem de marcação de documento),Livro,Biblioteca Central Zila Mamede,2,1,0,0,0,1,0.5
66448,Teletrabalho e aprendizagem :,"Araújo, E. Rodrigues",Telecommuting,Livro,Biblioteca Central Zila Mamede,2,0,1,0,0,1,0.5
71928,Especificacoes em Z :,"Moura, Arnaldo Vieira.",Engenharia de software,Livro,Biblioteca Central Zila Mamede,4,0,0,2,0,2,0.5
75801,Divulgação científica e tecnologias de informação e comunicação,,Tecnologia da informação,Livro,Biblioteca Central Zila Mamede,2,0,1,0,0,1,0.5
85298,Complexidade de algoritmos :,"Toscani, Laira Vieira.",Algoritmos (Computadores),Livro,Biblioteca Central Zila Mamede,6,2,1,0,0,3,0.5
85681,Criptografia em software e hardware,"Moreno, Edward David.",Criptografia de dados (Computação),Livro,Biblioteca Central Zila Mamede,2,1,0,0,0,1,0.5
98773,Backup and recovery,"Preston, W. Curtis.",Backup,Livro,Biblioteca Central Zila Mamede,2,1,0,0,0,1,0.5
101139,The way of Z :,"Jacky, Jonathan.",Linguagem de programação (Computadores),Livro,Biblioteca Central Zila Mamede,2,0,1,0,0,1,0.5
104590,E-commerce na Internet :,"Nakamura, Rodolfo Reijiro,",Internet (Redes de computação),Livro,Biblioteca Central Zila Mamede,2,1,0,0,0,1,0.5
107992,Adobe photoshop 4.0/5.0 :,"Santos Júnior, Mozart Jesus Fialho dos.",Adobe Photoshop (Programa de computador),Livro,Biblioteca Central Zila Mamede,2,1,0,0,0,1,0.5
121504,Engenharia de software :,"Paula Filho, Wilson de Padua.",Engenharia de software,Livro,Biblioteca Central Zila Mamede,2,1,0,0,0,1,0.5
124811,Real-time systems,"Liu, Jane W. S.,",Processamento eletrônico de dados em tempo real,Livro,Biblioteca Central Zila Mamede,4,0,0,0,2,2,0.5
124817,Logic and computer design fundamentals,"Mano, M. Morris,",Circuítos lógicos,Livro,Biblioteca Central Zila Mamede,2,1,0,0,0,1,0.5
125377,Image processing and analysis :,"Chan, Tony F.",Processamento de imagem -,Livro,Biblioteca Central Zila Mamede,2,0,0,1,0,1,0.5
126182,Emergência :,"Johnson, Steven.",Inteligência artificial,Livro,Biblioteca Central Zila Mamede,2,1,0,0,0,1,0.5
126409,Virtual methods :,,Internet -,Livro,Biblioteca Central Zila Mamede,2,0,0,1,0,1,0.5
135206,Segurança de redes em ambientes cooperativos,"Nakamura, Emilio Tissato,",Redes de computação,Livro,Biblioteca Central Zila Mamede,2,0,1,0,0,1,0.5
135303,Implementation patterns,"Beck, Kent.",Padrões de Software,Livro,Biblioteca Central Zila Mamede,6,0,2,0,1,3,0.5
135316,An introduction to mathematical cryptography,"Hoffstein, Jeffrey.",Criptografia -,Livro,Biblioteca Central Zila Mamede,2,0,0,0,1,1,0.5
136921,Criação e poéticas digitais,,Poesia digital,Livro,Biblioteca Central Zila Mamede,2,1,0,0,0,1,0.5
161832,Computability and randomness,"Nies, André.",Complexidade computacional,Livro,Biblioteca Central Zila Mamede,2,0,0,1,0,1,0.5
161936,Theoretical neuroscience :,"Dayan, Peter.",Redes neurais (Neurobiologia) -,Livro,Biblioteca Central Zila Mamede,4,1,1,0,0,2,0.5
162271,Fuzzy expert systems and fuzzy reasoning,"Siler, William.",Sistemas especialistas (Computação),Livro,Biblioteca Central Zila Mamede,2,1,0,0,0,1,0.5
162543,UNIX network programming :,"Stevens, W. Richard.",Redes de computação,Livro,Biblioteca Central Zila Mamede,4,0,0,0,2,2,0.5
162754,GIS tutorial :,"Gorr, Wilpen L.",Sistemas de Informação Geográfica,Livro,Biblioteca Central Zila Mamede,2,0,0,1,0,1,0.5
170096,"Logic, language, information and computation :",,Inteligência artificial,Livro,Biblioteca Central Zila Mamede,2,0,0,0,1,1,0.5
170513,Conectado :,"Spyer, Juliano.",Recursos de redes de computadores,Livro,Biblioteca Central Zila Mamede,6,3,0,0,0,3,0.5
177116,Redes de nova geração :,"Tronco, Tania Regina,",Redes de computadores,Livro,Biblioteca Central Zila Mamede,8,1,3,0,0,4,0.5
178509,Multiple view geometry in computer vision,"Hartley, Richard.",Visão por computador,Livro,Biblioteca Central Zila Mamede,2,0,0,1,0,1,0.5
182698,Network security essentials :,"Stallings, William,",Computadores -,Livro,Biblioteca Central Zila Mamede,2,0,1,0,0,1,0.5
182701,Secrets and lies :,"Schneier, Bruce,",Computadores -,Livro,Biblioteca Central Zila Mamede,2,0,1,0,0,1,0.5
184734,Introduction to programming in Java :,"Sedgewick, Robert,",Java (Linguagem de programação de computador),Livro,Biblioteca Central Zila Mamede,2,1,0,0,0,1,0.5
185468,Introduction to the design & analysis of algorithms,"Levitin, Anany.",Algoritmos de computador,Livro,Biblioteca Central Zila Mamede,4,1,0,1,0,2,0.5
185532,Splintering urbanism :,"Graham, Stephen,",Cidades e vilas,Livro,Biblioteca Central Zila Mamede,2,0,0,1,0,1,0.5
188935,Adobe Photoshop CS3 :,"Minorello, Danilo.",Adobe Photoshop (Programa de computador),Livro,Biblioteca Central Zila Mamede,2,1,0,0,0,1,0.5
195265,a Learning with kernels :,"Schölkopf, Bernhard.","Kernel, Funções de",Livro,Biblioteca Central Zila Mamede,2,0,0,0,1,1,0.5
198960,Introduction to high performance computing for scientists and engineers,"Hager, Georg.",Computação de alto desempenho,Livro,Biblioteca Central Zila Mamede,2,1,0,0,0,1,0.5
202501,VMware ESX and ESXi in the enterprise :,"Haletky, Edward.",VMware (Software),Livro,Biblioteca Central Zila Mamede,2,1,0,0,0,1,0.5
203072,Fundamentals of matrix computations,"Watkins, David S.",Matrizes (Matemática) -,Livro,Biblioteca Central Zila Mamede,2,1,0,0,0,1,0.5
204613,E-Business para turismo :,,Turismo -,Livro,Biblioteca Central Zila Mamede,10,2,1,0,2,5,0.5
204672,Understanding complex datasets :,"Skillicorn, David B.",Mineração de dados (Computação),Livro,Biblioteca Central Zila Mamede,2,0,1,0,0,1,0.5
206136,Backtrack linux  auditoria e teste de invasão em redes de computadores,"Giavaroto, Sílvio César Roxo.",Segurança de rede de computadores,Livro,Biblioteca Central Zila Mamede,2,1,0,0,0,1,0.5
206805,Programação com arduino :,"Monk, Simon",Arduino (Controlador programável),Livro,Biblioteca Central Zila Mamede,6,0,2,1,0,3,0.5
208227,Governança da nova TI :,"Mansur, Ricardo,",Governança em tecnologias da informação,Livro,Biblioteca Central Zila Mamede,2,1,0,0,0,1,0.5
208562,Computer architecture :,"Hennessy, John L.",Computação,Livro,Biblioteca Central Zila Mamede,10,1,3,0,1,5,0.5
211193,IPv6 :,"Brito, Samuel Henrique Bucke.",IPv6 (Protocolo de internet),Livro,Biblioteca Central Zila Mamede,2,1,0,0,0,1,0.5
212000,Foundations of algebraic specification and formal software development,"Sannella, D.",Engenharia de software,Livro,Biblioteca Central Zila Mamede,2,1,0,0,0,1,0.5
214843,Redes de computadores :,"Lima Junior, Almir Wirth.",Redes de computação,Livro,Biblioteca Central Zila Mamede,10,4,0,0,1,5,0.5
215040,Modern Fortran in practice,"Markus, Arjen.",FORTRAN 2008 (Linguagem de programação de computador),Livro,Biblioteca Central Zila Mamede,2,1,0,0,0,1,0.5
220244,Cognitive computer vision:,"Van Den Broek, Egon L.",Visão computacional,Livro,Biblioteca Central Zila Mamede,2,0,1,0,0,1,0.5
220585,The Java EE 6 tutorial :,,Java (Linguagem de programação de computador),Livro,Biblioteca Central Zila Mamede,10,3,2,0,0,5,0.5
222155,Eletrônica básica para computação,"Hetem Junior, Annibal,",Eletrônica,Livro,Biblioteca Central Zila Mamede,10,3,0,0,2,5,0.5
227620,Microsoft Windows Server 2012 :,"Thompson, Marco Aurélio,",Windows Server (Sistema operacional de computador),Livro,Biblioteca Central Zila Mamede,12,2,3,0,1,6,0.5
228382,Dominando JavaServer pages avançado,"Geary, David M.",JavaServer pages (Programa de computador),Livro,Biblioteca Central Zila Mamede,2,0,1,0,0,1,0.5
229769,Desenvolvendo para iphone e ipad,"Lecheta, Ricardo R.",Software de aplicação -,Livro,Biblioteca Central Zila Mamede,2,1,0,0,0,1,0.5
245982,Working effectively with legacy code,"Feathers, Michael C.",Engenharia de software,Livro,Biblioteca Central Zila Mamede,4,1,1,0,0,2,0.5
252723,Refactoring :,"Fowler, Martin,",Programação orientada a objetos (Computação),Livro,Biblioteca Central Zila Mamede,6,0,2,0,1,3,0.5
252976,Android em ação,,Android (Recurso eletrônico),Livro,Biblioteca Central Zila Mamede,8,0,3,0,1,4,0.5
176984,Sistemas operacionais,"Oliveira, Rômulo Silva de.",Sistemas operacionais (Computadores),Livro,Biblioteca Central Zila Mamede,47,11,9,0,4,24,0.51
231142,Inteligência artificial,"Lima, Isaías.",Inteligencia artificial,Livro,Biblioteca Central Zila Mamede,64,12,12,2,7,33,0.52
176132,Auditoria de sistemas de informação,"Imoniana, Joshua Onome.",Sistemas de informação -,Livro,Biblioteca Central Zila Mamede,15,3,3,2,0,8,0.53
126295,Conceitos de linguagens de programação,"Sebesta, Robert W.",Linguagem de programação (Computadores),Livro,Biblioteca Central Zila Mamede,10,0,1,3,2,6,0.6
134379,Padrões de arquitetura de aplicações corporativas,"Fowler, Martin,",Arquitetura de computador,Livro,Biblioteca Central Zila Mamede,5,0,1,1,1,3,0.6
180637,Redes neurais artificiais :,"Braga, Antônio de Pádua.",Redes neurais artificiais,Livro,Biblioteca Central Zila Mamede,5,0,0,0,3,3,0.6
202366,Signals and systems using MATLAB,"Chaparro, Luis F.",Processamento de sinais -,Livro,Biblioteca Central Zila Mamede,5,3,0,0,0,3,0.6
204438,EJB 3.1 cookbook :,"Reese, Richard M.",Java (Linguagem de programação de computador),Livro,Biblioteca Central Zila Mamede,5,1,2,0,0,3,0.6
210957,Interação humano-computador,"Benyon, David.",Interação homem-máquina,Livro,Biblioteca Central Zila Mamede,10,1,1,2,2,6,0.6
213470,Java persistence com hibernate,"Bauer, Christian.",Java (Linguagem de programação de computador),Livro,Biblioteca Central Zila Mamede,5,2,0,1,0,3,0.6
221473,Análise de pontos de função :,"Vasquez, Carlos Eduardo.",Gerenciamento de projeto de software,Livro,Biblioteca Central Zila Mamede,10,2,3,1,0,6,0.6
248860,Simulação de sistemas :,,Simulação (Computadores),Livro,Biblioteca Central Zila Mamede,5,0,3,0,0,3,0.6
256102,Segurança em servidores Linux :,"Binnie, Chris.",Computadores -,Livro,Biblioteca Central Zila Mamede,5,0,2,0,1,3,0.6
256149,Segurança de DNS :,"Liska, Allan.",Nomes de domínio na Internet,Livro,Biblioteca Central Zila Mamede,5,0,3,0,0,3,0.6
176078,Cloud computing :,"Velte, Anthony T.",Computação em nuvem,Livro,Biblioteca Central Zila Mamede,13,3,2,1,2,8,0.62
162318,Principles of CAD/CAM/CAE systems,"Lee, Kunwoo.",Sistemas CAD/CAM,Livro,Biblioteca Central Zila Mamede,11,1,6,0,0,7,0.64
38105,Arquitetura e organização de computadores :,"Stallings, William,",Arquitetura de computador,Livro,Biblioteca Central Zila Mamede,3,0,2,0,0,2,0.67
42431,A estrada do futuro,"Gates, Bill,",Tecnologia da Informação,Livro,Biblioteca Central Zila Mamede,3,1,1,0,0,2,0.67
88389,Algorithms in C++,"Sedgewick, Robert,",Algoritmos de computador,Livro,Biblioteca Central Zila Mamede,3,1,0,0,1,2,0.67
89828,Meios eletrônicos e educação :,"Setzer, Valdemar W.",Educação -,Livro,Biblioteca Central Zila Mamede,3,2,0,0,0,2,0.67
91134,Sistema de segurança da informação :,"Campos, André L. N.",Sistemas de informação -,Livro,Biblioteca Central Zila Mamede,3,1,0,0,1,2,0.67
93464,Arte virtual :,"Grau, Oliver,",Realidade virtual na arte,Livro,Biblioteca Central Zila Mamede,3,0,1,0,1,2,0.67
107429,Informática :,"Silva, Mário Gomes da,",Programa de computação,Livro,Biblioteca Central Zila Mamede,3,2,0,0,0,2,0.67
123283,SPSS básico para análise de dados,"Oliveira, Francisco Estevam Martins de.",SPSS (Programa de computador),Livro,Biblioteca Central Zila Mamede,3,1,0,1,0,2,0.67
126298,The Internet :,"Miller, Daniel,",Internet -,Livro,Biblioteca Central Zila Mamede,3,1,0,1,0,2,0.67
130129,Algoritmos estruturados,,Programação estruturada,Livro,Biblioteca Central Zila Mamede,12,7,0,0,1,8,0.67
186078,Introdução a Sistemas de Informação :,"Rainer JR., R. Kelly.",Sistemas de recuperação da informação,Livro,Biblioteca Central Zila Mamede,18,6,6,0,0,12,0.67
187510,Hardware II :,"Morimoto, Carlos E.",Hardware,Livro,Biblioteca Central Zila Mamede,3,1,1,0,0,2,0.67
191205,Algoritmos e estruturas de dados,"Wirth, Niklaus,",Estrutura de dados (Computação),Livro,Biblioteca Central Zila Mamede,3,0,2,0,0,2,0.67
191925,Arquitetura de sistemas para web com java utilizando design patterns e frameworks,"Teruel, Evandro Carlos.",Java (Linguagem de programação de computador),Livro,Biblioteca Central Zila Mamede,3,0,0,0,2,2,0.67
201049,TCP/IP illustrated,"Fall, Kevin R.",TCP/IP (Computer network protocol),Livro,Biblioteca Central Zila Mamede,3,1,1,0,0,2,0.67
211479,Software testing and analysis :,"Pezzè, Mauro.",Programa de computador -,Livro,Biblioteca Central Zila Mamede,3,0,1,0,1,2,0.67
214188,Introduction to cryptography :,"Trappe, Wade",Criptografia,Livro,Biblioteca Central Zila Mamede,3,0,1,0,1,2,0.67
214613,Cryptography :,"Stinson, Douglas R.",Criptografia de dados (Computação),Livro,Biblioteca Central Zila Mamede,3,0,0,0,2,2,0.67
221414,Inclusão digital nas escolas públicas :,"Silva, Maria Aparecida Ramos da.",Inclusão digital,Livro,Biblioteca Central Zila Mamede,3,1,0,0,1,2,0.67
227657,Estudo dirigido de Microsoft Word 2013:,"Manzano, André Luiz N. G.",Word (Programa de computador),Livro,Biblioteca Central Zila Mamede,3,0,1,1,0,2,0.67
252726,How Google tests software,"Whittaker, James.",Programas de computador -,Livro,Biblioteca Central Zila Mamede,6,1,1,1,1,4,0.67
255911,Essential software architecture,"Gorton, Ian.",Arquitetura de software,Livro,Biblioteca Central Zila Mamede,6,0,4,0,0,4,0.67
255954,Computer organization and design :,"Patterson, David A.",Arquitetura de computador,Livro,Biblioteca Central Zila Mamede,3,0,2,0,0,2,0.67
133011,Pattern-oriented software architecture :,,Software -,Livro,Biblioteca Central Zila Mamede,10,2,5,0,0,7,0.7
202121,Algoritmos numéricos,"Campos, Frederico Ferreira,",Algoritmos,Livro,Biblioteca Central Zila Mamede,10,4,2,0,1,7,0.7
213583,Sistemas distribuidos :,,Sistemas operacionais distribuídos (Computadores),Livro,Biblioteca Central Zila Mamede,14,5,1,2,2,10,0.71
186619,Fundamentos de arquitetura de computadores,"Weber, Raul Fernando.",Arquitetura de computador,Livro,Biblioteca Central Zila Mamede,30,7,12,1,2,22,0.73
165760,Engenharia web,"Pressman, Roger S.",Engenharia de software,Livro,Biblioteca Central Zila Mamede,4,0,2,1,0,3,0.75
186670,Avaliação e projeto no design de interfaces,"Santa Rosa, José Guilherme,",Interação homem-máquina,Livro,Biblioteca Central Zila Mamede,4,2,1,0,0,3,0.75
186865,Introdução ao desenvolvimento de aplicativos para o Android,"Lee, Wei-Meng.",Programação -,Livro,Biblioteca Central Zila Mamede,8,3,2,0,1,6,0.75
219542,Windows Server 2012 :,"Stanek, William R.,",Windows Server (Sistema operacional de computador),Livro,Biblioteca Central Zila Mamede,20,10,4,0,1,15,0.75
238251,Introdução ao pentest,"Moreno, Daniel.",Computadores -,Livro,Biblioteca Central Zila Mamede,25,8,4,4,3,19,0.76
25600,Estruturas de dados e seus algoritmos,"Szwarcfiter, Jayme Luiz.",Estruturas de dados (Computação),Livro,Biblioteca Central Zila Mamede,30,13,9,0,1,23,0.77
231119,Estrutura de dados e técnicas de programação,,Programação (Computadores),Livro,Biblioteca Central Zila Mamede,60,9,19,2,16,46,0.77
71537,Arte :,"Venturelli, Suzete.",Arte -,Livro,Biblioteca Central Zila Mamede,5,3,1,0,0,4,0.8
134509,Redes de computadores,"Carissimi, Alexandre da Silva,",Redes de computadores,Livro,Biblioteca Central Zila Mamede,10,3,5,0,0,8,0.8
178165,O que é o virtual ?,"Lévy, Pierre,",Tecnologia da Informação,Livro,Biblioteca Central Zila Mamede,5,1,2,0,1,4,0.8
186343,Modelagem e projetos baseados em objetos com UML 2,"Blaha, Michael.",Engenharia de software,Livro,Biblioteca Central Zila Mamede,10,2,3,1,2,8,0.8
193424,Designing embedded hardware,"Catsoulis, John.",Sistemas embutidos de computador,Livro,Biblioteca Central Zila Mamede,10,1,4,3,0,8,0.8
198828,Embedded C programming and the Atmel AVR,"Barnett, Richard.",C (Linguagem de programação de computador),Livro,Biblioteca Central Zila Mamede,10,6,2,0,0,8,0.8
199243,Pattern recognition,"Theodoridis, Sergios.",Reconhecimento de padrões,Livro,Biblioteca Central Zila Mamede,10,6,1,1,0,8,0.8
203070,Software architecture :,"Taylor, Richard N.,",Software -,Livro,Biblioteca Central Zila Mamede,5,2,2,0,0,4,0.8
209747,SEO :,"Ledford, Jerri L.",Ferramentas de busca na Web,Livro,Biblioteca Central Zila Mamede,5,1,1,1,1,4,0.8
212224,A primer of ecology with R,"Stevens, M. Henry H.",Ecologia -,Livro,Biblioteca Central Zila Mamede,10,4,4,0,0,8,0.8
227773,Lições do Projeto um Computador por Aluno :,,Projeto Um Computador por Aluno,Livro,Biblioteca Central Zila Mamede,5,1,3,0,0,4,0.8
233930,Fórmulas e funções com Microsoft® Office Excel® 2007,"McFedries, Paul.",Excel (Programa de computador),Livro,Biblioteca Central Zila Mamede,20,5,5,3,3,16,0.8
236049,Direito & internet :,"Vancim, Adriano Roberto.",Direito  -,Folheto,Biblioteca Central Zila Mamede,20,3,12,1,0,16,0.8
68493,Sistemas de informação e as decisões gerenciais na era da internet,"O'Brien, James A.,",Sistemas de informação gerencial,Livro,Biblioteca Central Zila Mamede,6,1,1,0,3,5,0.83
119483,Introdução às redes neurais construtivas,"Palma Neto, Luiz Garcia,",Rede neural (Ciência da Computação),Livro,Biblioteca Central Zila Mamede,6,3,1,0,1,5,0.83
165174,Core Java,"Horstmann, Cay S.,",Java (Linguagem de programação de computador),Livro,Biblioteca Central Zila Mamede,6,4,1,0,0,5,0.83
225668,Resposta a incidentes de segurança em computadores :,"Mccarthy, N. K.",Computadores -,Livro,Biblioteca Central Zila Mamede,6,0,2,0,3,5,0.83
233056,Infraestrutura Big Data com OpenSource,"Ramos, Atos,",Big data,Livro,Biblioteca Central Zila Mamede,12,6,4,0,0,10,0.83
161813,Engenharia de Software,"Sommerville, Ian.",Engenharia de software,Livro,Biblioteca Central Zila Mamede,7,2,3,0,1,6,0.86
124151,MySQL 5.1 - Interativo :,"Manzano, Jose Augusto N. G.",SQL (Linguagem de programação de computador),Livro,Biblioteca Central Zila Mamede,8,4,1,0,2,7,0.88
171874,Estruturas de dados,"Edelweiss, Nina.",Estruturas de dados,Livro,Biblioteca Central Zila Mamede,8,5,1,1,0,7,0.88
70928,Arquitetura de computadores :,"Hennessy, John L.",Arquitetura de computador,Livro,Biblioteca Central Zila Mamede,9,4,3,1,0,8,0.89
162171,Principles of parallel programming,"Lin, Yun Calvin.",Programação (Computadores),Livro,Biblioteca Central Zila Mamede,10,3,5,1,0,9,0.9
165682,Redes neurais :,"Ludwig Junior, Oswaldo.",Inteligência artificial,Livro,Biblioteca Central Zila Mamede,10,6,0,1,2,9,0.9
186666,Real-time systems :,"Kopetz, Hermann.",Processamento eletrônico de dados em tempo real,Livro,Biblioteca Central Zila Mamede,10,1,7,1,0,9,0.9
207061,Understanding bioinformatics,"Zvelebil, Marketa.",Bioinformática,Livro,Biblioteca Central Zila Mamede,10,5,4,0,0,9,0.9
247126,5G mobile and wireless communications technology,,Sistemas de comunicação sem fio -,Livro,Biblioteca Central Zila Mamede,10,4,3,0,2,9,0.9
202790,Cloud computing :,"Sousa Neto, Manoel Veras de.",Computação em nuvem (Cloud computing),Livro,Biblioteca Central Zila Mamede,11,7,2,0,1,10,0.91
166216,Estruturas de dados e algoritmos em Java,"Goodrich, Michael T.,",Java (Linguagem de programação de computador),Livro,Biblioteca Central Zila Mamede,12,1,6,3,1,11,0.92
201604,Manual de produção de jogos digitais,"Chandler, Heather Maxwell.",Jogos digitais,Livro,Biblioteca Central Zila Mamede,15,4,9,1,0,14,0.93
22467,Introduction to algorithms,"Cormen, Thomas H.",Algoritmos de computador,Livro,Biblioteca Central Zila Mamede,1,0,0,1,0,1,1.0
25049,Análise e projeto orientados a objetos :,"Yourdon, Edward.",Engenharia de sistema -,Livro,Biblioteca Central Zila Mamede,1,0,0,0,1,1,1.0
52125,CRM e e-Business,"Oliveira, Wilson José de.",Informática,Livro,Biblioteca Central Zila Mamede,1,1,0,0,0,1,1.0
69708,Introdução à ciência da computação,"Shimizu, Tamio,",Computação,Livro,Biblioteca Central Zila Mamede,1,0,1,0,0,1,1.0
70507,Data mining :,"Kantardzic, Mehmed.",Banco de dados,Livro,Biblioteca Central Zila Mamede,1,1,0,0,0,1,1.0
70522,Microcontrolador 8051 detalhado,"Nicolosi, Denys Emílio Campion,",Microprocessadores,Livro,Biblioteca Central Zila Mamede,1,0,1,0,0,1,1.0
74218,Introduction to functional programming using Haskell,"Bird, Richard,",Programação funcional (Computação),Livro,Biblioteca Central Zila Mamede,3,2,1,0,0,3,1.0
77417,Direito e Internet :,"Paesani, Liliana Minardi.",Internet (Redes de computação) -,Livro,Biblioteca Central Zila Mamede,1,0,1,0,0,1,1.0
86835,TCP/IP e intranets,Sampaio Cleuton.,TCP/IP -,Livro,Biblioteca Central Zila Mamede,1,0,0,0,1,1,1.0
87535,Ensino de algoritmos em cursos de computação,"Barbosa, Lisbete Madsen.",Algoritmos (Computação),Livro,Biblioteca Central Zila Mamede,1,0,1,0,0,1,1.0
87702,Ontological engineering :,"Gómez-Pérez, Asunción,",Sistemas especialistas (Computação),Livro,Biblioteca Central Zila Mamede,1,1,0,0,0,1,1.0
87715,Nonmonotonic reasoning,"Antoniou, G.",Inteligência artificial,Livro,Biblioteca Central Zila Mamede,1,0,1,0,0,1,1.0
88373,Large-scale software architecture :,"Garland, Jeff.",Arquitetura de software ,Livro,Biblioteca Central Zila Mamede,1,0,1,0,0,1,1.0
88531,Code complete,"McConnell, Steve.",software -,Livro,Biblioteca Central Zila Mamede,2,0,1,1,0,2,1.0
89207,MPI :,,Programação paralela (Computação),Livro,Biblioteca Central Zila Mamede,1,0,1,0,0,1,1.0
89435,Real-Time systems :,"Cheng, Albert M. K.",Processamento eletrônico de dados em tempo real,Livro,Biblioteca Central Zila Mamede,1,0,0,0,1,1,1.0
91610,Estudo dirigido de algorítmos,"Manzano, Jose Augusto N. G.",Algorítmos de computador,Livro,Biblioteca Central Zila Mamede,2,2,0,0,0,2,1.0
94805,Real-time systems and programming languages,"Burns, Alan,",Processamento eletrônico de dados em tempo real,Livro,Biblioteca Central Zila Mamede,1,0,1,0,0,1,1.0
95633,Por dentro da World Wide Web,"Eager, Bill.",Internet (Redes de computação),Livro,Biblioteca Central Zila Mamede,1,0,0,0,1,1,1.0
102646,Software embarcado :,"Taurion, Cezar",Engenharia de software -,Livro,Biblioteca Central Zila Mamede,1,1,0,0,0,1,1.0
104888,Elementos de programação em BASIC,"Batista, Leo,",BASIC (Linguagem de programação de computador),Livro,Biblioteca Central Zila Mamede,1,0,1,0,0,1,1.0
105729,Lógica de programação :,"Forbellone, Andre Luiz Villar.",Programação (Computadores),Livro,Biblioteca Central Zila Mamede,3,0,2,0,1,3,1.0
106260,Redes de computadores e a internet :,"Kurose, James F.",Redes de computadores,Livro,Biblioteca Central Zila Mamede,1,0,1,0,0,1,1.0
106401,Garantia da qualidade de software,"Bartié, Alexandre.",Engenharia de software,Livro,Biblioteca Central Zila Mamede,6,0,4,1,1,6,1.0
107007,ATM :,,Modo de transferência assíncrono,Livro,Biblioteca Central Zila Mamede,1,0,0,0,1,1,1.0
107255,Neural and adaptive systems :,"Príncipe, J. C.",Redes neurais (Computação),Livro,Biblioteca Central Zila Mamede,3,2,1,0,0,3,1.0
112305,C :,"Kemighan, Brian W.",C (Linguagem de programação de computador),Livro,Biblioteca Central Zila Mamede,2,0,0,2,0,2,1.0
115129,Conceitos básicos de redes :,,Redes de computação,Livro,Biblioteca Central Zila Mamede,1,0,0,0,1,1,1.0
116379,Hardware :,"Torres, Gabriel.",Hardware,Livro,Biblioteca Central Zila Mamede,2,0,1,0,1,2,1.0
123823,Introdução à programação orientada a objetos usando JAVA,"Santos, Rafael.",Java (Linguagem de programação de computador),Livro,Biblioteca Central Zila Mamede,5,1,0,1,3,5,1.0
124075,Projeto de banco de dados :,"Machado, Felipe Nery Rodrigues.",Banco de dados,Livro,Biblioteca Central Zila Mamede,10,6,2,1,1,10,1.0
126699,O livro oficial do Ubuntu,,Linux (Programa de computador),Livro,Biblioteca Central Zila Mamede,3,0,1,0,2,3,1.0
128596,Sistema de banco de dados,"Korth, Henry F.",Banco de dados,Livro,Biblioteca Central Zila Mamede,1,0,1,0,0,1,1.0
128777,Questões comentadas de informática,"Souza, Glaucio Diniz de.",Informática -,Livro,Biblioteca Central Zila Mamede,1,0,1,0,0,1,1.0
131717,Robot intelligence - with experiments,"Heiserman, David L.",Robôs,Livro,Biblioteca Central Zila Mamede,1,0,1,0,0,1,1.0
133174,Computer networks,"Tanenbaum, Andrew S.,",Redes de computação,Livro,Biblioteca Central Zila Mamede,3,2,1,0,0,3,1.0
135489,A beginner's guide to R,"Zuur, Alain F.",R (Linguagem de programação de computador),Livro,Biblioteca Central Zila Mamede,2,2,0,0,0,2,1.0
137071,Cisco CCNA 4.0 :,"Filippetti, Marco Aurélio.",Redes de computadores -,Livro,Biblioteca Central Zila Mamede,2,2,0,0,0,2,1.0
153360,Introdução á estruturas de dados com técnicas de programação C,"Celes, Waldemar.",Informática,Livro,Biblioteca Central Zila Mamede,40,17,11,1,11,40,1.0
161810,Computer security :,"Stallings, William,",Computadores -,Livro,Biblioteca Central Zila Mamede,4,1,0,0,3,4,1.0
162149,Knowledge-based clustering :,"Pedrycz, Witold,",Computação granular,Livro,Biblioteca Central Zila Mamede,3,2,1,0,0,3,1.0
162490,Engenharia de software,"Sommerville, Ian.",Engenharia de software,Livro,Biblioteca Central Zila Mamede,2,1,0,0,1,2,1.0
162581,TCP/IP :,,TCP/IP(Protocolo de rede de computação),Livro,Biblioteca Central Zila Mamede,1,0,0,0,1,1,1.0
163262,Tecnologia da informação:,Brasil.,Informática,Livro,Biblioteca Central Zila Mamede,1,0,0,1,0,1,1.0
166249,Programação orientada a objetos [usando Delphi]:,"Boratti, Isaias Camilo.",Delphi (Programa de computador),Livro,Biblioteca Central Zila Mamede,1,0,0,0,1,1,1.0
166272,Análise da paisagem com SIG,"Lang, Stefan,",Sistemas de Informação Geográfica,Livro,Biblioteca Central Zila Mamede,9,1,2,1,5,9,1.0
169149,Projeto de banco de dados,"Heuser, Carlos Alberto.",Banco de dados,Livro,Biblioteca Central Zila Mamede,1,0,1,0,0,1,1.0
169993,Cryptography and network security :,"Stallings, William,",Criptografia,Livro,Biblioteca Central Zila Mamede,2,1,1,0,0,2,1.0
172661,Lei do software e seu regulamento :,,Direitos autorais,Livro,Biblioteca Central Zila Mamede,1,0,1,0,0,1,1.0
173657,Estudo dirigido :,"Manzano, José Augusto N. G.",Algoritmos,Livro,Biblioteca Central Zila Mamede,1,0,1,0,0,1,1.0
176239,Arquitetura de sistemas operacionais,"Machado, Francis B.",Arquitetura de computador,Livro,Biblioteca Central Zila Mamede,9,1,7,0,1,9,1.0
177101,An introduction to multiagent systems,"Wooldridge, Michael.",Agentes inteligentes (Software de computador),Livro,Biblioteca Central Zila Mamede,2,1,0,1,0,2,1.0
177296,Crimes de computador e segurança computacional,"Lima, Paulo Marco Ferreira.",Crimes de computador,Livro,Biblioteca Central Zila Mamede,1,0,1,0,0,1,1.0
177912,Swarm intelligence :,"Bonabeau, Eric.",Inteligência artificial,Livro,Biblioteca Central Zila Mamede,1,0,0,1,0,1,1.0
184382,Crimes digitais,"Crespo, Marcelo Xavier de Freitas",Crimes por computador,Livro,Biblioteca Central Zila Mamede,1,0,1,0,0,1,1.0
186622,I. A. inteligência artificial :,"Whitby, Blay,",Inteligência artificial,Livro,Biblioteca Central Zila Mamede,1,0,0,1,0,1,1.0
186774,Java :,"Schildt, Herbert,",Java (Linguagem de programação de computador),Livro,Biblioteca Central Zila Mamede,3,2,1,0,0,3,1.0
188980,Linux :,"Hunt, Craig.",Linux (Sistema operacional de computador),Livro,Biblioteca Central Zila Mamede,3,3,0,0,0,3,1.0
189831,Building open source network security tools :,"Schiffman, Mike D.",Computadores -,Livro,Biblioteca Central Zila Mamede,1,1,0,0,0,1,1.0
191923,Foundations of statistical natural language processing,"Manning, Christopher D.,",Processamento de linguagem natural (Computação),Livro,Biblioteca Central Zila Mamede,2,0,2,0,0,2,1.0
194030,Crimes de informática e seus aspectos processuais,"Castro, Carla Rodrigues Araújo de.",Software -,Livro,Biblioteca Central Zila Mamede,1,0,1,0,0,1,1.0
202109,OpenCL programming guide,,OpenCL (Linguagem de programação de computador),Livro,Biblioteca Central Zila Mamede,2,0,1,1,0,2,1.0
202436,Teoria digital :,,Festival Internacional de Linguagem Eletronica -,Livro,Biblioteca Central Zila Mamede,2,0,2,0,0,2,1.0
204657,Mobile usability,"Nielsen, Jakob,",Sites da Web -,Livro,Biblioteca Central Zila Mamede,3,1,2,0,0,3,1.0
205424,Informática na educação :,"Tajra, Sanmya Feitosa,",Educação -,Livro,Biblioteca Central Zila Mamede,7,5,2,0,0,7,1.0
207837,Learn Raspberry Pi with Linux,"Membrey, Peter.",Linux,Livro,Biblioteca Central Zila Mamede,10,8,1,1,0,10,1.0
208167,Computaçao em nuvem :,"Chee, Brian J.S.",Computação em nuvem,Livro,Biblioteca Central Zila Mamede,3,0,2,0,1,3,1.0
210526,Rede de computadores :,"Lacerda, Ivan Max Freire de.",Redes de computadores,Livro,Biblioteca Central Zila Mamede,8,1,7,0,0,8,1.0
214201,Redes de computadores,"Barrett, Diane.",Redes de computadores,Livro,Biblioteca Central Zila Mamede,20,8,9,1,2,20,1.0
214215,Tecnologia de informação e desempenho empresarial :,"Albertin, Alberto Luiz.",Administração de empresas,Livro,Biblioteca Central Zila Mamede,3,2,1,0,0,3,1.0
215694,HTML5 games :,"Seidelin, Jacob",HTML (Linguagem de marcação de documento),Livro,Biblioteca Central Zila Mamede,2,1,1,0,0,2,1.0
216058,Inteligência artificial,"Russell, Stuart J.",Inteligencia artificial,Livro,Biblioteca Central Zila Mamede,1,1,0,0,0,1,1.0
216467,UML :,"Guedes, Gilleanes T. A.,",UML (Linguagem de modelagem padrão),Livro,Biblioteca Central Zila Mamede,1,1,0,0,0,1,1.0
218040,Comunicação ubíqua:,"Santaella, Lúcia,",Comunicação de massa e tecnologia,Livro,Biblioteca Central Zila Mamede,2,1,1,0,0,2,1.0
218561,CCNA 5.0 :,"Filippetti, Marco Aurélio.",Redes de computadores -,Livro,Biblioteca Central Zila Mamede,30,17,8,0,5,30,1.0
220342,Contour and texture for visual recognition of object categories :,"Shotton, Jamie.",Processamento de imagens,Livro,Biblioteca Central Zila Mamede,2,0,2,0,0,2,1.0
226050,QoS :,"Albuquerque, Edison de Queiroz.",Redes de computadores,Livro,Biblioteca Central Zila Mamede,5,2,1,0,2,5,1.0
227627,Tecnologia e projeto de data warehouse  :,"Machado, Felipe Nery Rodrigues.",Armazenamento de dados,Livro,Biblioteca Central Zila Mamede,2,1,1,0,0,2,1.0
228340,Engenharia de software :,"Nogueira, Marcelo.",Engenharia de software,Livro,Biblioteca Central Zila Mamede,2,1,0,1,0,2,1.0
229839,Web services SOAP em Java :,"Gomes, Daniel Adorno.",Java (Linguagem de programação de computador),Livro,Biblioteca Central Zila Mamede,2,1,1,0,0,2,1.0
230065,The C++ standard library :,"Josuttis, Nicolai M.",C++ (Linguagem de programação de computador),Livro,Biblioteca Central Zila Mamede,2,0,1,1,0,2,1.0
232078,Construindo sistemas Linux embarcados :,,Linux (Sistema operacional de computador),Livro,Biblioteca Central Zila Mamede,2,1,1,0,0,2,1.0
232267,Redes de computadores :,"Moraes, Alexandre Fernandes.",Redes de computadores,Livro,Biblioteca Central Zila Mamede,1,1,0,0,0,1,1.0
233050,Segurança de redes :,"Horton, Mike.",Segurança de rede (computação),Livro,Biblioteca Central Zila Mamede,1,0,1,0,0,1,1.0
233369,A arte de enganar :,"Mitnick, Kevin D. (Kevin David),",Computadores -,Livro,Biblioteca Central Zila Mamede,1,0,0,1,0,1,1.0
237425,Direito e internet :,"Paesani, Liliana Minardi.",Internet (Redes de computação) -,Livro,Biblioteca Central Zila Mamede,15,3,10,1,1,15,1.0
241968,Introdução ao web hacking :,"Pauli, Josh.",Internet -,Livro,Biblioteca Central Zila Mamede,10,3,6,0,1,10,1.0
246904,Software architecture in action :,"Oquendo, Flavio,",Arquitetura de software,Livro,Biblioteca Central Zila Mamede,20,7,10,0,3,20,1.0
247375,"13 ferramentas para controle, monitoramento e defesa de redes de dados","Ramos, Atos.",Redes de computadores -,Livro,Biblioteca Central Zila Mamede,3,0,3,0,0,3,1.0
251237,Accelerated C++ :,"Koenig, Andrew.",C (Linguagem de programação de computador),Livro,Biblioteca Central Zila Mamede,3,0,2,0,1,3,1.0
253762,Operating systems :,"Stallings, William,",Sistemas operacionais (Computadores),Livro,Biblioteca Central Zila Mamede,3,0,1,0,2,3,1.0
257045,Use a cabeça! :,"Barry, Paul,",Python (Linguagem de programação de computador),Livro,Biblioteca Central Zila Mamede,1,0,1,0,0,1,1.0
257594,Estatística :,,Estatística comercial -,Livro,Biblioteca Central Zila Mamede,1,0,1,0,0,1,1.0
267946,Inteligência artificial :,"Bittencourt, Guilherme.",Inteligência artificial,Livro,Biblioteca Central Zila Mamede,1,0,0,0,1,1,1.0
269195,Informática para concursos :,"Antonio, João.",Informática,Livro,Biblioteca Central Zila Mamede,1,0,0,0,1,1,1.0
270472,Didática e computador :,"Lollini, Paolo",Ensino auxiliado por computador,Livro,Biblioteca Central Zila Mamede,1,0,0,0,1,1,1.0
166814,Utilizando UML e padrões :,"Larman, Craig.",UML (Linguagem de modelagem padrão),Livro,Biblioteca Central Zila Mamede,15,6,9,0,1,16,1.07
206405,Estruturas de dados e algoritmos em Java,"Goodrich, Michael T.",Java (Linguagem de programação de computador),Livro,Biblioteca Central Zila Mamede,30,12,13,0,7,32,1.07
202432,Introdução ao design de interfaces,"Fonseca, Manuel J.",Interação homem-máquina,Livro,Biblioteca Central Zila Mamede,13,6,3,2,3,14,1.08
214842,Comunicação de dados e redes de computadores,"Forouzan, Behrouz A.,",Redes de computadores,Livro,Biblioteca Central Zila Mamede,40,14,22,4,3,43,1.08
230391,Testes de invasão :,"Weidman, Georgia.",Teste de invasão (Medidas de segurança para computadores),Livro,Biblioteca Central Zila Mamede,22,15,4,4,1,24,1.09
68127,Algoritmos :,,Algoritmos,Livro,Biblioteca Central Zila Mamede,10,7,3,1,0,11,1.1
134049,Teoria e problemas de rede de computadores,"Tittel, Ed,",Redes de computadores,Livro,Biblioteca Central Zila Mamede,10,3,4,2,2,11,1.1
186899,E-turismo :,"Guimarães, André Sathler.",Turismo -,Livro,Biblioteca Central Zila Mamede,10,6,2,0,3,11,1.1
240055,Matemática discreta para ciência da computação,"Stein, Clifford,",Computação -,Livro,Biblioteca Central Zila Mamede,20,12,8,0,2,22,1.1
245201,Métodos quantitativos com Excel,,Estatística -,Livro,Biblioteca Central Zila Mamede,30,10,20,1,2,33,1.1
212866,SOA :,"Fugita, Henrique Shoiti.",Software -,Livro,Biblioteca Central Zila Mamede,8,7,2,0,0,9,1.12
59854,A biblioteca eletrônica,"Rowley, J. E.,",Bibliotecas -,Livro,Biblioteca Central Zila Mamede,7,5,2,0,1,8,1.14
130033,Redes de computadores,"Tanenbaum, Andrew S.,",Redes de computadores,Livro,Biblioteca Central Zila Mamede,14,2,13,0,1,16,1.14
132238,Ergodesign e arquitetura de informação :,"Agner, Luiz,",Sites da Web -,Livro,Biblioteca Central Zila Mamede,12,5,7,0,2,14,1.17
225630,Microsoft SQL Server 2012 :,"Leblanc, Patrick.",SQL (Linguagem de programa de computador),Livro,Biblioteca Central Zila Mamede,6,3,3,0,1,7,1.17
112920,Tecnologia da informação:,"Lucas, Henry C.,",Tecnologia da informação,Livro,Biblioteca Central Zila Mamede,5,3,3,0,0,6,1.2
211476,Computer networking :,"Kurose, James F.",Internet,Livro,Biblioteca Central Zila Mamede,10,7,3,1,1,12,1.2
212426,Computer organization and architecture :,"Stallings, William.",Arquitetura de computador,Livro,Biblioteca Central Zila Mamede,10,7,2,2,1,12,1.2
215687,R graphics,"Murrell, Paul.",Computação gráfica,Livro,Biblioteca Central Zila Mamede,5,0,1,2,3,6,1.2
217838,Sistemas de banco de dados :,"Rob, Peter",Banco de dados -,Livro,Biblioteca Central Zila Mamede,13,3,3,3,7,16,1.23
100030,Verilog for digital design,"Vahid, Frank.",Informática,Livro,Biblioteca Central Zila Mamede,4,2,3,0,0,5,1.25
125188,"Automata, computability and complexity :","Rich, Elaine.",Ciência da computação,Livro,Biblioteca Central Zila Mamede,4,1,3,1,0,5,1.25
133330,Computer networks :,"Peterson, Larry L.",Redes de computação,Livro,Biblioteca Central Zila Mamede,4,5,0,0,0,5,1.25
172539,Geoprocessamento sem complicação,"Fitz, Paulo Roberto,",Geoprocessamento,Livro,Biblioteca Central Zila Mamede,8,3,5,0,2,10,1.25
188660,Introduction to digital signal processing using MATLAB,"Schilling, Robert J.",Processamento de sinais -,Livro,Biblioteca Central Zila Mamede,8,5,3,1,1,10,1.25
215255,SAS and R :,"Kleinman, Ken.",SAS (Computer file),Livro,Biblioteca Central Zila Mamede,8,4,4,0,2,10,1.25
225647,Fundamentos de sistemas de informação,,Sistemas de informação gerencial,Livro,Biblioteca Central Zila Mamede,15,10,7,1,1,19,1.27
220542,Requirements engineering :,"Kotonya, Gerald.",Engenharia de software,Livro,Biblioteca Central Zila Mamede,7,3,6,0,0,9,1.29
188036,C++ primer plus,"Prata, Stephen.",C (Linguagem de programação de computador),Livro,Biblioteca Central Zila Mamede,40,29,10,3,11,53,1.32
167673,Engenharia integrada por computador e sistemas CAD/CAM/CNC :,"Souza, Adriano Fagali de.",Sistemas CAD/CAM,Livro,Biblioteca Central Zila Mamede,15,11,7,0,2,20,1.33
171363,The C++ programming language,"Stroustroup, Bjarne.",C (Linguagem de programação de computador),Livro,Biblioteca Central Zila Mamede,6,3,3,0,2,8,1.33
176599,Desenvolvimento de software com Scrum :,"Cohn, Mike.",Software -,Livro,Biblioteca Central Zila Mamede,9,4,6,1,1,12,1.33
188769,Games em educação :,"Mattar, João.",Jogos educativos,Livro,Biblioteca Central Zila Mamede,3,1,1,1,1,4,1.33
188947,Use a cabeça SQL,"Beighley, Lynn",SQL (Linguagem de programação de computador),Livro,Biblioteca Central Zila Mamede,3,2,2,0,0,4,1.33
191905,Sistemas operacionais,"Deitel, Harvey M.,",Sistemas operacionais (Computadores),Livro,Biblioteca Central Zila Mamede,3,0,0,1,3,4,1.33
208445,Game development essentials.,"Saunders, Kevin",Jogos de computador -,Livro,Biblioteca Central Zila Mamede,3,3,0,0,1,4,1.33
170485,Introdução à construção de algoritmos :,,Algoritmos,Livro,Biblioteca Central Zila Mamede,30,35,3,2,1,41,1.37
101510,VoIP :,,TCP/IP (Protocolo de rede de computação),Livro,Biblioteca Central Zila Mamede,5,3,3,0,1,7,1.4
167923,Programação orientada a objetos com Java :,"Barnes, David J.",Java (Linguagem de programação de computador),Livro,Biblioteca Central Zila Mamede,55,43,30,2,2,77,1.4
214081,NoSQL :,"Sadalage, Pramod J.",Banco de dados não relacionais,Livro,Biblioteca Central Zila Mamede,5,0,6,0,1,7,1.4
202326,Avaliação e projeto no design de interfaces,"Santa Rosa, José Guilherme,",Interação homem-máquina,Livro,Biblioteca Central Zila Mamede,9,5,4,0,4,13,1.44
207741,Design de interação:,"Rogers, Yvonne.",Ciência da informação,Livro,Biblioteca Central Zila Mamede,18,10,14,1,1,26,1.44
218006,Processamento digital de sinais :,"Diniz, Paulo Sergio Ramirez.",Comunicações digitais,Livro,Biblioteca Central Zila Mamede,29,27,12,0,3,42,1.45
213606,Desenvolvimento de games,"Novak, Jeannie.",Jogos por computador,Livro,Biblioteca Central Zila Mamede,13,5,12,0,2,19,1.46
80935,Desenvolvimento do kernel do Linux,"Love, Robert",Linux (Sistema operacional de computador),Livro,Biblioteca Central Zila Mamede,2,2,1,0,0,3,1.5
86014,Programming challenges :,"Skiena, Steven S.",Programação de computador,Livro,Biblioteca Central Zila Mamede,6,6,0,2,1,9,1.5
87027,UML essencial :,"Fowler, Martin,",Programação orientada a objetos (Computação),Livro,Biblioteca Central Zila Mamede,2,0,2,1,0,3,1.5
100042,Understanding formal methods,"Monin, Jean François,",Métodos formais (Informática),Livro,Biblioteca Central Zila Mamede,2,0,2,1,0,3,1.5
120730,Linguagens formais :,"Ramos, Marcus Vinícius Midena",Linguagens formais (Computação),Livro,Biblioteca Central Zila Mamede,2,2,1,0,0,3,1.5
133606,The mythical man-month :,"Brooks, Frederick P.",Engenharia de software,Livro,Biblioteca Central Zila Mamede,2,1,1,0,1,3,1.5
162429,Information technology law :,"Murray, Andrew,",Computadores -,Livro,Biblioteca Central Zila Mamede,2,0,3,0,0,3,1.5
166189,E-empreendedor :,"Goossen, Richard J.",Comércio eletrônico,Livro,Biblioteca Central Zila Mamede,2,3,0,0,0,3,1.5
167847,Sistema de banco de dados,"Silberschatz, Abraham.",Banco de dados -,Livro,Biblioteca Central Zila Mamede,6,4,4,0,1,9,1.5
175504,Introdução à programação orientada a objetos com C++,"Silva Filho, Antonio Mendes da.",C (Linguagem de programação de computador),Livro,Biblioteca Central Zila Mamede,44,26,25,2,13,66,1.5
183178,Crimes na Internet :,,Crime por computador -,Livro,Biblioteca Central Zila Mamede,2,0,3,0,0,3,1.5
184740,Computer vision :,"Szeliski, Richard.",Visão computacional,Livro,Biblioteca Central Zila Mamede,2,3,0,0,0,3,1.5
190885,A arte de escrever programas legíveis :,"Boswell, Dustin.",Linguagem de programação (Computadores),Livro,Biblioteca Central Zila Mamede,8,0,8,0,4,12,1.5
194459,Linux kernel development,"Love, Robert,",Linux (Sistema operacional de computador),Livro,Biblioteca Central Zila Mamede,2,2,1,0,0,3,1.5
213611,Introdução ao desenvolvimento de games,,Jogos por computador,Livro,Biblioteca Central Zila Mamede,6,4,3,2,0,9,1.5
240626,Crime cibernético e prova :,"Malaquias, Roberto Antônio Darós.",Crimes por computador,Livro,Biblioteca Central Zila Mamede,2,0,3,0,0,3,1.5
169931,Sistemas operacionais modernos,"Tanenbaum, Andrew S.,",Sistema operacional,Livro,Biblioteca Central Zila Mamede,51,20,52,2,5,79,1.55
162151,Writing better requirements,"Reis, Alexandre Cebrian Araújo.",Engenharia de software,Livro,Biblioteca Central Zila Mamede,5,3,4,1,0,8,1.6
249755,Introdução ao GitHub :,"Bell, Peter.",Software -,Livro,Biblioteca Central Zila Mamede,10,4,8,1,3,16,1.6
21167,Design patterns elements of reusable object-oriented software,,Linguagem orientada a objetos (Computação),Livro,Biblioteca Central Zila Mamede,8,1,7,2,3,13,1.62
165842,Banco de dados :,"Alves, William Pereira.",Sistema de informação,Livro,Biblioteca Central Zila Mamede,11,0,7,2,9,18,1.64
212432,Core HTML5 canvas :,"Geary, David M.",Sites da Web -,Livro,Biblioteca Central Zila Mamede,3,3,2,0,0,5,1.67
133535,Embedded system design :,"Vahid, Frank.",Sistemas embutidos de computador,Livro,Biblioteca Central Zila Mamede,10,5,7,1,4,17,1.7
162191,Introduction to parallel computing,,Processamento paralelo (Computadores),Livro,Biblioteca Central Zila Mamede,10,4,10,2,1,17,1.7
207223,Introduction to embedded systems :,"Russell, David J.",Sistemas digitais,Livro,Biblioteca Central Zila Mamede,10,17,0,0,0,17,1.7
205243,Metodologias ágeis :,"Sbrocco, José Henrique Teixeira de Carvalho.",Engenharia de software,Livro,Biblioteca Central Zila Mamede,7,3,6,1,2,12,1.71
216777,Introdução ao hacking e aos testes de invasão :,"Engebretson, Pat",Teste de invasão (Medidas de segurança para computadores),Livro,Biblioteca Central Zila Mamede,7,1,11,0,0,12,1.71
166743,Introdução ao teste de software,,Software -,Livro,Biblioteca Central Zila Mamede,18,5,18,3,5,31,1.72
184198,Algorithms,"Sedgewick, Robert,",Algoritmos computacionais,Livro,Biblioteca Central Zila Mamede,8,10,3,1,0,14,1.75
256139,Refatoração de CSS :,"Lindstrom, Steve.",Software -,Livro,Biblioteca Central Zila Mamede,4,0,4,0,3,7,1.75
229752,Python para desenvolvedores,"Borges, Luiz Eduardop.",Python (Linguagem de programação de computador),Livro,Biblioteca Central Zila Mamede,125,96,71,15,41,223,1.78
225684,Segurança de redes sem fio :,"Wrightson, Tyler.",Redes de computadores -,Livro,Biblioteca Central Zila Mamede,8,6,8,0,1,15,1.88
205200,Avaliação de usabilidade na Internet,"Nascimento, José Antonio Machado do",Internet,Livro,Biblioteca Central Zila Mamede,9,10,7,0,0,17,1.89
123395,UML :,"Booch, Grady.",UML (Linguagem de modelagem padrão),Livro,Biblioteca Central Zila Mamede,10,6,13,0,0,19,1.9
136478,Redes de computadores e a Internet :,"Kurose, James F.",Internet (Redes de computação),Livro,Biblioteca Central Zila Mamede,42,31,29,7,16,83,1.98
58111,Learning perl,"Schwartz, Randal L.",Perl (Linguagem de programação de computador),Livro,Biblioteca Central Zila Mamede,1,2,0,0,0,2,2.0
70169,Fundamentos de sistemas de informação,"Audy, Jorge Luis Nicolas.",Sistemas de informação gerencial,Livro,Biblioteca Central Zila Mamede,1,1,1,0,0,2,2.0
76165,Inteligência artificial :,"Jones, Robin.",Inteligência artificial,Livro,Biblioteca Central Zila Mamede,1,0,0,0,2,2,2.0
85304,Sistemas operacionais e programação concorrente,"Toscani, Simão Sirineo.",Sistemas operacionais (Computadores),Livro,Biblioteca Central Zila Mamede,2,1,0,0,3,4,2.0
85477,Escrevendo código seguro :,"Howard, Michael,",Redes computador,Livro,Biblioteca Central Zila Mamede,2,1,1,0,2,4,2.0
85512,Refatoração :,"Fowler, Martin,",Programação orientada a objetos (Computação),Livro,Biblioteca Central Zila Mamede,2,1,1,0,2,4,2.0
87366,Tecnologia e gestão da informação na segurança pública,"Furtado, Vasco.",Tecnologia da informação,Livro,Biblioteca Central Zila Mamede,1,1,1,0,0,2,2.0
87717,Understanding virtual reality :,"Sherman, William R.",Interação homem-máquina,Livro,Biblioteca Central Zila Mamede,1,1,1,0,0,2,2.0
89584,"2-D and 3-D image registration for medical, remote sensing, and industrial applications","Goshtasby, Ardeshir.",Processamento de imagem -,Livro,Biblioteca Central Zila Mamede,1,0,0,2,0,2,2.0
91816,Programando em C++,"Saade, Joel.",C++ (Linguagem de programação de computador),Livro,Biblioteca Central Zila Mamede,3,3,0,1,2,6,2.0
128761,Cartilha de segurança para Internet :,,Computadores -,Livro,Biblioteca Central Zila Mamede,1,0,2,0,0,2,2.0
131529,Aprenda em 21 dias Java 1.2,"Lemay, Laura.",Java (Linguagem de programação de computador),Livro,Biblioteca Central Zila Mamede,1,1,1,0,0,2,2.0
162587,Computer organization and design :,"Patterson, David A.",Arquitetura de computador,Livro,Biblioteca Central Zila Mamede,1,2,0,0,0,2,2.0
165530,Arquitetura de redes de computadores,"Maia, Luiz Paulo.",Arquitetura de rede de computador,Livro,Biblioteca Central Zila Mamede,3,3,3,0,0,6,2.0
171200,Introduction to fuzzy systems,"Chen, G.",Sistemas especialistas (Computação),Livro,Biblioteca Central Zila Mamede,1,1,1,0,0,2,2.0
177907,Crie um site B2C com PHP 4 e MySQL,"Soares, Walace,",PHP (Linguagem de programação de computador),Livro,Biblioteca Central Zila Mamede,1,0,1,0,1,2,2.0
180650,"Desenvolvendo aplicações web com JPS, servlets, Javaserver faces, hibernate, EJB 3 persistence e AJAX","Gonçalves, Edson.",Java (Linguagem de programação de computador),Livro,Biblioteca Central Zila Mamede,10,13,3,2,2,20,2.0
181073,Pattern recognition and machine learning,"Bishop, Christopher M.",Aprendizado do computador,Livro,Biblioteca Central Zila Mamede,6,7,4,0,1,12,2.0
181123,Self-adaptive systems for machine intelligence,"He, Haibo,",Aprendizado do computador,Livro,Biblioteca Central Zila Mamede,2,3,0,0,1,4,2.0
184652,Infra-estrutura elétrica para rede de computadores,"Pinheiro, José Maurício.",Redes de computadores -,Livro,Biblioteca Central Zila Mamede,2,2,2,0,0,4,2.0
185321,Embedded system design :,,Sistemas embutidos de computador -,Livro,Biblioteca Central Zila Mamede,2,0,4,0,0,4,2.0
187233,Ergonomia e usabilidade :,"Cybis, Walter Otto.",Ergonomia,Livro,Biblioteca Central Zila Mamede,6,3,4,1,4,12,2.0
190062,Algorithms and data structures :,"Mehlhorn, Kurt,",Estruturas de dados (Computação),Livro,Biblioteca Central Zila Mamede,2,3,0,0,1,4,2.0
193209,Algoritmos :,"Manzano, Jose Augusto N. G.",Programação (Computadores),Livro,Biblioteca Central Zila Mamede,1,1,1,0,0,2,2.0
203612,Introduction to evolutionary computing,"Eiben, Agoston E.",Computação evolutiva,Livro,Biblioteca Central Zila Mamede,2,2,2,0,0,4,2.0
217893,Lógica de programação :,"Silva, Camila Ceccatto da.",Programação (Computadores),Livro,Biblioteca Central Zila Mamede,1,0,1,0,1,2,2.0
218904,Matlab R2013a :,"Matsumoto, Élia Yathie.",Programação,Livro,Biblioteca Central Zila Mamede,2,3,0,0,1,4,2.0
225683,Métodos ágeis para desenvolvimento de software,,Desenvolvimento ágil de software,Livro,Biblioteca Central Zila Mamede,9,11,4,1,2,18,2.0
227673,Implantando a governança de TI :,"Fernandes, Aguinaldo Aragon.",Tecnologia da informação -,Livro,Biblioteca Central Zila Mamede,8,7,8,0,1,16,2.0
230064,Effective C++ :,"Meyers, Scott",C++ (Linguagem de programação de computador),Livro,Biblioteca Central Zila Mamede,2,1,3,0,0,4,2.0
241778,Métodos quantitativos com Stata,"Belfiore, Patrícia.",Software,Livro,Biblioteca Central Zila Mamede,10,13,2,0,5,20,2.0
241940,Introdução à criptografia,"Zochio, Marcelo Ferreira",Criptografia,Livro,Biblioteca Central Zila Mamede,3,3,0,0,3,6,2.0
246343,Software defined networks :,"Goransson, Paul.",Rede de computadores -,Livro,Biblioteca Central Zila Mamede,2,2,2,0,0,4,2.0
248581,Microsoft visual c# 2013 :,"Sharp, John,",C# (Linguagem de programação de computador),Livro,Biblioteca Central Zila Mamede,3,2,3,0,1,6,2.0
245342,Data mining :,"Goldschmidt, Ronaldo.",Banco de dados,Livro,Biblioteca Central Zila Mamede,10,7,7,1,6,21,2.1
182356,Servidores Linux :,"Morimoto, Carlos E.",Linux (Sistema operacional de computador),Livro,Biblioteca Central Zila Mamede,7,9,4,0,2,15,2.14
186864,Scilab :,"Leite, Mário.",Scilab (Programa de computador),Livro,Biblioteca Central Zila Mamede,11,16,7,0,1,24,2.18
85436,Matemática discreta para computação e informática,"Menezes, Paulo Fernando Blauth.",Computação -,Livro,Biblioteca Central Zila Mamede,5,5,4,2,0,11,2.2
128240,Computação gráfica :,"Conci, Aura,",Computação gráfica,Livro,Biblioteca Central Zila Mamede,10,11,5,3,3,22,2.2
185234,Learning OpenCV :,"Bradski, Gary.",OpenCV,Livro,Biblioteca Central Zila Mamede,10,12,8,1,1,22,2.2
213428,Programando em C,"Oliveira, Ulysses de.",Programação de computador -,Livro,Biblioteca Central Zila Mamede,5,6,1,0,4,11,2.2
240125,Criptografia e segurança de redes :,"Stallings, William,",Criptografia de dados (Computação),Livro,Biblioteca Central Zila Mamede,20,24,15,2,3,44,2.2
247638,A student´s guide to python for physical modeling,"Kinder, Jesse M.",Linguagem de programação (Computadores),Livro,Biblioteca Central Zila Mamede,5,3,5,1,2,11,2.2
166849,O mitico homem-mês :,"Brooks, Frederick P.",Engenharia de software -,Livro,Biblioteca Central Zila Mamede,4,1,6,0,2,9,2.25
180052,Algoritmos,"Dasgupta, Sanjoy.",Algoritmos,Livro,Biblioteca Central Zila Mamede,4,5,0,1,3,9,2.25
188035,Concepts of programming languages,"Sebesta, Robert W.",Linguagem de programação (Computadores),Livro,Biblioteca Central Zila Mamede,10,9,7,5,2,23,2.3
213040,Segurança em redes :,"Moraes, Alexandre Fernandes de.",Redes de computadores -,Livro,Biblioteca Central Zila Mamede,10,11,9,1,2,23,2.3
167527,Fundamentos de sistemas operacionais,"Silberschatz, Abraham.",Armazenamento de dados,Livro,Biblioteca Central Zila Mamede,13,18,9,0,3,30,2.31
88386,Artificial intelligence :,"Negnevitsky, Michael.",Inteligência artificial,Livro,Biblioteca Central Zila Mamede,3,3,4,0,0,7,2.33
177288,Reversing :,"Eilam, Eldad.",Segurança da informação (Computação),Livro,Biblioteca Central Zila Mamede,3,7,0,0,0,7,2.33
186323,Agile software requirements :,"Leffingwell, Dean.",Engenharia de software,Livro,Biblioteca Central Zila Mamede,3,0,5,2,0,7,2.33
189558,Informática :,"Antonio, João.",Informática,Livro,Biblioteca Central Zila Mamede,3,4,3,0,0,7,2.33
207167,Arquitetura de nuvem :,"Sousa Neto, Manoel Veras de.",Arquitetura de nuvem,Livro,Biblioteca Central Zila Mamede,3,4,1,0,2,7,2.33
225671,Microsoft visual c# 2013 :,"Sharp, John,",C# (Linguagem de programação de computador),Livro,Biblioteca Central Zila Mamede,3,5,2,0,0,7,2.33
226107,Introdução à arquitetura e design de software :,,Java (Linguagem de programação de computador),Livro,Biblioteca Central Zila Mamede,3,2,1,1,3,7,2.33
250502,Desenvolvimento de software III :,"Machado, Rodrigo Prestes.",Software -,Livro,Biblioteca Central Zila Mamede,3,3,1,0,3,7,2.33
128396,Arquitetura e organização de computadores,"Stallings, William,",Arquitetura de computador,Livro,Biblioteca Central Zila Mamede,49,40,58,10,9,117,2.39
162046,Cabeamento estruturado :,"Marin, Paulo Sérgio.",Redes de computação,Livro,Biblioteca Central Zila Mamede,10,12,6,0,6,24,2.4
203116,VHDL for digital design,"Vahid, Frank.",VHDL (Linguagem descritiva de hardware),Livro,Biblioteca Central Zila Mamede,10,10,9,0,5,24,2.4
211198,Introdução às expressões regulares :,"Fitzgerald, Michael,",Expressões regulares,Livro,Biblioteca Central Zila Mamede,5,0,6,1,5,12,2.4
251206,Ciência da computação :,"Brookshear, J. Glenn.",Computação,Livro,Biblioteca Central Zila Mamede,5,2,9,1,0,12,2.4
9550,Treinamento em Linguagem C :,"Mizrahi, Victorine Viviane.",C (Linguagem de programação de computador),Livro,Biblioteca Central Zila Mamede,2,0,2,0,3,5,2.5
173903,Redes de computadores,"Tanenbaum, Andrew S.,",Redes de computadores,Livro,Biblioteca Central Zila Mamede,40,35,42,8,15,100,2.5
181055,UML :,"Matos, Alexandre Veloso de.",UML (Linguagem de modelagem padrão),Livro,Biblioteca Central Zila Mamede,2,2,2,0,1,5,2.5
184305,Perícia forense computacional :,"Farmer, Dan.",Crime por computador,Livro,Biblioteca Central Zila Mamede,4,3,5,1,1,10,2.5
205987,Programando o raspberry pi  :,"Monk, Simon.",Programação (Computadores),Livro,Biblioteca Central Zila Mamede,2,4,1,0,0,5,2.5
246339,Monitoramento de redes com Zabbix :,"Lima, Janssen dos Reis Lima.",Banco de dados -,Livro,Biblioteca Central Zila Mamede,2,2,3,0,0,5,2.5
215025,Controle e modelagem Fuzzy,"Simões, Marcello Godoy.",Redes neurais (Computação),Livro,Biblioteca Central Zila Mamede,11,16,11,1,0,28,2.55
123243,Organização e projeto de computadores :,"Patterson, David A.",Arquitetura de computador,Livro,Biblioteca Central Zila Mamede,45,72,35,6,3,116,2.58
134408,Usabilidade na WEB :,"Dias, Claudia.",Internet (Redes de computação),Livro,Biblioteca Central Zila Mamede,12,15,13,1,2,31,2.58
256086,Aprendendo Pentest com Python :,"Duffy, Christopher.",Python (Linguagem de programação de computador),Livro,Biblioteca Central Zila Mamede,5,0,9,3,1,13,2.6
88176,Machine learning,"Mitchell, Tom M.",Algoritmos,Livro,Biblioteca Central Zila Mamede,3,3,5,0,0,8,2.67
134514,A linguagem de programação Ruby,"Flanagan, David.",Ruby (Linguagem de programação de computador),Livro,Biblioteca Central Zila Mamede,3,2,6,0,0,8,2.67
211191,Análise de tráfego em redes TCP/IP :,"Mota Filho, João Eriberto.",TCP/IP (Protocolo de rede de computação),Livro,Biblioteca Central Zila Mamede,3,1,5,0,2,8,2.67
212358,Beginning C++ through game programming,"Dawson, David M.",C++ (Linguagem de programação de computador),Livro,Biblioteca Central Zila Mamede,3,6,0,0,2,8,2.67
134036,Code Complete :,"McConnell, Steve,",Software -,Livro,Biblioteca Central Zila Mamede,10,0,27,0,0,27,2.7
186157,Estruturas de dados :,"Ascencio, Ana Fernanda Gomes.",Estruturas de dados (Computação),Livro,Biblioteca Central Zila Mamede,50,50,62,2,21,135,2.7
191926,Algoritmos genéticos,"Linden, Ricardo.",Computação evolutiva,Livro,Biblioteca Central Zila Mamede,10,14,11,0,2,27,2.7
227649,Algoritmos :,"Manzano, José Augusto N. G.",Programação (Computadores),Livro,Biblioteca Central Zila Mamede,24,24,25,7,9,65,2.71
205840,Conectado pelas idéias :,"Stibel, Jeffrey M.",Inteligência artificial,Livro,Biblioteca Central Zila Mamede,5,4,7,1,2,14,2.8
241944,Introdução ao desenvolvimento de jogos em Python com PyGame,"Kinsley, Harrison.",Programas de computador,Livro,Biblioteca Central Zila Mamede,7,7,6,0,7,20,2.86
164966,Direito digital,"Peck, Patrícia,",Internet (Redes de computação) -,Livro,Biblioteca Central Zila Mamede,10,6,18,2,3,29,2.9
22946,Distributed operating systems & algorithms,"Chow, Randy.",Sistemas operacionais (Computadores),Livro,Biblioteca Central Zila Mamede,1,3,0,0,0,3,3.0
86635,A linguagem de programação C++,"Stroustrup, Bjarne.",C++ (Linguagem de programação de computador),Livro,Biblioteca Central Zila Mamede,5,6,8,1,0,15,3.0
96973,Virtual Private Network - VPN :,"Silva, Lino Sarlo da,",Redes de computação,Livro,Biblioteca Central Zila Mamede,1,2,1,0,0,3,3.0
101721,"Mind design II: philosophy, psychology, artificial intelligence",,Inteligencia artificial,Livro,Biblioteca Central Zila Mamede,2,2,3,0,1,6,3.0
106732,Hardware,"Torres, Gabriel",Hardware,Livro,Biblioteca Central Zila Mamede,1,1,1,1,0,3,3.0
133598,Haskell :,"Sá, Claudio Cesar de.",Haskell,Livro,Biblioteca Central Zila Mamede,1,1,2,0,0,3,3.0
167525,Java :,"Deitel, Paul J.,",Java (Linguagem de programação de computador),Livro,Biblioteca Central Zila Mamede,23,16,31,4,18,69,3.0
176488,Interação humano-computador,"Barbosa, Simone Diniz Junqueira.",Interação humano-computador,Livro,Biblioteca Central Zila Mamede,19,30,22,2,3,57,3.0
178946,The algorithm design manual,"Skiena, Steven S.",Algoritmos,Livro,Biblioteca Central Zila Mamede,2,3,3,0,0,6,3.0
185362,Algorithms in bioinformatics :,"Sung, Wing-Kin.",Bioinformática,Livro,Biblioteca Central Zila Mamede,2,3,2,1,0,6,3.0
191634,Blender 3D :,"Brito, Allan.",Computação gráfica,Livro,Biblioteca Central Zila Mamede,2,5,0,0,1,6,3.0
191838,C :,"Kernighan, Brian W.,",C (Linguagem de programação de computador),Livro,Biblioteca Central Zila Mamede,3,2,3,2,2,9,3.0
192032,Speech and language processing :,"Jurafsky, Dan,",Processamento de linguagem natural (Computação),Livro,Biblioteca Central Zila Mamede,2,3,2,1,0,6,3.0
198839,C programming for the absolute beginner,"Vine, Michael.",Python (Linguagem de programação de computador),Livro,Biblioteca Central Zila Mamede,3,3,2,0,4,9,3.0
232090,Programação Shell Linux,"Neves, Julio Cezar,",Shell (Linguagem de programação),Livro,Biblioteca Central Zila Mamede,15,28,11,1,5,45,3.0
240888,Informática para concursos :,"Ruas, Jorge,",Informática -,Livro,Biblioteca Central Zila Mamede,3,3,3,2,1,9,3.0
163568,Datacenter :,"Sousa Neto, Manoel Veras de.",Tecnologia da informação -,Livro,Biblioteca Central Zila Mamede,13,29,8,0,3,40,3.08
176620,Inteligência artificial,"Coppin, Ben.",Inteligência artificial,Livro,Biblioteca Central Zila Mamede,9,10,15,2,1,28,3.11
225640,Princípios e práticas de programação com C++,"Stroustrup, Bjarne.",Linguagem de programação,Livro,Biblioteca Central Zila Mamede,30,41,34,4,15,94,3.13
220805,Construindo web sites para leigos,"Crowder, David A.,",Sites da Web -,Livro,Biblioteca Central Zila Mamede,5,12,1,1,2,16,3.2
166730,Projeto de banco de dados,"Heuser, Carlos Alberto.",Banco de dados,Livro,Biblioteca Central Zila Mamede,9,8,15,1,5,29,3.22
234001,Fundamentos de sistemas operacionais :,"Silberschatz, Abraham.",Armazenamento de dados,Livro,Biblioteca Central Zila Mamede,20,30,24,3,8,65,3.25
167047,Sistemas de banco de dados,"Elmasri, Ramez.",Banco de dados,Livro,Biblioteca Central Zila Mamede,33,40,42,10,18,110,3.33
242807,Arduino básico,"McRoberts, Michael",Linguagem de programação (Computadores),Livro,Biblioteca Central Zila Mamede,3,4,3,0,3,10,3.33
241435,Gerenciamento ágil de projeto,"Massari, Vitor L.",Engenharia de software,Livro,Biblioteca Central Zila Mamede,5,9,7,1,0,17,3.4
176618,Fundamentos da inteligência artificial,"Rosa, João Luís Garcia.",Inteligência artificial,Livro,Biblioteca Central Zila Mamede,10,16,12,3,4,35,3.5
134399,YouTube e a revolução digital :,"Burgess, Jean.",YouTube (Recurso eletrônico),Livro,Biblioteca Central Zila Mamede,5,4,13,1,0,18,3.6
241913,Ensine seus filhos a programar :,"Payne, Bryson.",Python (Linguagem de programação de computador),Livro,Biblioteca Central Zila Mamede,10,16,12,3,5,36,3.6
182361,Introdução à programação com Python :,"Menezes, Nilo Ney Coutinho.",Python (Linguagem de programação de computador),Livro,Biblioteca Central Zila Mamede,3,7,3,1,0,11,3.67
238840,Programação de redes com Python :,"Rhodes, Brandon.",Python (Linguagem de programação de computador),Livro,Biblioteca Central Zila Mamede,5,0,12,3,4,19,3.8
245462,Google android :,"Lecheta, Ricardo R.",Android (Recurso eletrônico),Livro,Biblioteca Central Zila Mamede,6,17,4,2,0,23,3.83
167535,Estrutura de dados e algoritmos em C++,"Drozdek, Adam.",Algoritmos,Livro,Biblioteca Central Zila Mamede,7,12,4,2,9,27,3.86
234037,VHDL :,"D'Amore, Roberto.",VHDL (Linguagem descritiva de hardware),Livro,Biblioteca Central Zila Mamede,17,27,21,10,8,66,3.88
57692,Estruturas de dados usando C,"Tenenbaum, Aaron M.",C (Linguagem de programação de computador),Livro,Biblioteca Central Zila Mamede,3,0,5,0,7,12,4.0
71051,Projetando websites,"Nielsen, Jakob,",World Wibe Web (Sistema de recuperação da informação),Livro,Biblioteca Central Zila Mamede,1,3,1,0,0,4,4.0
120911,Fundamentos de bancos de dados :,"Guimarães, Célio Cardoso,",Software,Livro,Biblioteca Central Zila Mamede,2,2,5,0,1,8,4.0
144551,Lógica de programação :,"Forbellone, Andre Luiz Villar.",Programação (Computadores),Livro,Biblioteca Central Zila Mamede,4,6,6,1,3,16,4.0
176598,Conceitos de linguagens de programação,"Sebesta, Robert W.",Linguagem de programação (Computadores),Livro,Biblioteca Central Zila Mamede,2,1,3,2,2,8,4.0
200663,Engenharia de Software,"Sommerville, Ian.",Engenharia de software,Livro,Biblioteca Central Zila Mamede,25,26,59,3,12,100,4.0
211960,Modern communication systems using MATLAB,"Proakis, John G.",MATLAB (Programa de computador),Livro,Biblioteca Central Zila Mamede,4,2,13,1,0,16,4.0
212867,Segurança de computadores :,"Stallings, William,",Segurança de computadores,Livro,Biblioteca Central Zila Mamede,3,1,6,1,4,12,4.0
213487,Certificação Linux :,"Ribeiro, Uirá.",Linux (Sistema operacional de computador),Livro,Biblioteca Central Zila Mamede,2,6,1,1,0,8,4.0
214716,Data mining :,"Kantardzic, Mehmed.",Tratamento de dados,Livro,Biblioteca Central Zila Mamede,2,4,3,1,0,8,4.0
215655,Learning from data :,"Abu-Mostafa, Yaser S.,",Aprendizado do computador,Livro,Biblioteca Central Zila Mamede,2,2,4,1,1,8,4.0
227580,Test-driven development :,"Beck, Kent.",Software -,Livro,Biblioteca Central Zila Mamede,2,3,2,1,2,8,4.0
247143,Programming in Haskell,"Hutton, Graham,",Linguagem de programação (Computadores),Livro,Biblioteca Central Zila Mamede,2,3,4,0,1,8,4.0
250547,Redes de computadores e Internet,"Comer, Douglas.",Redes de computadores,Livro,Biblioteca Central Zila Mamede,3,2,7,1,2,12,4.0
258294,Construindo aplicações Web com PHP e MySQL,"Milani, André,",Sites da Web -,Livro,Biblioteca Central Zila Mamede,1,0,1,1,2,4,4.0
256083,JavaScript de alto desempenho,"Zakas, Nicholas C.",JavaScript (Linguagem de programação de computador),Livro,Biblioteca Central Zila Mamede,5,0,11,4,6,21,4.2
128238,Usabilidade na Web :,"Nielsen, Jakob.",Internet (Redes de computação),Livro,Biblioteca Central Zila Mamede,11,36,9,0,2,47,4.27
188821,Design games :,"Schuytema, Paul",Jogos por computador,Livro,Biblioteca Central Zila Mamede,3,5,5,1,2,13,4.33
230036,Introduction to data mining,"Tan, Pang-Ning.",Mineração de dados (Computação),Livro,Biblioteca Central Zila Mamede,3,6,6,1,0,13,4.33
249340,Engenharia de requisitos :,"Vazquez, Carlos Eduardo.",Engenharia de software,Livro,Biblioteca Central Zila Mamede,3,2,9,1,1,13,4.33
216256,Sistema de banco de dados,"Silberschatz, Abraham.",Banco de dados -,Livro,Biblioteca Central Zila Mamede,2,5,2,0,2,9,4.5
249818,Domain-driven design :,"Evans, Eric,",Programação orientada a objetos (ciência da computação),Livro,Biblioteca Central Zila Mamede,2,1,5,0,3,9,4.5
241947,Web scraping com python :,"Mitchell, Ryan",Python (Linguagem de programação de computador),Livro,Biblioteca Central Zila Mamede,12,21,19,5,10,55,4.58
237684,Scrum e PMBOK :,"Cruz, Fábio.",Administração de projetos,Livro,Biblioteca Central Zila Mamede,4,9,8,0,2,19,4.75
191906,Algoritmos e programação de computadores,,Algoritmos de computador,Livro,Biblioteca Central Zila Mamede,13,24,27,3,8,62,4.77
251134,Engenharia de software :,"Pressman, Roger S.",Engenharia de software,Livro,Biblioteca Central Zila Mamede,13,7,34,5,17,63,4.85
113790,Treinamento em linguagem C++,"Mizrahi, Victorine Viviane.",C++ (Linguagem de programação de computador),Livro,Biblioteca Central Zila Mamede,1,2,2,0,1,5,5.0
117345,C++ como programar,"Deitel, Harvey M.,",C++ (Linguagem de programação de computador),Livro,Biblioteca Central Zila Mamede,2,6,3,1,0,10,5.0
176887,Data mining with R :,"Torgo, Luis.",Mineração de dados (Computação),Livro,Biblioteca Central Zila Mamede,4,9,8,1,2,20,5.0
178924,The elements of statistical learning :,"Hastie, Trevor.",Análise multivariada,Livro,Biblioteca Central Zila Mamede,4,7,7,0,6,20,5.0
215703,Learn Python the hard way :,"Shaw, Zed",Python (Linguagem de programação de computador),Livro,Biblioteca Central Zila Mamede,3,10,2,0,3,15,5.0
245713,Como criar uma mente :,"Kurzweil, Ray.",Inteligência artificial,Livro,Biblioteca Central Zila Mamede,3,8,4,1,2,15,5.0
247089,e-government :,,Administração pública -,Livro,Biblioteca Central Zila Mamede,1,5,0,0,0,5,5.0
191131,Estruturas de dados e seus algoritmos,"Szwarcfiter, Jayme Luiz.",Estrutura de dados (Computação),Livro,Biblioteca Central Zila Mamede,40,84,87,12,21,204,5.1
189185,Complexidade de algoritmos :,"Toscani, Laira Vieira.",Algoritmos de computador,Livro,Biblioteca Central Zila Mamede,7,16,12,2,6,36,5.14
191405,Linguagem C,"Damas, Luís,",C (Linguagem de programação de computador),Livro,Biblioteca Central Zila Mamede,50,127,87,7,41,262,5.24
202066,Inteligência artificial,"Coppin, Ben.",Inteligência artificial,Livro,Biblioteca Central Zila Mamede,10,16,30,4,3,53,5.3
128395,Inteligência artificial,"Russell, Stuart J.",Inteligencia artificial,Livro,Biblioteca Central Zila Mamede,11,26,20,3,11,60,5.45
198814,Foundations of machine learning,"Mohri, Mehryar.",Aprendizado de máquina,Livro,Biblioteca Central Zila Mamede,2,5,2,2,2,11,5.5
201335,Sistemas de informação,"Baltzan, Paige.",Sistemas de informação -,Livro,Biblioteca Central Zila Mamede,2,4,4,1,2,11,5.5
249783,Introdução ao JSON :,"Bassett, Lindsay.",JavaScript (Linguagem de programação de computador),Livro,Biblioteca Central Zila Mamede,3,0,9,3,5,17,5.67
198859,Machine learning :,"Murphy, Kevin P.",Aprendizagem de máquina,Livro,Biblioteca Central Zila Mamede,8,29,13,2,2,46,5.75
246981,Python for scientists,"Stewart, John,",Linguagem de programação (Computadores),Livro,Biblioteca Central Zila Mamede,5,13,7,0,9,29,5.8
168647,Introduction to algorithms,,Algoritmos de computador,Livro,Biblioteca Central Zila Mamede,13,30,35,2,11,78,6.0
166388,Descobrindo a estatística usando o SPSS,"Field, Andy P.",Estatística -,Livro,Biblioteca Central Zila Mamede,12,43,29,2,2,76,6.33
256106,Primeiros passos com React :,"Stefanov, Stoyan.",Software de aplicação -,Livro,Biblioteca Central Zila Mamede,5,0,17,4,11,32,6.4
134588,Não me faça pensar :,"Krug, Steve.",World Wide Web (Sistema de recuperação da informação),Livro,Biblioteca Central Zila Mamede,2,5,3,1,4,13,6.5
245620,Hacking para leigos,"Kevin, Beaver.",Computadores -,Livro,Biblioteca Central Zila Mamede,2,7,3,0,3,13,6.5
249804,Aprendendo padrões de projeto em Python :,"Giridhar, Chetan.",Python (Linguagem de programação de computador),Livro,Biblioteca Central Zila Mamede,4,0,14,4,8,26,6.5
171361,Neural networks and learning machines,"Haykin, Simon.",Redes neurais (Computação),Livro,Biblioteca Central Zila Mamede,3,6,11,0,3,20,6.67
166745,Treinamento em linguagem C,"Mizrahi, Victorine Viviane.",C (Linguagem de programação de computador),Livro,Biblioteca Central Zila Mamede,11,35,23,0,16,74,6.73
87711,Quantum computation and quantum information,"Nielsen, Michael A.",Informação quântica,Livro,Biblioteca Central Zila Mamede,1,2,3,2,0,7,7.0
178750,Introduction to machine learning,"Alpaydin, Ethem.",Aprendizado de computador,Livro,Biblioteca Central Zila Mamede,5,16,11,4,4,35,7.0
218762,Aprendendo a desenvolver aplicações Web :,"Purewal, Semmy.",Informática,Livro,Biblioteca Central Zila Mamede,5,0,24,3,8,35,7.0
249732,Android essencial,"Lecheta, Ricardo R.",Android (Recurso eletrônico),Livro,Biblioteca Central Zila Mamede,2,5,8,0,1,14,7.0
256114,Padrões Javascript,"Stefanov, Stoyan.",JavaScript (Linguagem de programação de computador),Livro,Biblioteca Central Zila Mamede,5,0,22,5,9,36,7.2
219315,Redes de computadores e a internet :,"Kurose, James F.",Redes de computadores,Livro,Biblioteca Central Zila Mamede,28,89,82,11,25,207,7.39
230395,Django essencial :,"Elman, Julia",Python (Linguagem de programação de computador),Livro,Biblioteca Central Zila Mamede,2,4,7,2,2,15,7.5
152364,Treinamento em linguagem C++,"Mizrahi, Victorine Viviane.",C++ (Linguagem de programação de computador),Livro,Biblioteca Central Zila Mamede,29,97,48,9,66,220,7.59
200932,Itil® :,,Tecnologia da informação -,Livro,Biblioteca Central Zila Mamede,3,10,11,2,0,23,7.67
214395,Python cookbook,"Beazley, David M.",Python (Linguagem de programação de computador),Livro,Biblioteca Central Zila Mamede,3,0,11,1,11,23,7.67
249414,Linux :,"Negus, Christopher.",Linux (Sistema operacional de computador),Livro,Biblioteca Central Zila Mamede,10,19,43,4,12,78,7.8
70022,JavaScript para a World Wide Web,"Negrino, Tom.",JavaScript (Linguagem de programação de computador),Livro,Biblioteca Central Zila Mamede,1,4,1,0,3,8,8.0
246023,Deep learning,"Goodfellow, Ian.",Aprendizado do computador,Livro,Biblioteca Central Zila Mamede,2,8,5,2,1,16,8.0
217918,Algoritmos :,,Algoritmos,Livro,Biblioteca Central Zila Mamede,25,116,51,13,28,208,8.32
85434,C completo e total,"Schildt, Herbert,",C (Linguagem de programação de computador),Livro,Biblioteca Central Zila Mamede,6,16,20,4,10,50,8.33
249766,O guia do mochileiro Python :,"Reitz, Kenneth.",Python (Linguagem de programação de computador),Livro,Biblioteca Central Zila Mamede,3,0,12,4,9,25,8.33
184050,Arduino básico,"McRoberts, Michael",Linguagem de programação (Computadores),Livro,Biblioteca Central Zila Mamede,10,27,44,5,8,84,8.4
134701,Use a cabeça! HTML com CSS e XHTML,"Freeman, Elisabeth.",HTML (Linguagem de programação de computador),Livro,Biblioteca Central Zila Mamede,2,7,7,1,2,17,8.5
186502,Computação gráfica :,"Conci, Aura.",Computação gráfica,Livro,Biblioteca Central Zila Mamede,2,7,8,0,2,17,8.5
241941,Aprendendo PHP :,"Sklar, David",PHP (Linguagem de programação de computadores),Livro,Biblioteca Central Zila Mamede,3,12,10,1,5,28,9.33
175644,Estatística :,,Estatística comercial,Livro,Biblioteca Central Zila Mamede,30,126,102,16,39,283,9.43
177652,Redes neurais artificiais  :,"Silva, Ivan Nunes da.",Inteligência artificial,Livro,Biblioteca Central Zila Mamede,10,31,46,14,6,97,9.7
231336,Inteligência artificial :,,Inteligência artificial,Livro,Biblioteca Central Zila Mamede,7,5,38,7,18,68,9.71
73308,Dominando a gestão da informação,"Davenport, Thomas H.,",Tecnologia da informação -,Livro,Biblioteca Central Zila Mamede,1,6,4,0,0,10,10.0
82160,The B - Method :,"Schneider, Steve.",Software -,Livro,Biblioteca Central Zila Mamede,2,10,6,2,2,20,10.0
153463,Introdução à programação :,"Lopes, Anita.",Informática,Livro,Biblioteca Central Zila Mamede,8,45,24,3,11,83,10.38
100004,Digital design,"Vahid, Frank.",Engenharia elétrica,Livro,Biblioteca Central Zila Mamede,1,6,5,0,0,11,11.0
247378,"Crie aplicativos Web com HTML, CSS, JavaScript, PHP, PostgreSQL, Bootstrap, AngularJS e Laravel","Kawano, Wilson.",Aplicações Web,Livro,Biblioteca Central Zila Mamede,2,7,9,2,4,22,11.0
248372,Informática para concursos :,"Antonio, João.",Informática -,Livro,Biblioteca Central Zila Mamede,1,5,2,2,2,11,11.0
250511,Smashing HTML5 :,"Sanders, Bill.",Linguagem de programação -,Livro,Biblioteca Central Zila Mamede,3,9,12,2,13,36,12.0
241948,Python fluente :,"Ramalho, Luciano.",Python (Linguagem de programação),Livro,Biblioteca Central Zila Mamede,10,48,48,9,22,127,12.7
192110,An introduction to parallel programming,"Pacheco, Peter S.",Programação paralela (Computação),Livro,Biblioteca Central Zila Mamede,10,52,63,9,11,135,13.5
227337,Princípios de análise e projeto de sistemas com UML,"Bezerra, Eduardo,",Métodos orientados a objetos -,Livro,Biblioteca Central Zila Mamede,10,67,42,6,22,137,13.7
251216,JavaScript :,"Flanagan, David.",JavaScript (Linguagem de programação de computador),Livro,Biblioteca Central Zila Mamede,3,8,23,3,10,44,14.67
134535,Construindo aplicações web com PHP e MySQL,"Milani, André,",Sites da Web -,Livro,Biblioteca Central Zila Mamede,1,8,4,0,3,15,15.0
85506,JavaScript :,"Flanagan, David.",JavaScript (Linguagem de programação de computador),Livro,Biblioteca Central Zila Mamede,2,13,11,2,7,33,16.5
241946,Pense em python :,"Downey, Allen.",Python (Linguagem de programação),Livro,Biblioteca Central Zila Mamede,4,32,23,4,16,75,18.75
8539,O ABC do WordPerfect 5.0 e 5.1,"Neibauer, Alan R.",WordPerfect (Programa de computador),Livro,Biblioteca Setorial Bertha Cruz Enders - ­Escola de Saúde da UFRN - ESUFRN,1,0,0,0,0,0,0.0
106534,Internet:,"Vincent,Beatriz Rodrigues Lopes.",Internet (Redes de computação),Livro,Biblioteca Setorial Bertha Cruz Enders - ­Escola de Saúde da UFRN - ESUFRN,4,0,0,0,0,0,0.0
107429,Informática :,"Silva, Mário Gomes da,",Programa de computação,Livro,Biblioteca Setorial Bertha Cruz Enders - ­Escola de Saúde da UFRN - ESUFRN,1,0,0,0,0,0,0.0
117907,The regulation of privacy and data protection in the use of electronic health information :,"Rodrigues, R. J.",Sistemas de recuperação da informação -,Livro,Biblioteca Setorial Bertha Cruz Enders - ­Escola de Saúde da UFRN - ESUFRN,1,0,0,0,0,0,0.0
121426,Internet:,"Vincent,Beatriz Rodrigues Lopes.",Internet (Redes de computação),Livro,Biblioteca Setorial Bertha Cruz Enders - ­Escola de Saúde da UFRN - ESUFRN,1,0,0,0,0,0,0.0
121717,Treinamento em informática :,,Excel (Programa de computador) -,Livro,Biblioteca Setorial Bertha Cruz Enders - ­Escola de Saúde da UFRN - ESUFRN,1,0,0,0,0,0,0.0
121718,Microsoft Outlook 97 :,"Moraes, Carlos Eduardo.",Outlook 97 (Programa de computador),Livro,Biblioteca Setorial Bertha Cruz Enders - ­Escola de Saúde da UFRN - ESUFRN,1,0,0,0,0,0,0.0
122927,Microsoft Internet Explorer 5 :,"Moraz, Eduardo.",World Wide Web (Sistema de recuperação da informação),Livro,Biblioteca Setorial Bertha Cruz Enders - ­Escola de Saúde da UFRN - ESUFRN,1,0,0,0,0,0,0.0
214787,A construção da política nacional de informação e informática em saúde,Brasil.,Políticas públicas de saúde -,Folheto,Biblioteca Setorial Bertha Cruz Enders - ­Escola de Saúde da UFRN - ESUFRN,1,0,0,0,0,0,0.0
262446,Análise de Conteúdo suportada por Software,"Costa, António Pedro.",Análise de sistemas,Livro,Biblioteca Setorial Bertha Cruz Enders - ­Escola de Saúde da UFRN - ESUFRN,1,0,0,0,0,0,0.0
110273,Informática :,"Silva, Mário Gomes da,",Programa de computação,Livro,Biblioteca Setorial Bertha Cruz Enders - ­Escola de Saúde da UFRN - ESUFRN,8,0,2,0,0,2,0.25
175641,Sistemas de informações gerenciais em organizações de saúde,,Sistemas de informação,Livro,Biblioteca Setorial Bertha Cruz Enders - ­Escola de Saúde da UFRN - ESUFRN,10,3,1,0,0,4,0.4
96855,Introdução à estatística :,"Bisquerra Alzina, Rafael.",Estatística,Livro,Biblioteca Setorial Bertha Cruz Enders - ­Escola de Saúde da UFRN - ESUFRN,2,1,1,0,0,2,1.0
93767,Gestão da tecnologia da informação :,,Tecnologia da informação,Livro,Biblioteca Setorial Dr. Paulo Bezerra - EMCM/RN - Caicó,1,0,0,0,0,0,0.0
161810,Computer security :,"Stallings, William,",Computadores -,Livro,Biblioteca Setorial Dr. Paulo Bezerra - EMCM/RN - Caicó,1,0,0,0,0,0,0.0
187510,Hardware II :,"Morimoto, Carlos E.",Hardware,Livro,Biblioteca Setorial Dr. Paulo Bezerra - EMCM/RN - Caicó,1,0,0,0,0,0,0.0
188980,Linux :,"Hunt, Craig.",Linux (Sistema operacional de computador),Livro,Biblioteca Setorial Dr. Paulo Bezerra - EMCM/RN - Caicó,1,0,0,0,0,0,0.0
214075,Raspberry pi :,"Merces, Ricardo.",Raspberry pi,Livro,Biblioteca Setorial Dr. Paulo Bezerra - EMCM/RN - Caicó,2,0,0,0,0,0,0.0
230396,Primeiros passos com sensores,"Karvinen, Kimmo",Arduino (Controlador programável),Livro,Biblioteca Setorial Dr. Paulo Bezerra - EMCM/RN - Caicó,1,0,0,0,0,0,0.0
238826,PHP :,"Dall'Oglio, Pablo,",PHP (Linguagem de programação de computador),Livro,Biblioteca Setorial Dr. Paulo Bezerra - EMCM/RN - Caicó,2,0,0,0,0,0,0.0
238840,Programação de redes com Python :,"Rhodes, Brandon.",Python (Linguagem de programação de computador),Livro,Biblioteca Setorial Dr. Paulo Bezerra - EMCM/RN - Caicó,1,0,0,0,0,0,0.0
245901,Construindo aplicações Web com PHP e MySQL,"Milani, André,",Sites da Web -,Livro,Biblioteca Setorial Dr. Paulo Bezerra - EMCM/RN - Caicó,2,0,0,0,0,0,0.0
249560,Manual de projetos do Arduíno :,"Geddes, Mark.",Linguagem de programação (Computadores),Livro,Biblioteca Setorial Dr. Paulo Bezerra - EMCM/RN - Caicó,1,0,0,0,0,0,0.0
256086,Aprendendo Pentest com Python :,"Duffy, Christopher.",Python (Linguagem de programação de computador),Livro,Biblioteca Setorial Dr. Paulo Bezerra - EMCM/RN - Caicó,1,0,0,0,0,0,0.0
256452,"Internet das coisas com ESP8266, Arduino e Raspberry Pi","Oliveira, Sérgio de.",Internet das coisas,Livro,Biblioteca Setorial Dr. Paulo Bezerra - EMCM/RN - Caicó,1,0,0,0,0,0,0.0
251509,Segurança para desenvolvedores web :,"Mueller, John Paul.",Linguagem de programação (Computadores),Livro,Biblioteca Setorial Dr. Paulo Bezerra - EMCM/RN - Caicó,4,1,0,0,0,1,0.25
203498,Aplicações na nuvem :,"Tonsig, Sérgio Luiz.",Computação em nuvem -,Livro,Biblioteca Setorial Dr. Paulo Bezerra - EMCM/RN - Caicó,2,0,0,1,0,1,0.5
225861,Administração de servidores linux,"Ramos, Atos.",Programação de computador,Livro,Biblioteca Setorial Dr. Paulo Bezerra - EMCM/RN - Caicó,2,1,0,0,0,1,0.5
247492,OwnCloud :,"Henrique, Marcos.",Serviços da Web,Livro,Biblioteca Setorial Dr. Paulo Bezerra - EMCM/RN - Caicó,2,0,0,1,0,1,0.5
173903,Redes de computadores,"Tanenbaum, Andrew S.,",Redes de computadores,Livro,Biblioteca Setorial Dr. Paulo Bezerra - EMCM/RN - Caicó,7,3,1,0,0,4,0.57
240125,Criptografia e segurança de redes :,"Stallings, William,",Criptografia de dados (Computação),Livro,Biblioteca Setorial Dr. Paulo Bezerra - EMCM/RN - Caicó,2,1,1,0,0,2,1.0
249797,PHP para quem conhece PHP :,"Niederauer, Juliano,",PHP (Linguagem de programação de computador),Livro,Biblioteca Setorial Dr. Paulo Bezerra - EMCM/RN - Caicó,2,3,0,0,0,3,1.5
210526,Rede de computadores :,"Lacerda, Ivan Max Freire de.",Redes de computadores,Livro,Biblioteca Setorial Dr. Paulo Bezerra - EMCM/RN - Caicó,1,0,2,0,0,2,2.0
251374,Google android :,"Lecheta, Ricardo R.",Android (Recurso eletrônico),Livro,Biblioteca Setorial Dr. Paulo Bezerra - EMCM/RN - Caicó,2,6,1,0,0,7,3.5
111205,Tendências na utilização das tecnologias da informação e comunicação na educação.,,Inovações tecnológicas,Livro,Biblioteca Setorial Moacyr de Góes - CE,1,0,0,0,0,0,0.0
163229,Professores e computadores :,"Fernandes, Natal Lânia Roque.",Professores -,Livro,Biblioteca Setorial Moacyr de Góes - CE,1,0,0,0,0,0,0.0
191636,As redes sociais e seu impacto na cultura e na educação do século XXI,,Educação a distância -,Livro,Biblioteca Setorial Moacyr de Góes - CE,1,0,0,0,0,0,0.0
221414,Inclusão digital nas escolas públicas :,"Silva, Maria Aparecida Ramos da.",Inclusão digital,Livro,Biblioteca Setorial Moacyr de Góes - CE,2,0,0,0,0,0,0.0
239045,Sociabilidades:,"Santos, Maria José dos.",Socialização escolar -,Tese,Biblioteca Setorial Moacyr de Góes - CE,1,0,0,0,0,0,0.0
261036,Ambientes educativos emergentes,,Ensino auxiliado por computador,Livro,Biblioteca Setorial Moacyr de Góes - CE,1,0,0,0,0,0,0.0
261198,Pesquisando fundamentos para novas práticas na educação online,,Computadores,Livro,Biblioteca Setorial Moacyr de Góes - CE,1,0,0,0,0,0,0.0
263732,Leitura digital,,Leitura -,Livro,Biblioteca Setorial Moacyr de Góes - CE,1,0,0,0,0,0,0.0
265078,Educação em rede :,"Gomez, Margarita Victoria.",Internet na educação,Livro,Biblioteca Setorial Moacyr de Góes - CE,3,0,0,0,0,0,0.0
265104,A informática educativa e qualidade de ensino :,"Silva, Maria do Carmo Aragão da.",Educação,Livro,Biblioteca Setorial Moacyr de Góes - CE,1,0,0,0,0,0,0.0
265269,TV e escola :,"Guimarães, Glaucia.",Ensino-,Livro,Biblioteca Setorial Moacyr de Góes - CE,1,0,0,0,0,0,0.0
294807,"Linguagens, tecnologias e educação :",,Educação,Livro,Biblioteca Setorial Moacyr de Góes - CE,1,0,0,0,0,0,0.0
301599,Novas tecnologias e mediação pedagógica,"Moran, José Manoel.",Educação -,Livro,Biblioteca Setorial Moacyr de Góes - CE,1,0,0,0,0,0,0.0
306007,Tecnologia educacional :,,Tecnologia educacional,Livro,Biblioteca Setorial Moacyr de Góes - CE,1,0,0,0,0,0,0.0
123458,Pump it up :,"Oliveira, Helder Alves de.",Jogos eletrônicos -,Monografia,Biblioteca Setorial Pe. Jaime Diniz - Escola de Música - EMUFRN,1,0,0,0,0,0,0.0
130033,Redes de computadores,"Tanenbaum, Andrew S.,",Redes de computadores,Livro,Biblioteca Setorial Pe. Jaime Diniz - Escola de Música - EMUFRN,1,0,0,0,0,0,0.0
167525,Java :,"Deitel, Paul J.,",Java (Linguagem de programação de computador),Livro,Biblioteca Setorial Pe. Jaime Diniz - Escola de Música - EMUFRN,1,0,0,0,0,0,0.0
173903,Redes de computadores,"Tanenbaum, Andrew S.,",Redes de computadores,Livro,Biblioteca Setorial Pe. Jaime Diniz - Escola de Música - EMUFRN,1,0,0,0,0,0,0.0
186791,"Gerenciando projetos de desenvolvimento de software com PMI, RUP e UML","Martins, José Carlos Cordeiro.",Software -,Livro,Biblioteca Setorial Pe. Jaime Diniz - Escola de Música - EMUFRN,3,0,0,0,0,0,0.0
191806,Scripts de Shell Linux com Bash :,"Burtch, Ken O.",Linux (Sistema operacional de computador),Livro,Biblioteca Setorial Pe. Jaime Diniz - Escola de Música - EMUFRN,1,0,0,0,0,0,0.0
238838,Ambientes virtuais e multiplataformas online na EAD :,"Silva, Robson Santos da.",Didática,Livro,Biblioteca Setorial Pe. Jaime Diniz - Escola de Música - EMUFRN,1,0,0,0,0,0,0.0
255131,Tutoria e interação em educação a distância,"Mattar, João.",Ferramenta Mundos Virtuais-,Livro,Biblioteca Setorial Pe. Jaime Diniz - Escola de Música - EMUFRN,1,0,0,0,0,0,0.0
255268,Avaliação da aprendizagem em educação online :,,Avaliação educacional,Livro,Biblioteca Setorial Pe. Jaime Diniz - Escola de Música - EMUFRN,1,0,0,0,0,0,0.0
288209,Uma gentil introdução ao SuperCollider,"Ruviaro, Bruno,",SuperCollider (Linguagem de programação de computador),Livro,Biblioteca Setorial Pe. Jaime Diniz - Escola de Música - EMUFRN,1,0,0,0,0,0,0.0
172279,EJB 3 profissional :,"Keith, Mike.",Java (Linguagem de programação de computador),Livro,Biblioteca Setorial Pe. Jaime Diniz - Escola de Música - EMUFRN,2,0,1,0,0,1,0.5
176595,Shell script profissional,"Jargas, Aurélio Marinho,",Shell script (Linguagem de programação de computador),Livro,Biblioteca Setorial Pe. Jaime Diniz - Escola de Música - EMUFRN,2,0,1,0,0,1,0.5
248390,Algorithmic composition :,"Nierhaus, Gerhard.",Composição (Música),Livro,Biblioteca Setorial Pe. Jaime Diniz - Escola de Música - EMUFRN,3,2,0,0,0,2,0.67
186774,Java :,"Schildt, Herbert,",Java (Linguagem de programação de computador),Livro,Biblioteca Setorial Pe. Jaime Diniz - Escola de Música - EMUFRN,2,0,2,0,0,2,1.0
191131,Estruturas de dados e seus algoritmos,"Szwarcfiter, Jayme Luiz.",Estrutura de dados (Computação),Livro,Biblioteca Setorial Pe. Jaime Diniz - Escola de Música - EMUFRN,3,1,2,0,0,3,1.0
248308,C++ how to program,"Deitel, Paul.","C +++ (Linguagem de programação
 de computador)",Livro,Biblioteca Setorial Pe. Jaime Diniz - Escola de Música - EMUFRN,3,0,1,0,2,3,1.0
227337,Princípios de análise e projeto de sistemas com UML,"Bezerra, Eduardo,",Métodos orientados a objetos -,Livro,Biblioteca Setorial Pe. Jaime Diniz - Escola de Música - EMUFRN,3,6,5,0,0,11,3.67
98042,Banco de dados :,Universidade Federal do Rio Grande do Norte.,Universidade Federal do Rio Grande do Norte -,Livro,Biblioteca Setorial Prof. Dr. Marcelo Bezerra de Melo Tinôco - DARQ - ­CT,1,0,0,0,0,0,0.0
175629,Mastering SolidWorks :,"Zeid, Ibrahim.",SolidWorks,Livro,Biblioteca Setorial Prof. Dr. Marcelo Bezerra de Melo Tinôco - DARQ - ­CT,1,0,0,0,0,0,0.0
211501,Google Sketchup Pro :,"Oliveira, Marcos Bandeira.",Computação gráfica,Livro,Biblioteca Setorial Prof. Dr. Marcelo Bezerra de Melo Tinôco - DARQ - ­CT,1,0,0,0,0,0,0.0
235614,Desenho de uma poiesis,"Cardoso, Daniel Ribeiro.",Artes gráficas -,Livro,Biblioteca Setorial Prof. Dr. Marcelo Bezerra de Melo Tinôco - DARQ - ­CT,4,0,0,0,0,0,0.0
270151,A memória do digital e outras questões das artes e museologia,,Arte por computador,Livro,Biblioteca Setorial Prof. Dr. Marcelo Bezerra de Melo Tinôco - DARQ - ­CT,1,0,0,0,0,0,0.0
83453,IBM PC e suas aplicações,"Press, Laurence.",IBM (Computadores),Livro,Biblioteca Setorial Prof. Francisco Gurgel de Azevedo - Instituto Química - IQ,1,0,0,0,0,0,0.0
91992,Conquistando o Symphony,"Bolocan, David.",Programa de computador,Livro,Biblioteca Setorial Prof. Francisco Gurgel de Azevedo - Instituto Química - IQ,1,0,0,0,0,0,0.0
98042,Banco de dados :,Universidade Federal do Rio Grande do Norte.,Universidade Federal do Rio Grande do Norte -,Livro,Biblioteca Setorial Prof. Francisco Gurgel de Azevedo - Instituto Química - IQ,1,0,0,0,0,0,0.0
106285,DOS for Dummies,"Gookin, Dan.",Sistema operacional,Livro,Biblioteca Setorial Prof. Francisco Gurgel de Azevedo - Instituto Química - IQ,1,0,0,0,0,0,0.0
106288,DOS 6.2 :,"Siqueira, José de oliveira.",Sistema operacional -,Livro,Biblioteca Setorial Prof. Francisco Gurgel de Azevedo - Instituto Química - IQ,1,0,0,0,0,0,0.0
106332,Using Word 6 para windows,"Stevenson, Nancy.",Programa de computador,Livro,Biblioteca Setorial Prof. Francisco Gurgel de Azevedo - Instituto Química - IQ,1,0,0,0,0,0,0.0
106342,XENIX :,"Woodcock, Joanne.",Sistema operaciona -,Livro,Biblioteca Setorial Prof. Francisco Gurgel de Azevedo - Instituto Química - IQ,1,0,0,0,0,0,0.0
106343,Introdução ao PERT básico,"Genari, Breno,",Programa de computador,Livro,Biblioteca Setorial Prof. Francisco Gurgel de Azevedo - Instituto Química - IQ,1,0,0,0,0,0,0.0
106346,Dbase III plus programação :,"Magri, João Alexandre.",Programa de computador,Livro,Biblioteca Setorial Prof. Francisco Gurgel de Azevedo - Instituto Química - IQ,1,0,0,0,0,0,0.0
106439,PC Tools deluxe :,"Townsend, Carl.",Programa de computar,Livro,Biblioteca Setorial Prof. Francisco Gurgel de Azevedo - Instituto Química - IQ,1,0,0,0,0,0,0.0
106442,Programação e processamento :,"Vasconcellos, Augusto de.",Programas de computador,Livro,Biblioteca Setorial Prof. Francisco Gurgel de Azevedo - Instituto Química - IQ,1,0,0,0,0,0,0.0
106700,Uma metodologia para o planejamento e o desenvolvimento de sistemas de informação,"Jobim Filho, Paulo.",Análise de sistemas,Livro,Biblioteca Setorial Prof. Francisco Gurgel de Azevedo - Instituto Química - IQ,1,0,0,0,0,0,0.0
107181,CP/M® :,"Pricladnitzki, Beatriz Back.",CP-M (Sistema operacional de computador),Livro,Biblioteca Setorial Prof. Francisco Gurgel de Azevedo - Instituto Química - IQ,1,0,0,0,0,0,0.0
107500,Estudo dirigido linguagem C,"Manzano, Jose Augusto N. G.",C (Linguagem de programção de computador),Livro,Biblioteca Setorial Prof. Francisco Gurgel de Azevedo - Instituto Química - IQ,1,0,0,0,0,0,0.0
120682,Macs for dummies,"Pogue, David,",Informática,Livro,Biblioteca Setorial Prof. Francisco Gurgel de Azevedo - Instituto Química - IQ,1,0,0,0,0,0,0.0
120708,Faster smarter Microsoft Windows XP,"Bott, Ed.",Informatica,Livro,Biblioteca Setorial Prof. Francisco Gurgel de Azevedo - Instituto Química - IQ,1,0,0,0,0,0,0.0
134976,Pequena história da química :,"Maar, Juergen Heinrich.",Química,Livro,Biblioteca Setorial Prof. Francisco Gurgel de Azevedo - Instituto Química - IQ,1,0,0,0,0,0,0.0
135110,Como navegar na Web,"Milner, Annalisa.",Informática,Livro,Biblioteca Setorial Prof. Francisco Gurgel de Azevedo - Instituto Química - IQ,1,0,0,0,0,0,0.0
135111,Como criar apresentações,"Burrows, Terry.",Informática,Livro,Biblioteca Setorial Prof. Francisco Gurgel de Azevedo - Instituto Química - IQ,1,0,0,0,0,0,0.0
171850,Digital image processing,"Gonzalez, Rafael C.",Processamento de imagens -,Livro,Biblioteca Setorial Prof. Francisco Gurgel de Azevedo - Instituto Química - IQ,5,2,0,0,0,2,0.4
189525,MATLAB for neuroscientists :,,MATLAB (Programa de computador),Livro,Biblioteca Setorial Prof. Francisco Gurgel de Azevedo - Instituto Química - IQ,3,2,0,0,0,2,0.67
5253,Dbase III :,"Byers, Robert A.,",Programas de computador,Livro,Biblioteca Setorial Prof. Horácio Nicolas Solimo - ­ Engenharia Química - EQ - CT,1,0,0,0,0,0,0.0
5487,O visicalc,"Castlewitz, David M.,",Programação (Computadores),Livro,Biblioteca Setorial Prof. Horácio Nicolas Solimo - ­ Engenharia Química - EQ - CT,1,0,0,0,0,0,0.0
8563,Abc do MS/DOS,"Miller, Alan R.,",MS-DOS (Sistema operacional de computador),Livro,Biblioteca Setorial Prof. Horácio Nicolas Solimo - ­ Engenharia Química - EQ - CT,1,0,0,0,0,0,0.0
9167,CAD / CAM :,"Besant, C. B.,",Sistemas CAD/CAM,Livro,Biblioteca Setorial Prof. Horácio Nicolas Solimo - ­ Engenharia Química - EQ - CT,1,0,0,0,0,0,0.0
18388,Programação e métodos computacionais,"Pacitti, Tercio,",Programação (Computadores),Livro,Biblioteca Setorial Prof. Horácio Nicolas Solimo - ­ Engenharia Química - EQ - CT,2,0,0,0,0,0,0.0
30012,Fundamentos de computação gráfica :,,Computação gráfica,Livro,Biblioteca Setorial Prof. Horácio Nicolas Solimo - ­ Engenharia Química - EQ - CT,1,0,0,0,0,0,0.0
49755,PC ASSEMBLER :,"Quadros, Daniel G. A. (Daniel Gerk de Azevedo)",Assembler (Linguagem de programação de computador),Livro,Biblioteca Setorial Prof. Horácio Nicolas Solimo - ­ Engenharia Química - EQ - CT,1,0,0,0,0,0,0.0
52690,Organização e programação de computadores,"Gear, C. William (Charles William),",Programação (Computadores),Livro,Biblioteca Setorial Prof. Horácio Nicolas Solimo - ­ Engenharia Química - EQ - CT,1,0,0,0,0,0,0.0
62832,Anais SBMIDIA'99 :,"Simpósio Brasileiro de Sistemas de Multimídia e Hipermídia (5. : 1999 : Goiânia, GO).",Simpósio Brasileiro de Sistemas de Multimídia e Hipermídia,Livro,Biblioteca Setorial Prof. Horácio Nicolas Solimo - ­ Engenharia Química - EQ - CT,1,0,0,0,0,0,0.0
63298,Fortran-monitor :,"Pacitti, Tercio,",Linguagem de programação de computador,Livro,Biblioteca Setorial Prof. Horácio Nicolas Solimo - ­ Engenharia Química - EQ - CT,1,0,0,0,0,0,0.0
91845,77 programas para a linha PC :,"Abreu, Carlos Alberto de Castro e.",Programa de computador,Livro,Biblioteca Setorial Prof. Horácio Nicolas Solimo - ­ Engenharia Química - EQ - CT,1,0,0,0,0,0,0.0
91847,Word for Windows 2 :,"Campbell, Bob.",Programa de computador,Livro,Biblioteca Setorial Prof. Horácio Nicolas Solimo - ­ Engenharia Química - EQ - CT,1,0,0,0,0,0,0.0
91879,Introduction to FORTRAN IV programming: using the WATFOR compilers,"Blatt, John Markus.",Programação de computadores,Livro,Biblioteca Setorial Prof. Horácio Nicolas Solimo - ­ Engenharia Química - EQ - CT,1,0,0,0,0,0,0.0
91880,PC World :,"Harvey, Greg.",Programa de computador,Livro,Biblioteca Setorial Prof. Horácio Nicolas Solimo - ­ Engenharia Química - EQ - CT,1,0,0,0,0,0,0.0
91883,Usando Norton utilities 5.0,"Elliott, Alan C.",Programas de computador,Livro,Biblioteca Setorial Prof. Horácio Nicolas Solimo - ­ Engenharia Química - EQ - CT,1,0,0,0,0,0,0.0
91884,Quattro Pro para Windows,"Campbell, Mary V.",Programa de computador,Livro,Biblioteca Setorial Prof. Horácio Nicolas Solimo - ­ Engenharia Química - EQ - CT,1,0,0,0,0,0,0.0
91885,dBase II :,"Magri, João Alexandre.",Programa de computador,Livro,Biblioteca Setorial Prof. Horácio Nicolas Solimo - ­ Engenharia Química - EQ - CT,1,0,0,0,0,0,0.0
91887,Les cahiers du basic sur oric-1 et atmos,"Boisgontier, Jacques.",Programa de computadores,Livro,Biblioteca Setorial Prof. Horácio Nicolas Solimo - ­ Engenharia Química - EQ - CT,1,0,0,0,0,0,0.0
91899,Oric:,"Zaks, Rodnay.",Informática,Livro,Biblioteca Setorial Prof. Horácio Nicolas Solimo - ­ Engenharia Química - EQ - CT,1,0,0,0,0,0,0.0
91900,Jeux en basic sur:,"Monsaut, Pierre.",Programa de computadores,Livro,Biblioteca Setorial Prof. Horácio Nicolas Solimo - ­ Engenharia Química - EQ - CT,1,0,0,0,0,0,0.0
91902,Inglês para processamento de dados,"Galante, Terezinha Prado.",Processamento de dados,Livro,Biblioteca Setorial Prof. Horácio Nicolas Solimo - ­ Engenharia Química - EQ - CT,1,0,0,0,0,0,0.0
91921,JCL Sistema/370,"Brown, Gary DeWard.",Linguagem de Programação -,Livro,Biblioteca Setorial Prof. Horácio Nicolas Solimo - ­ Engenharia Química - EQ - CT,1,0,0,0,0,0,0.0
91988,Turbo C! :,"Grady, M. Tim.",Programa de computador,Livro,Biblioteca Setorial Prof. Horácio Nicolas Solimo - ­ Engenharia Química - EQ - CT,1,0,0,0,0,0,0.0
91990,PC tools deluxe 6.0,"Grillo, Maria Celia Arruda.",Sistema operacional,Livro,Biblioteca Setorial Prof. Horácio Nicolas Solimo - ­ Engenharia Química - EQ - CT,1,0,0,0,0,0,0.0
91992,Conquistando o Symphony,"Bolocan, David.",Programa de computador,Livro,Biblioteca Setorial Prof. Horácio Nicolas Solimo - ­ Engenharia Química - EQ - CT,1,0,0,0,0,0,0.0
91994,BASIC :,"Amsbury, Wayne,",Linguagem de programação de computador,Livro,Biblioteca Setorial Prof. Horácio Nicolas Solimo - ­ Engenharia Química - EQ - CT,1,0,0,0,0,0,0.0
91997,Harvard Graphics :,"Salviati, Telma Marcela.",Programa de computador,Livro,Biblioteca Setorial Prof. Horácio Nicolas Solimo - ­ Engenharia Química - EQ - CT,1,0,0,0,0,0,0.0
91998,WordPerfect 5.1 em 20 lições,"Belserene, Rita.",Programa de computador,Livro,Biblioteca Setorial Prof. Horácio Nicolas Solimo - ­ Engenharia Química - EQ - CT,1,0,0,0,0,0,0.0
91999,Harvard graphics :,"Purdum, Jack J.",Programa de computador,Livro,Biblioteca Setorial Prof. Horácio Nicolas Solimo - ­ Engenharia Química - EQ - CT,1,0,0,0,0,0,0.0
92001,Sugestões para o programador Basic,"Savage, Earl R.",Programa de computador,Livro,Biblioteca Setorial Prof. Horácio Nicolas Solimo - ­ Engenharia Química - EQ - CT,1,0,0,0,0,0,0.0
92024,Fortran-monitor :,"Pacitti, Tercio,",Linguagem de programação de computador,Livro,Biblioteca Setorial Prof. Horácio Nicolas Solimo - ­ Engenharia Química - EQ - CT,1,0,0,0,0,0,0.0
92048,CP-500:,,Linguagem de programação de computador,Livro,Biblioteca Setorial Prof. Horácio Nicolas Solimo - ­ Engenharia Química - EQ - CT,2,0,0,0,0,0,0.0
92828,Neural networks in bioprocessing and chemical engineering,"Baughman, D. R.",Redes neurais -,Livro,Biblioteca Setorial Prof. Horácio Nicolas Solimo - ­ Engenharia Química - EQ - CT,1,0,0,0,0,0,0.0
126986,Redes de computadores,"Ross, Júlio.",Redes de computação,Livro,Biblioteca Setorial Prof. Horácio Nicolas Solimo - ­ Engenharia Química - EQ - CT,4,0,0,0,0,0,0.0
207714,Desenvolvimento de software para a automatização do laboratório PVT de óleos pesados,"Volpatto, Diego Tavares.",Software -,Monografia,Biblioteca Setorial Prof. Horácio Nicolas Solimo - ­ Engenharia Química - EQ - CT,1,0,0,0,0,0,0.0
117591,Excel para engenharia :,"Moura, Luiz Fernando de",Excel (Programa de computador),Livro,Biblioteca Setorial Prof. Horácio Nicolas Solimo - ­ Engenharia Química - EQ - CT,2,1,0,0,0,1,0.5
98042,Banco de dados :,Universidade Federal do Rio Grande do Norte.,Universidade Federal do Rio Grande do Norte -,Livro,Biblioteca Setorial Prof. Leopoldo Nelson - ­Centro de Biociências - CB,3,0,0,0,0,0,0.0
207061,Understanding bioinformatics,"Zvelebil, Marketa.",Bioinformática,Livro,Biblioteca Setorial Prof. Leopoldo Nelson - ­Centro de Biociências - CB,3,0,0,0,0,0,0.0
1674,Programação cobol,"Bastos, Alex C.",COBOL (Linguagem de programação de computador),Livro,Biblioteca Setorial Prof. Rodolfo Helinski - Escola Agrícola de Jundiaí - EAJ - Macaiba,1,0,0,0,0,0,0.0
3162,Projeto de sistemas de processamento de dados,"Dias, Donaldo de Souza,",Processamento eletrônico de dados,Livro,Biblioteca Setorial Prof. Rodolfo Helinski - Escola Agrícola de Jundiaí - EAJ - Macaiba,3,0,0,0,0,0,0.0
5168,Programação Fortran para estudantes de ciências e engenharia,"Dias, Donaldo de Souza,",FORTRAN (Linguagem de programação de computador),Livro,Biblioteca Setorial Prof. Rodolfo Helinski - Escola Agrícola de Jundiaí - EAJ - Macaiba,1,0,0,0,0,0,0.0
5242,Introdução a sistemas de bancos de dados,"Date, C. J.",Banco de dados,Livro,Biblioteca Setorial Prof. Rodolfo Helinski - Escola Agrícola de Jundiaí - EAJ - Macaiba,1,0,0,0,0,0,0.0
8096,Programando em MODULA-2,"Wirth, Niklaus",Modula-2 (Linguagem de programação de computador),Livro,Biblioteca Setorial Prof. Rodolfo Helinski - Escola Agrícola de Jundiaí - EAJ - Macaiba,1,0,0,0,0,0,0.0
8533,Pascal e técnicas de programação,"Schmitz, Eber Assis.",PASCAL (Linguagem de programação de computador),Livro,Biblioteca Setorial Prof. Rodolfo Helinski - Escola Agrícola de Jundiaí - EAJ - Macaiba,1,0,0,0,0,0,0.0
8537,"PC-DOS, MS-DOS :","Sheldon, Thomas.",MS-DOS (Sistema operacional de computador),Livro,Biblioteca Setorial Prof. Rodolfo Helinski - Escola Agrícola de Jundiaí - EAJ - Macaiba,1,0,0,0,0,0,0.0
8587,Turbo C avançado :,"Schildt, Herbert,",Turbo C (Linguagem de programação de computador),Livro,Biblioteca Setorial Prof. Rodolfo Helinski - Escola Agrícola de Jundiaí - EAJ - Macaiba,1,0,0,0,0,0,0.0
8706,Administrando o ciclo de vida do sistema,"Yourdon, Edward,",Software -,Livro,Biblioteca Setorial Prof. Rodolfo Helinski - Escola Agrícola de Jundiaí - EAJ - Macaiba,1,0,0,0,0,0,0.0
9016,Dominando o turbo Pascal 5,"Hergert, Douglas,",Turbo Pascal (Linguagem de programação de computador),Livro,Biblioteca Setorial Prof. Rodolfo Helinski - Escola Agrícola de Jundiaí - EAJ - Macaiba,1,0,0,0,0,0,0.0
9066,Basic aplicado :,"Prates Júnior, Rubens da Silva",BASIC (Linguagem de programação de computador),Livro,Biblioteca Setorial Prof. Rodolfo Helinski - Escola Agrícola de Jundiaí - EAJ - Macaiba,1,0,0,0,0,0,0.0
9550,Treinamento em Linguagem C :,"Mizrahi, Victorine Viviane.",C (Linguagem de programação de computador),Livro,Biblioteca Setorial Prof. Rodolfo Helinski - Escola Agrícola de Jundiaí - EAJ - Macaiba,1,0,0,0,0,0,0.0
9772,Sistemas operacionais :,"Davis, William S.,",Sistema operacional,Livro,Biblioteca Setorial Prof. Rodolfo Helinski - Escola Agrícola de Jundiaí - EAJ - Macaiba,2,0,0,0,0,0,0.0
9855,Comunicação de dados,"Alves, Luiz.",Processamento eletrônico de dados,Livro,Biblioteca Setorial Prof. Rodolfo Helinski - Escola Agrícola de Jundiaí - EAJ - Macaiba,1,0,0,0,0,0,0.0
11007,Desvendando o Hardware do PC,"Rosch, Winn L.",Microcomputadores,Livro,Biblioteca Setorial Prof. Rodolfo Helinski - Escola Agrícola de Jundiaí - EAJ - Macaiba,1,0,0,0,0,0,0.0
12074,Introdução ao TURBO BASIC,"Pimentel, Hercules Gomes.",Turbo BASIC (Linguagem de programação de computador),Livro,Biblioteca Setorial Prof. Rodolfo Helinski - Escola Agrícola de Jundiaí - EAJ - Macaiba,1,0,0,0,0,0,0.0
12329,Protocolos :,"Alves, Luiz.",Rede de computador -,Livro,Biblioteca Setorial Prof. Rodolfo Helinski - Escola Agrícola de Jundiaí - EAJ - Macaiba,1,0,0,0,0,0,0.0
12335,Computação gráfica :,,Computação gráfica,Livro,Biblioteca Setorial Prof. Rodolfo Helinski - Escola Agrícola de Jundiaí - EAJ - Macaiba,1,0,0,0,0,0,0.0
12489,Redes locais de microcomputadores IBM Pc e compatíveis,"Alves, Luiz.",Redes de computadores,Livro,Biblioteca Setorial Prof. Rodolfo Helinski - Escola Agrícola de Jundiaí - EAJ - Macaiba,1,0,0,0,0,0,0.0
12928,Informática para bibliotecas,"Rowley, J. E.,",Bibliotecas -,Livro,Biblioteca Setorial Prof. Rodolfo Helinski - Escola Agrícola de Jundiaí - EAJ - Macaiba,1,0,0,0,0,0,0.0
16593,Informática :,"Meirelles, Fernando de Souza",Informática,Livro,Biblioteca Setorial Prof. Rodolfo Helinski - Escola Agrícola de Jundiaí - EAJ - Macaiba,1,0,0,0,0,0,0.0
17152,Dominando o Delphi 4 :,"Cantu, Marco.",Delphi (Programa de computador),Livro,Biblioteca Setorial Prof. Rodolfo Helinski - Escola Agrícola de Jundiaí - EAJ - Macaiba,1,0,0,0,0,0,0.0
17573,Redes de computadores,"Tanenbaum, Andrew S.,",Redes de computadores,Livro,Biblioteca Setorial Prof. Rodolfo Helinski - Escola Agrícola de Jundiaí - EAJ - Macaiba,2,0,0,0,0,0,0.0
18386,Programação e métodos computacionais,"Pacitti, Tercio,",Programação (Computadores),Livro,Biblioteca Setorial Prof. Rodolfo Helinski - Escola Agrícola de Jundiaí - EAJ - Macaiba,2,0,0,0,0,0,0.0
18389,Programação e métodos computacionais,"Pacitti, Tercio,",Programação (Computadores),Livro,Biblioteca Setorial Prof. Rodolfo Helinski - Escola Agrícola de Jundiaí - EAJ - Macaiba,2,0,0,0,0,0,0.0
18390,Programação e métodos computacionais,"Pacitti, Tercio,",Programação (Computadores),Livro,Biblioteca Setorial Prof. Rodolfo Helinski - Escola Agrícola de Jundiaí - EAJ - Macaiba,1,0,0,0,0,0,0.0
20932,Análise baseada em objetos,"Coad, Peter",Análise de sistemas,Livro,Biblioteca Setorial Prof. Rodolfo Helinski - Escola Agrícola de Jundiaí - EAJ - Macaiba,3,0,0,0,0,0,0.0
22389,Programando para Linux,"Volkerding, Patrick.",Linux (Sistema operacional de computador),Livro,Biblioteca Setorial Prof. Rodolfo Helinski - Escola Agrícola de Jundiaí - EAJ - Macaiba,2,0,0,0,0,0,0.0
24175,Organização estruturada de computadores,"Tanenbaum, Andrew S.,",Arquitetura de computador,Livro,Biblioteca Setorial Prof. Rodolfo Helinski - Escola Agrícola de Jundiaí - EAJ - Macaiba,3,0,0,0,0,0,0.0
24836,Projeto baseado em objetos,"Coad, Peter.",Programação orientada a objetos (Computação),Livro,Biblioteca Setorial Prof. Rodolfo Helinski - Escola Agrícola de Jundiaí - EAJ - Macaiba,3,0,0,0,0,0,0.0
24919,Redes de computadores,"Tanenbaum, Andrew S.,",Redes de computação,Livro,Biblioteca Setorial Prof. Rodolfo Helinski - Escola Agrícola de Jundiaí - EAJ - Macaiba,7,0,0,0,0,0,0.0
25581,Redes de computadores :,"Soares, Luiz Fernando Gomes.",Redes de computadores,Livro,Biblioteca Setorial Prof. Rodolfo Helinski - Escola Agrícola de Jundiaí - EAJ - Macaiba,2,0,0,0,0,0,0.0
25969,Sistema de banco de dados,"Silberschatz, Abraham.",Banco de dados,Livro,Biblioteca Setorial Prof. Rodolfo Helinski - Escola Agrícola de Jundiaí - EAJ - Macaiba,1,0,0,0,0,0,0.0
26582,Algorítmos e estruturas de dados,"Guimarães, Angelo de Moura",Algoritmos,Livro,Biblioteca Setorial Prof. Rodolfo Helinski - Escola Agrícola de Jundiaí - EAJ - Macaiba,1,0,0,0,0,0,0.0
27034,Introdução a ciência da computação,"Guimarães, Angelo de Moura.",Processamento eletrônico de dados,Livro,Biblioteca Setorial Prof. Rodolfo Helinski - Escola Agrícola de Jundiaí - EAJ - Macaiba,1,0,0,0,0,0,0.0
29061,Análise estruturada de sistemas,"Gane, Chris,",Análise de sistemas,Livro,Biblioteca Setorial Prof. Rodolfo Helinski - Escola Agrícola de Jundiaí - EAJ - Macaiba,5,0,0,0,0,0,0.0
30067,Internet para leigos,"Levine, John R.",Internet,Livro,Biblioteca Setorial Prof. Rodolfo Helinski - Escola Agrícola de Jundiaí - EAJ - Macaiba,1,0,0,0,0,0,0.0
32175,"Guia do usuário Microsoft, MS-DOS, 6.22 :",,MS-DOS (Sistema operacional de computador),Livro,Biblioteca Setorial Prof. Rodolfo Helinski - Escola Agrícola de Jundiaí - EAJ - Macaiba,1,0,0,0,0,0,0.0
35020,Linguagem de programação estruturada FORTRAN 77,"Hehl, Maximilian Emil.",FORTRAN (Linguagem de programação de computador),Livro,Biblioteca Setorial Prof. Rodolfo Helinski - Escola Agrícola de Jundiaí - EAJ - Macaiba,1,0,0,0,0,0,0.0
37918,Computer controlled systems :,"Astrom, Karl J.",Controle automático,Livro,Biblioteca Setorial Prof. Rodolfo Helinski - Escola Agrícola de Jundiaí - EAJ - Macaiba,1,0,0,0,0,0,0.0
41463,Desenvolvimento de software básico :,"Beck, Leland L.",Software -,Livro,Biblioteca Setorial Prof. Rodolfo Helinski - Escola Agrícola de Jundiaí - EAJ - Macaiba,1,0,0,0,0,0,0.0
44080,Sistemas de Informação :,"Laudon, Kenneth C.",Internet (Redes de computação),Livro,Biblioteca Setorial Prof. Rodolfo Helinski - Escola Agrícola de Jundiaí - EAJ - Macaiba,1,0,0,0,0,0,0.0
48992,"Fundamentos computacionais, algoritmos e estrutura de dados","Swait, Joffre Dan.",Algoritmos,Livro,Biblioteca Setorial Prof. Rodolfo Helinski - Escola Agrícola de Jundiaí - EAJ - Macaiba,1,0,0,0,0,0,0.0
53069,Segurança e auditoria da tecnologia da informação,"Dias, Claudia.",Auditoria,Livro,Biblioteca Setorial Prof. Rodolfo Helinski - Escola Agrícola de Jundiaí - EAJ - Macaiba,1,0,0,0,0,0,0.0
57007,C Library bibliotecas,"Jamsa, Kris A.,",C (Linguagem de programação de computador),Livro,Biblioteca Setorial Prof. Rodolfo Helinski - Escola Agrícola de Jundiaí - EAJ - Macaiba,1,0,0,0,0,0,0.0
57012,C avançado :,"Schildt, Herbert,",C (Linguagem de programação de computador),Livro,Biblioteca Setorial Prof. Rodolfo Helinski - Escola Agrícola de Jundiaí - EAJ - Macaiba,1,0,0,0,0,0,0.0
57014,TURBO C : guia de referência básica,"Schildt, Herbert,",Turbo C (Linguagem de programação de computador),Livro,Biblioteca Setorial Prof. Rodolfo Helinski - Escola Agrícola de Jundiaí - EAJ - Macaiba,1,0,0,0,0,0,0.0
57109,Minicomputadores :,"Eadie, Donald.",Software -,Livro,Biblioteca Setorial Prof. Rodolfo Helinski - Escola Agrícola de Jundiaí - EAJ - Macaiba,1,0,0,0,0,0,0.0
57116,Ligação micro-mainframe,"Iizuka, Kenji.",Microcomputadores,Livro,Biblioteca Setorial Prof. Rodolfo Helinski - Escola Agrícola de Jundiaí - EAJ - Macaiba,1,0,0,0,0,0,0.0
57166,Projeto lógico e projeto físico de bancos de dados,"Setzer, Valdemar W.",Banco de dados,Livro,Biblioteca Setorial Prof. Rodolfo Helinski - Escola Agrícola de Jundiaí - EAJ - Macaiba,1,0,0,0,0,0,0.0
57176,Computação gráfica :,"Magalhães, Léo Pini.",Computação gráfica,Livro,Biblioteca Setorial Prof. Rodolfo Helinski - Escola Agrícola de Jundiaí - EAJ - Macaiba,1,0,0,0,0,0,0.0
57232,Programação estruturada com estudos de casos em Pascal,"Collins, Willian.",PASCAL (Linguagem de programação de computador),Livro,Biblioteca Setorial Prof. Rodolfo Helinski - Escola Agrícola de Jundiaí - EAJ - Macaiba,2,0,0,0,0,0,0.0
57267,Modelagem e projetos baseados em objetos,,Engenharia de sistemas,Livro,Biblioteca Setorial Prof. Rodolfo Helinski - Escola Agrícola de Jundiaí - EAJ - Macaiba,4,0,0,0,0,0,0.0
57269,Desenvolvimento rápido de sistemas,"Gane, Chris,",Análise de sistemas,Livro,Biblioteca Setorial Prof. Rodolfo Helinski - Escola Agrícola de Jundiaí - EAJ - Macaiba,1,0,0,0,0,0,0.0
57608,Fundamentos da computação gráfica,"Gomes, Jonas.",Computação gráfica,Livro,Biblioteca Setorial Prof. Rodolfo Helinski - Escola Agrícola de Jundiaí - EAJ - Macaiba,1,0,0,0,0,0,0.0
57692,Estruturas de dados usando C,"Tenenbaum, Aaron M.",C (Linguagem de programação de computador),Livro,Biblioteca Setorial Prof. Rodolfo Helinski - Escola Agrícola de Jundiaí - EAJ - Macaiba,1,0,0,0,0,0,0.0
61146,Estruturas de dados e seus algoritmos,"Szwarcfiter, Jayme Luiz.",Estrutura de dados,Livro,Biblioteca Setorial Prof. Rodolfo Helinski - Escola Agrícola de Jundiaí - EAJ - Macaiba,2,0,0,0,0,0,0.0
62161,"Planejamento estratégico, análise de sistemas e projeto de bancos de dados :","Gillenson, Mark L.",Planejamento empresarial -,Livro,Biblioteca Setorial Prof. Rodolfo Helinski - Escola Agrícola de Jundiaí - EAJ - Macaiba,1,0,0,0,0,0,0.0
62410,Sistemas gráficos 3D,"Velho, Luiz.",Computação gráfica,Livro,Biblioteca Setorial Prof. Rodolfo Helinski - Escola Agrícola de Jundiaí - EAJ - Macaiba,1,0,0,0,0,0,0.0
63298,Fortran-monitor :,"Pacitti, Tercio,",Linguagem de programação de computador,Livro,Biblioteca Setorial Prof. Rodolfo Helinski - Escola Agrícola de Jundiaí - EAJ - Macaiba,3,0,0,0,0,0,0.0
63403,Introdução à sistemas de bancos de dados,"Date, C. J.",Bancos de Dados,Livro,Biblioteca Setorial Prof. Rodolfo Helinski - Escola Agrícola de Jundiaí - EAJ - Macaiba,1,0,0,0,0,0,0.0
68217,"Introdução à teoria de autômatos, linguagens e computação","Hopcroft, John E.,",Teoria dos autômatos,Livro,Biblioteca Setorial Prof. Rodolfo Helinski - Escola Agrícola de Jundiaí - EAJ - Macaiba,5,0,0,0,0,0,0.0
68493,Sistemas de informação e as decisões gerenciais na era da internet,"O'Brien, James A.,",Sistemas de informação gerencial,Livro,Biblioteca Setorial Prof. Rodolfo Helinski - Escola Agrícola de Jundiaí - EAJ - Macaiba,2,0,0,0,0,0,0.0
69382,Introdução à computação gráfica,"Persiano, Ronaldo Cesar Marinho.",Computação gráfica,Livro,Biblioteca Setorial Prof. Rodolfo Helinski - Escola Agrícola de Jundiaí - EAJ - Macaiba,1,0,0,0,0,0,0.0
69548,MODEM :,"Held, Gilbert,",Modem,Livro,Biblioteca Setorial Prof. Rodolfo Helinski - Escola Agrícola de Jundiaí - EAJ - Macaiba,1,0,0,0,0,0,0.0
70188,Sistemas operacionais,"Shay, William A.",Sistemas operacionais (Computadores),Livro,Biblioteca Setorial Prof. Rodolfo Helinski - Escola Agrícola de Jundiaí - EAJ - Macaiba,1,0,0,0,0,0,0.0
70324,Um caso mortal,"Condini, Paulo,",Literatura infanto-juvenil,Livro,Biblioteca Setorial Prof. Rodolfo Helinski - Escola Agrícola de Jundiaí - EAJ - Macaiba,1,0,0,0,0,0,0.0
74544,Programação aplicada com Microsoft.Net framework,"Richter, Jeffrey",Linguagem de programação (computador),Livro,Biblioteca Setorial Prof. Rodolfo Helinski - Escola Agrícola de Jundiaí - EAJ - Macaiba,1,0,0,0,0,0,0.0
75783,Desenvolvimento de algoritmos e estruturas de dados,"Terada, Routo.",Estruturas de dados (Computação),Livro,Biblioteca Setorial Prof. Rodolfo Helinski - Escola Agrícola de Jundiaí - EAJ - Macaiba,1,0,0,0,0,0,0.0
76020,Comunicação de dados e sistemas de teleprocessamento,"Silveira, Jorge Luis da.",Rede de computadores,Livro,Biblioteca Setorial Prof. Rodolfo Helinski - Escola Agrícola de Jundiaí - EAJ - Macaiba,1,0,0,0,0,0,0.0
76126,Transmissão de dados em sistemas de computação,"Aghazarm, Bruno,",Sistemas de transmissão de dados,Livro,Biblioteca Setorial Prof. Rodolfo Helinski - Escola Agrícola de Jundiaí - EAJ - Macaiba,1,0,0,0,0,0,0.0
76264,Amplificadores operacionais :,"Gruiter, Arthur François de.",Amplificadores operacionais,Livro,Biblioteca Setorial Prof. Rodolfo Helinski - Escola Agrícola de Jundiaí - EAJ - Macaiba,1,0,0,0,0,0,0.0
81687,Algoritmos estruturados,,Programação estruturada,Livro,Biblioteca Setorial Prof. Rodolfo Helinski - Escola Agrícola de Jundiaí - EAJ - Macaiba,2,0,0,0,0,0,0.0
85347,Software orientado ao objeto,"Winblad, Ann L.",Software,Livro,Biblioteca Setorial Prof. Rodolfo Helinski - Escola Agrícola de Jundiaí - EAJ - Macaiba,1,0,0,0,0,0,0.0
85434,C completo e total,"Schildt, Herbert,",C (Linguagem de programação de computador),Livro,Biblioteca Setorial Prof. Rodolfo Helinski - Escola Agrícola de Jundiaí - EAJ - Macaiba,2,0,0,0,0,0,0.0
86635,A linguagem de programação C++,"Stroustrup, Bjarne.",C++ (Linguagem de programação de computador),Livro,Biblioteca Setorial Prof. Rodolfo Helinski - Escola Agrícola de Jundiaí - EAJ - Macaiba,1,0,0,0,0,0,0.0
86698,Windows 98,"Rathbone, Andy.",Windows 98 (Sistema operacional de computador),Livro,Biblioteca Setorial Prof. Rodolfo Helinski - Escola Agrícola de Jundiaí - EAJ - Macaiba,3,0,0,0,0,0,0.0
86754,Microsoft windows 95 :,,Windows 95 (Sistema operacional de computador),Livro,Biblioteca Setorial Prof. Rodolfo Helinski - Escola Agrícola de Jundiaí - EAJ - Macaiba,1,0,0,0,0,0,0.0
87895,PHP e MySQL :,"Welling, Luke,",Linguagens de programação (Computadores),Livro,Biblioteca Setorial Prof. Rodolfo Helinski - Escola Agrícola de Jundiaí - EAJ - Macaiba,5,0,0,0,0,0,0.0
87903,"Microsoft,Windows XP profissional :","Stanek, William R.",Windows XP (Sistema operacional de computador),Livro,Biblioteca Setorial Prof. Rodolfo Helinski - Escola Agrícola de Jundiaí - EAJ - Macaiba,1,0,0,0,0,0,0.0
88287,Distributed systems :,"Coulouris, George,",Sistemas operacionais distribuídos (Computadores),Livro,Biblioteca Setorial Prof. Rodolfo Helinski - Escola Agrícola de Jundiaí - EAJ - Macaiba,1,0,0,0,0,0,0.0
89828,Meios eletrônicos e educação :,"Setzer, Valdemar W.",Educação -,Livro,Biblioteca Setorial Prof. Rodolfo Helinski - Escola Agrícola de Jundiaí - EAJ - Macaiba,1,0,0,0,0,0,0.0
90019,Guia de consulta rápida PHP 5,"Niederauer, Juliano,",Linguagem de programação (Computadores),Livro,Biblioteca Setorial Prof. Rodolfo Helinski - Escola Agrícola de Jundiaí - EAJ - Macaiba,5,0,0,0,0,0,0.0
90033,Microsoft office excel 2003 :,"Frye, Curtis,",Excel (Programa de computador),Livro,Biblioteca Setorial Prof. Rodolfo Helinski - Escola Agrícola de Jundiaí - EAJ - Macaiba,1,0,0,0,0,0,0.0
90666,Microprocessadores :,"Osborne, Adam,",Microprocessadores,Livro,Biblioteca Setorial Prof. Rodolfo Helinski - Escola Agrícola de Jundiaí - EAJ - Macaiba,1,0,0,0,0,0,0.0
91291,Desenvolvendo websites com PHP :,"Niederauer, Juliano,",PHP (Linguagem de programação de computador),Livro,Biblioteca Setorial Prof. Rodolfo Helinski - Escola Agrícola de Jundiaí - EAJ - Macaiba,9,0,0,0,0,0,0.0
91338,Teleprocessamento:,"Lizuka, Kenji",Rede de computador,Livro,Biblioteca Setorial Prof. Rodolfo Helinski - Escola Agrícola de Jundiaí - EAJ - Macaiba,1,0,0,0,0,0,0.0
91786,Core Java 2,"Horstmann, Cay S.,",Java (Linguagem de programação de computador),Livro,Biblioteca Setorial Prof. Rodolfo Helinski - Escola Agrícola de Jundiaí - EAJ - Macaiba,1,0,0,0,0,0,0.0
96871,Arquiteturas de redes de computadores OSI e TCP/IP,,Arquitetura de rede de computador,Livro,Biblioteca Setorial Prof. Rodolfo Helinski - Escola Agrícola de Jundiaí - EAJ - Macaiba,1,0,0,0,0,0,0.0
98042,Banco de dados :,Universidade Federal do Rio Grande do Norte.,Universidade Federal do Rio Grande do Norte -,Livro,Biblioteca Setorial Prof. Rodolfo Helinski - Escola Agrícola de Jundiaí - EAJ - Macaiba,5,0,0,0,0,0,0.0
101153,Informática na educação :,"Carneiro, Raquel Gianolla Miranda.",Educação,Livro,Biblioteca Setorial Prof. Rodolfo Helinski - Escola Agrícola de Jundiaí - EAJ - Macaiba,8,0,0,0,0,0,0.0
103676,Turing e o computador em 90 minutos,"Strathern, Paul,","Turing, Alan Mathison,",Livro,Biblioteca Setorial Prof. Rodolfo Helinski - Escola Agrícola de Jundiaí - EAJ - Macaiba,1,0,0,0,0,0,0.0
105729,Lógica de programação :,"Forbellone, Andre Luiz Villar.",Programação (Computadores),Livro,Biblioteca Setorial Prof. Rodolfo Helinski - Escola Agrícola de Jundiaí - EAJ - Macaiba,1,0,0,0,0,0,0.0
107992,Adobe photoshop 4.0/5.0 :,"Santos Júnior, Mozart Jesus Fialho dos.",Adobe Photoshop (Programa de computador),Livro,Biblioteca Setorial Prof. Rodolfo Helinski - Escola Agrícola de Jundiaí - EAJ - Macaiba,1,0,0,0,0,0,0.0
111457,"Análise, projeto e programação orientados a objetos :","Oliveira, Adelize Generini de.",Computação,Livro,Biblioteca Setorial Prof. Rodolfo Helinski - Escola Agrícola de Jundiaí - EAJ - Macaiba,1,0,0,0,0,0,0.0
111985,Pascal estruturado,,PASCAL (Linguagem de programação de computador),Livro,Biblioteca Setorial Prof. Rodolfo Helinski - Escola Agrícola de Jundiaí - EAJ - Macaiba,6,0,0,0,0,0,0.0
113039,Introdução aos fundamentos da computação :,"Vieira, Newton Jose.",Processamento de linguagem natural (Computação),Livro,Biblioteca Setorial Prof. Rodolfo Helinski - Escola Agrícola de Jundiaí - EAJ - Macaiba,10,0,0,0,0,0,0.0
115911,Arquitetura de sistemas com XML:,"Daum, Berthold.",XML (Linguagem de marcação de documento),Livro,Biblioteca Setorial Prof. Rodolfo Helinski - Escola Agrícola de Jundiaí - EAJ - Macaiba,2,0,0,0,0,0,0.0
117937,A inovação tecnológica e as dinâmicas locais :,"Ferreira, Laércio de Matos.",Programas de computador -,Livro,Biblioteca Setorial Prof. Rodolfo Helinski - Escola Agrícola de Jundiaí - EAJ - Macaiba,2,0,0,0,0,0,0.0
120793,Reparo e manutenção de monitores,"Braga, Newton C.",Monitores de vídeo -,Livro,Biblioteca Setorial Prof. Rodolfo Helinski - Escola Agrícola de Jundiaí - EAJ - Macaiba,4,0,0,0,0,0,0.0
121543,Animação em 3ds Max 6,"Fox, Barrett.",Computação gráfica,Livro,Biblioteca Setorial Prof. Rodolfo Helinski - Escola Agrícola de Jundiaí - EAJ - Macaiba,1,0,0,0,0,0,0.0
121625,3ds max 7:,"Silva, João Carlos da,",Computação gráfica,Livro,Biblioteca Setorial Prof. Rodolfo Helinski - Escola Agrícola de Jundiaí - EAJ - Macaiba,1,0,0,0,0,0,0.0
123395,UML :,"Booch, Grady.",UML (Linguagem de modelagem padrão),Livro,Biblioteca Setorial Prof. Rodolfo Helinski - Escola Agrícola de Jundiaí - EAJ - Macaiba,1,0,0,0,0,0,0.0
126496,Granular computing :,"Bargiela, A.",Computação granulada,Livro,Biblioteca Setorial Prof. Rodolfo Helinski - Escola Agrícola de Jundiaí - EAJ - Macaiba,1,0,0,0,0,0,0.0
126699,O livro oficial do Ubuntu,,Linux (Programa de computador),Livro,Biblioteca Setorial Prof. Rodolfo Helinski - Escola Agrícola de Jundiaí - EAJ - Macaiba,1,0,0,0,0,0,0.0
127506,Organização estruturada de computadores,"Tanenbaum, Andrew S.,",Arquitetura de computador,Livro,Biblioteca Setorial Prof. Rodolfo Helinski - Escola Agrícola de Jundiaí - EAJ - Macaiba,2,0,0,0,0,0,0.0
128342,Sistemas digitais :,"Tocci, Ronald J.",Eletrônica digital,Livro,Biblioteca Setorial Prof. Rodolfo Helinski - Escola Agrícola de Jundiaí - EAJ - Macaiba,1,0,0,0,0,0,0.0
128493,Ambientes virtuais de aprendizagem,,Ensino auxiliado por computador,Livro,Biblioteca Setorial Prof. Rodolfo Helinski - Escola Agrícola de Jundiaí - EAJ - Macaiba,10,0,0,0,0,0,0.0
128596,Sistema de banco de dados,"Korth, Henry F.",Banco de dados,Livro,Biblioteca Setorial Prof. Rodolfo Helinski - Escola Agrícola de Jundiaí - EAJ - Macaiba,1,0,0,0,0,0,0.0
128761,Cartilha de segurança para Internet :,,Computadores -,Livro,Biblioteca Setorial Prof. Rodolfo Helinski - Escola Agrícola de Jundiaí - EAJ - Macaiba,2,0,0,0,0,0,0.0
128989,Delphi 4 total :,"Longo, Mauricio B.",Delphi (Linguagem de programa de computador),Livro,Biblioteca Setorial Prof. Rodolfo Helinski - Escola Agrícola de Jundiaí - EAJ - Macaiba,1,0,0,0,0,0,0.0
129865,Microsoft word 97 :,"Borland, Russell,",Word for windows (Linguagem de programação de computador) -,Livro,Biblioteca Setorial Prof. Rodolfo Helinski - Escola Agrícola de Jundiaí - EAJ - Macaiba,3,0,0,0,0,0,0.0
129867,Microsoft Access 97 :,"Viescas, John,",Access (Programa de computador),Livro,Biblioteca Setorial Prof. Rodolfo Helinski - Escola Agrícola de Jundiaí - EAJ - Macaiba,3,0,0,0,0,0,0.0
129871,Microsoft Windows NT Server 4.0 :,,Windows NT (Sistema operacional de computador),Livro,Biblioteca Setorial Prof. Rodolfo Helinski - Escola Agrícola de Jundiaí - EAJ - Macaiba,2,0,0,0,0,0,0.0
129873,CorelDRAW 8 :,"Alves, William Pereira.",CorelDRAW (Programa de computador),Livro,Biblioteca Setorial Prof. Rodolfo Helinski - Escola Agrícola de Jundiaí - EAJ - Macaiba,3,0,0,0,0,0,0.0
129874,O ABC da intranet,"Dyson, Peter.",Intranet (Redes de computação),Livro,Biblioteca Setorial Prof. Rodolfo Helinski - Escola Agrícola de Jundiaí - EAJ - Macaiba,3,0,0,0,0,0,0.0
129889,Microsoft Windows 98 :,"Bentes, Amaury",Windows 98 (Sistema operacional de computador),Livro,Biblioteca Setorial Prof. Rodolfo Helinski - Escola Agrícola de Jundiaí - EAJ - Macaiba,1,0,0,0,0,0,0.0
129913,Delphi 4 para clippeiros,"Oliveira, Dejaime",Delphi 4 (Programa de computador),Livro,Biblioteca Setorial Prof. Rodolfo Helinski - Escola Agrícola de Jundiaí - EAJ - Macaiba,2,0,0,0,0,0,0.0
129915,Aprenda em 21 dias Delphi 4,"Reisdorph, Kent.",Delphi (Programa de computador),Livro,Biblioteca Setorial Prof. Rodolfo Helinski - Escola Agrícola de Jundiaí - EAJ - Macaiba,1,0,0,0,0,0,0.0
129918,Dominando páginas Web com o Microsoft Office 97,"Young, Michael J.",Programação para internet,Livro,Biblioteca Setorial Prof. Rodolfo Helinski - Escola Agrícola de Jundiaí - EAJ - Macaiba,3,0,0,0,0,0,0.0
129920,Hardware :,"Torres, Gabriel.",Hardware,Livro,Biblioteca Setorial Prof. Rodolfo Helinski - Escola Agrícola de Jundiaí - EAJ - Macaiba,3,0,0,0,0,0,0.0
129926,Arquitetura de sistemas operacionais,"Machado, Francis B.",Sistemas operacionais - (Computadores),Livro,Biblioteca Setorial Prof. Rodolfo Helinski - Escola Agrícola de Jundiaí - EAJ - Macaiba,1,0,0,0,0,0,0.0
129929,Aprenda em 24 horas Windows 98,"Perry, Greg M.",Windows 98 (Sistema operacional de computador),Livro,Biblioteca Setorial Prof. Rodolfo Helinski - Escola Agrícola de Jundiaí - EAJ - Macaiba,3,0,0,0,0,0,0.0
129933,Projeto e desenvolvimento de sistemas,"Silva, Nelson Peres da.",Projeto de sistemas,Livro,Biblioteca Setorial Prof. Rodolfo Helinski - Escola Agrícola de Jundiaí - EAJ - Macaiba,1,0,0,0,0,0,0.0
130025,Redes de computadores :,"Torres, Gabriel.",Redes de computação,Livro,Biblioteca Setorial Prof. Rodolfo Helinski - Escola Agrícola de Jundiaí - EAJ - Macaiba,1,0,0,0,0,0,0.0
130033,Redes de computadores,"Tanenbaum, Andrew S.,",Redes de computadores,Livro,Biblioteca Setorial Prof. Rodolfo Helinski - Escola Agrícola de Jundiaí - EAJ - Macaiba,1,0,0,0,0,0,0.0
130129,Algoritmos estruturados,,Programação estruturada,Livro,Biblioteca Setorial Prof. Rodolfo Helinski - Escola Agrícola de Jundiaí - EAJ - Macaiba,1,0,0,0,0,0,0.0
130136,Algoritmos :,"Manzano, Jose Augusto N. G.",Programação (Computadores),Livro,Biblioteca Setorial Prof. Rodolfo Helinski - Escola Agrícola de Jundiaí - EAJ - Macaiba,3,0,0,0,0,0,0.0
132715,JavaServer pages :,"Shachor, Gal.",Java (Liguagem de programação de computador),Livro,Biblioteca Setorial Prof. Rodolfo Helinski - Escola Agrícola de Jundiaí - EAJ - Macaiba,3,0,0,0,0,0,0.0
133330,Computer networks :,"Peterson, Larry L.",Redes de computação,Livro,Biblioteca Setorial Prof. Rodolfo Helinski - Escola Agrícola de Jundiaí - EAJ - Macaiba,1,0,0,0,0,0,0.0
134049,Teoria e problemas de rede de computadores,"Tittel, Ed,",Redes de computadores,Livro,Biblioteca Setorial Prof. Rodolfo Helinski - Escola Agrícola de Jundiaí - EAJ - Macaiba,1,0,0,0,0,0,0.0
134091,Teoria e problemas de arquitetura de computadores,"Carter, Nicholas,",Arquitetura de computador,Livro,Biblioteca Setorial Prof. Rodolfo Helinski - Escola Agrícola de Jundiaí - EAJ - Macaiba,1,0,0,0,0,0,0.0
134592,Joomla! :,"North, Barrie M.",Sites da Web -,Livro,Biblioteca Setorial Prof. Rodolfo Helinski - Escola Agrícola de Jundiaí - EAJ - Macaiba,2,0,0,0,0,0,0.0
134881,Programa brasileiro da qualidade e produtividade em software,Brasil.,Software -,Livro,Biblioteca Setorial Prof. Rodolfo Helinski - Escola Agrícola de Jundiaí - EAJ - Macaiba,1,0,0,0,0,0,0.0
144551,Lógica de programação :,"Forbellone, Andre Luiz Villar.",Programação (Computadores),Livro,Biblioteca Setorial Prof. Rodolfo Helinski - Escola Agrícola de Jundiaí - EAJ - Macaiba,1,0,0,0,0,0,0.0
149978,Sistema de banco de dados,"Silberschatz, Abraham.",Ciência da Computação,Livro,Biblioteca Setorial Prof. Rodolfo Helinski - Escola Agrícola de Jundiaí - EAJ - Macaiba,1,0,0,0,0,0,0.0
152033,Use a cabeça! :,"Freeman, Eric,",Java (Linguagem de programação de computador),Livro,Biblioteca Setorial Prof. Rodolfo Helinski - Escola Agrícola de Jundiaí - EAJ - Macaiba,1,0,0,0,0,0,0.0
153088,Coreldraw graphics suite X4,,Computação gráfica,Livro,Biblioteca Setorial Prof. Rodolfo Helinski - Escola Agrícola de Jundiaí - EAJ - Macaiba,1,0,0,0,0,0,0.0
153463,Introdução à programação :,"Lopes, Anita.",Informática,Livro,Biblioteca Setorial Prof. Rodolfo Helinski - Escola Agrícola de Jundiaí - EAJ - Macaiba,1,0,0,0,0,0,0.0
153469,Informática na educação :,"Tajra, Sanmya Feitosa.",Educação -,Livro,Biblioteca Setorial Prof. Rodolfo Helinski - Escola Agrícola de Jundiaí - EAJ - Macaiba,10,0,0,0,0,0,0.0
156218,Microsoft word 6 for windows passo a passo. -,,Microsoft word -,Livro,Biblioteca Setorial Prof. Rodolfo Helinski - Escola Agrícola de Jundiaí - EAJ - Macaiba,1,0,0,0,0,0,0.0
161810,Computer security :,"Stallings, William,",Computadores -,Livro,Biblioteca Setorial Prof. Rodolfo Helinski - Escola Agrícola de Jundiaí - EAJ - Macaiba,2,0,0,0,0,0,0.0
161813,Engenharia de Software,"Sommerville, Ian.",Engenharia de software,Livro,Biblioteca Setorial Prof. Rodolfo Helinski - Escola Agrícola de Jundiaí - EAJ - Macaiba,1,0,0,0,0,0,0.0
162490,Engenharia de software,"Sommerville, Ian.",Engenharia de software,Livro,Biblioteca Setorial Prof. Rodolfo Helinski - Escola Agrícola de Jundiaí - EAJ - Macaiba,1,0,0,0,0,0,0.0
162581,TCP/IP :,,TCP/IP(Protocolo de rede de computação),Livro,Biblioteca Setorial Prof. Rodolfo Helinski - Escola Agrícola de Jundiaí - EAJ - Macaiba,1,0,0,0,0,0,0.0
163568,Datacenter :,"Sousa Neto, Manoel Veras de.",Tecnologia da informação -,Livro,Biblioteca Setorial Prof. Rodolfo Helinski - Escola Agrícola de Jundiaí - EAJ - Macaiba,1,0,0,0,0,0,0.0
164455,HTML 4,"Tittel, Ed.",HTML (Linguagem de marcação de documento),Livro,Biblioteca Setorial Prof. Rodolfo Helinski - Escola Agrícola de Jundiaí - EAJ - Macaiba,1,0,0,0,0,0,0.0
164492,CLIPPER sistema tools :,"Ramos, Álvaro Luiz Arouche Carneiro.",Clipper (Programa de computador),Livro,Biblioteca Setorial Prof. Rodolfo Helinski - Escola Agrícola de Jundiaí - EAJ - Macaiba,1,0,0,0,0,0,0.0
165298,Criptografia e segurança de redes :,"Stallings, William,",Criptografia,Livro,Biblioteca Setorial Prof. Rodolfo Helinski - Escola Agrícola de Jundiaí - EAJ - Macaiba,1,0,0,0,0,0,0.0
165544,Qualidade de software:,,Software -,Livro,Biblioteca Setorial Prof. Rodolfo Helinski - Escola Agrícola de Jundiaí - EAJ - Macaiba,1,0,0,0,0,0,0.0
166216,Estruturas de dados e algoritmos em Java,"Goodrich, Michael T.,",Java (Linguagem de programação de computador),Livro,Biblioteca Setorial Prof. Rodolfo Helinski - Escola Agrícola de Jundiaí - EAJ - Macaiba,5,0,0,0,0,0,0.0
166272,Análise da paisagem com SIG,"Lang, Stefan,",Sistemas de Informação Geográfica,Livro,Biblioteca Setorial Prof. Rodolfo Helinski - Escola Agrícola de Jundiaí - EAJ - Macaiba,9,0,0,0,0,0,0.0
166814,Utilizando UML e padrões :,"Larman, Craig.",UML (Linguagem de modelagem padrão),Livro,Biblioteca Setorial Prof. Rodolfo Helinski - Escola Agrícola de Jundiaí - EAJ - Macaiba,8,0,0,0,0,0,0.0
166877,Macromedia Dreamweaver MX aplicações dinâmicos :,"Bardzell, Jeffrey.",Programa (Computador),Livro,Biblioteca Setorial Prof. Rodolfo Helinski - Escola Agrícola de Jundiaí - EAJ - Macaiba,2,0,0,0,0,0,0.0
166878,Design para a Internet :,"Memória, Felipe.",Sites da Web,Livro,Biblioteca Setorial Prof. Rodolfo Helinski - Escola Agrícola de Jundiaí - EAJ - Macaiba,2,0,0,0,0,0,0.0
167047,Sistemas de banco de dados,"Elmasri, Ramez.",Banco de dados,Livro,Biblioteca Setorial Prof. Rodolfo Helinski - Escola Agrícola de Jundiaí - EAJ - Macaiba,6,0,0,0,0,0,0.0
168566,Desvendando o microsoft access 2.0 :,,Access (Programa de computador),Livro,Biblioteca Setorial Prof. Rodolfo Helinski - Escola Agrícola de Jundiaí - EAJ - Macaiba,1,0,0,0,0,0,0.0
168844,Estudo dirigido de informática básica,"Manzano, André Luiz N. G.",Informática,Livro,Biblioteca Setorial Prof. Rodolfo Helinski - Escola Agrícola de Jundiaí - EAJ - Macaiba,15,0,0,0,0,0,0.0
169164,Interligação em rede com TCP/IP,"Comer, Douglas.",TCP/IP (Protocolos de redes de computadores),Livro,Biblioteca Setorial Prof. Rodolfo Helinski - Escola Agrícola de Jundiaí - EAJ - Macaiba,5,0,0,0,0,0,0.0
169438,Aprenda em 1 semana programação CGI com perl 5,"Herrmann, Eric.",Internet (Rede de compução),Livro,Biblioteca Setorial Prof. Rodolfo Helinski - Escola Agrícola de Jundiaí - EAJ - Macaiba,1,0,0,0,0,0,0.0
169931,Sistemas operacionais modernos,"Tanenbaum, Andrew S.,",Sistema operacional,Livro,Biblioteca Setorial Prof. Rodolfo Helinski - Escola Agrícola de Jundiaí - EAJ - Macaiba,1,0,0,0,0,0,0.0
170023,Sistemas profissionais Delphi 4 :,"Shiraishi, Kazuhiro,",Delphi (Programa de computador),Livro,Biblioteca Setorial Prof. Rodolfo Helinski - Escola Agrícola de Jundiaí - EAJ - Macaiba,1,0,0,0,0,0,0.0
170026,Windows 95 para leigos,"Rathbone, Andy.",Programa de computador -,Livro,Biblioteca Setorial Prof. Rodolfo Helinski - Escola Agrícola de Jundiaí - EAJ - Macaiba,2,0,0,0,0,0,0.0
171361,Neural networks and learning machines,"Haykin, Simon.",Redes neurais (Computação),Livro,Biblioteca Setorial Prof. Rodolfo Helinski - Escola Agrícola de Jundiaí - EAJ - Macaiba,3,0,0,0,0,0,0.0
172241,Windows 98,"Manosso, Igor Radamés",Windows (Programa de computador),Livro,Biblioteca Setorial Prof. Rodolfo Helinski - Escola Agrícola de Jundiaí - EAJ - Macaiba,1,0,0,0,0,0,0.0
173436,"CADD, projeto e desenho auxiliados por computador :","Voisinet, Donald D.,",Computação gráfica,Livro,Biblioteca Setorial Prof. Rodolfo Helinski - Escola Agrícola de Jundiaí - EAJ - Macaiba,1,0,0,0,0,0,0.0
174358,P.L.T. :,,Processamento eletrônico de dados,Livro,Biblioteca Setorial Prof. Rodolfo Helinski - Escola Agrícola de Jundiaí - EAJ - Macaiba,1,0,0,0,0,0,0.0
174604,Word perfect :,"O'Hara, Shelley.",Programa de computador,Livro,Biblioteca Setorial Prof. Rodolfo Helinski - Escola Agrícola de Jundiaí - EAJ - Macaiba,1,0,0,0,0,0,0.0
174607,Developing intelligent agents for distributed systems :,"Knapik, Michael.",Programas de computador,Livro,Biblioteca Setorial Prof. Rodolfo Helinski - Escola Agrícola de Jundiaí - EAJ - Macaiba,1,0,0,0,0,0,0.0
174610,Managing Internet information services,,Internet,Livro,Biblioteca Setorial Prof. Rodolfo Helinski - Escola Agrícola de Jundiaí - EAJ - Macaiba,1,0,0,0,0,0,0.0
174611,Inside the windows 95 registry,"Petrusha, Ron",Programa de computador,Livro,Biblioteca Setorial Prof. Rodolfo Helinski - Escola Agrícola de Jundiaí - EAJ - Macaiba,1,0,0,0,0,0,0.0
174742,Manual de administração do sistema unix,,Linguagem de programação,Livro,Biblioteca Setorial Prof. Rodolfo Helinski - Escola Agrícola de Jundiaí - EAJ - Macaiba,1,0,0,0,0,0,0.0
176078,Cloud computing :,"Velte, Anthony T.",Computação em nuvem,Livro,Biblioteca Setorial Prof. Rodolfo Helinski - Escola Agrícola de Jundiaí - EAJ - Macaiba,1,0,0,0,0,0,0.0
176595,Shell script profissional,"Jargas, Aurélio Marinho,",Shell script (Linguagem de programação de computador),Livro,Biblioteca Setorial Prof. Rodolfo Helinski - Escola Agrícola de Jundiaí - EAJ - Macaiba,1,0,0,0,0,0,0.0
176887,Data mining with R :,"Torgo, Luis.",Mineração de dados (Computação),Livro,Biblioteca Setorial Prof. Rodolfo Helinski - Escola Agrícola de Jundiaí - EAJ - Macaiba,2,0,0,0,0,0,0.0
177101,An introduction to multiagent systems,"Wooldridge, Michael.",Agentes inteligentes (Software de computador),Livro,Biblioteca Setorial Prof. Rodolfo Helinski - Escola Agrícola de Jundiaí - EAJ - Macaiba,2,0,0,0,0,0,0.0
177289,Modern cryptanalysis :,"Swenson, Christopher,",Criptografia,Livro,Biblioteca Setorial Prof. Rodolfo Helinski - Escola Agrícola de Jundiaí - EAJ - Macaiba,2,0,0,0,0,0,0.0
177609,Estudo dirigido de Delphi 7,"Manzano, Jose Augusto N. G.",Delphi (Programa de computador),Livro,Biblioteca Setorial Prof. Rodolfo Helinski - Escola Agrícola de Jundiaí - EAJ - Macaiba,2,0,0,0,0,0,0.0
177652,Redes neurais artificiais  :,"Silva, Ivan Nunes da.",Inteligência artificial,Livro,Biblioteca Setorial Prof. Rodolfo Helinski - Escola Agrícola de Jundiaí - EAJ - Macaiba,5,0,0,0,0,0,0.0
177988,Treinamento profissional em Java :,"Somera, Guilherme.",Java (Linguagem de programação de computador),Livro,Biblioteca Setorial Prof. Rodolfo Helinski - Escola Agrícola de Jundiaí - EAJ - Macaiba,1,0,0,0,0,0,0.0
179989,Aprenda a usar o computador e a Internet através de imagens. -,,Computadores,Livro,Biblioteca Setorial Prof. Rodolfo Helinski - Escola Agrícola de Jundiaí - EAJ - Macaiba,1,0,0,0,0,0,0.0
180222,Linguagens de programação :,"Silva, José Carlos Gomes da.",Linguagem de programação (Computadores),Livro,Biblioteca Setorial Prof. Rodolfo Helinski - Escola Agrícola de Jundiaí - EAJ - Macaiba,1,0,0,0,0,0,0.0
182218,CorelDRAW X3 :,"Pereira, Elbis França.",CorelDRAW (Programa de computador),Livro,Biblioteca Setorial Prof. Rodolfo Helinski - Escola Agrícola de Jundiaí - EAJ - Macaiba,1,0,0,0,0,0,0.0
182779,Prática de projeto em AutoCad :,"Pereira, Jailson dos Santos",Informática,Livro,Biblioteca Setorial Prof. Rodolfo Helinski - Escola Agrícola de Jundiaí - EAJ - Macaiba,6,0,0,0,0,0,0.0
188272,Relatório anual 2009. -,,Visão computacional,Livro,Biblioteca Setorial Prof. Rodolfo Helinski - Escola Agrícola de Jundiaí - EAJ - Macaiba,1,0,0,0,0,0,0.0
188947,Use a cabeça SQL,"Beighley, Lynn",SQL (Linguagem de programação de computador),Livro,Biblioteca Setorial Prof. Rodolfo Helinski - Escola Agrícola de Jundiaí - EAJ - Macaiba,6,0,0,0,0,0,0.0
188948,Redes Linux :,"Schroder, Carla",Linux (Sistema operacional de computador),Livro,Biblioteca Setorial Prof. Rodolfo Helinski - Escola Agrícola de Jundiaí - EAJ - Macaiba,10,0,0,0,0,0,0.0
188952,Use a cabeça! :,"Anderson, Al.",Redes de computadores,Livro,Biblioteca Setorial Prof. Rodolfo Helinski - Escola Agrícola de Jundiaí - EAJ - Macaiba,5,0,0,0,0,0,0.0
191205,Algoritmos e estruturas de dados,"Wirth, Niklaus,",Estrutura de dados (Computação),Livro,Biblioteca Setorial Prof. Rodolfo Helinski - Escola Agrícola de Jundiaí - EAJ - Macaiba,1,0,0,0,0,0,0.0
202182,Guia de consulta rápida javascript,"Damiani, Edgard B.",Java,Livro,Biblioteca Setorial Prof. Rodolfo Helinski - Escola Agrícola de Jundiaí - EAJ - Macaiba,2,0,0,0,0,0,0.0
202790,Cloud computing :,"Sousa Neto, Manoel Veras de.",Computação em nuvem (Cloud computing),Livro,Biblioteca Setorial Prof. Rodolfo Helinski - Escola Agrícola de Jundiaí - EAJ - Macaiba,2,0,0,0,0,0,0.0
204856,Software SELEGEN - REML-BLUP,"Resende, Marcos Deon Vilela de.",Programas de computador,Livro,Biblioteca Setorial Prof. Rodolfo Helinski - Escola Agrícola de Jundiaí - EAJ - Macaiba,2,0,0,0,0,0,0.0
207003,Introdução a sistemas de bancos de dados,"Date, C. J.,",Bancos de dados,Livro,Biblioteca Setorial Prof. Rodolfo Helinski - Escola Agrícola de Jundiaí - EAJ - Macaiba,1,0,0,0,0,0,0.0
207007,Introdução a computação gráfica,"Persiano, Ronaldo César Marinho.",Computação gráfica,Livro,Biblioteca Setorial Prof. Rodolfo Helinski - Escola Agrícola de Jundiaí - EAJ - Macaiba,1,0,0,0,0,0,0.0
207123,"Programação Assembler para microprocessadores 68000, 68010, 68020","Shimizu, Tamio,",Assembler (Linguagem de programação de computador),Livro,Biblioteca Setorial Prof. Rodolfo Helinski - Escola Agrícola de Jundiaí - EAJ - Macaiba,1,0,0,0,0,0,0.0
207127,Programação em lógica e a linguagem PROLOG,"Casanova, Marco Antonio.",Programação (Computadores),Livro,Biblioteca Setorial Prof. Rodolfo Helinski - Escola Agrícola de Jundiaí - EAJ - Macaiba,1,0,0,0,0,0,0.0
207136,250 segredos para web designers,"Holzschlag, Molly E.",Computação gráfica,Livro,Biblioteca Setorial Prof. Rodolfo Helinski - Escola Agrícola de Jundiaí - EAJ - Macaiba,1,0,0,0,0,0,0.0
207138,Banco de dados orientado a objeto,"Khoshafian, Setrag,",Banco de dados orientado a objetos,Livro,Biblioteca Setorial Prof. Rodolfo Helinski - Escola Agrícola de Jundiaí - EAJ - Macaiba,1,0,0,0,0,0,0.0
207142,Microsoft Visual Basic 2005 :,"Halvorson, Michael",Visual Basic (Programa de computador),Livro,Biblioteca Setorial Prof. Rodolfo Helinski - Escola Agrícola de Jundiaí - EAJ - Macaiba,1,0,0,0,0,0,0.0
207167,Arquitetura de nuvem :,"Sousa Neto, Manoel Veras de.",Arquitetura de nuvem,Livro,Biblioteca Setorial Prof. Rodolfo Helinski - Escola Agrícola de Jundiaí - EAJ - Macaiba,1,0,0,0,0,0,0.0
207216,Borland C++ 4.0 :,"Potts, Stephen",Borland C++ (Linguagem de programação),Livro,Biblioteca Setorial Prof. Rodolfo Helinski - Escola Agrícola de Jundiaí - EAJ - Macaiba,1,0,0,0,0,0,0.0
207594,Informática e educação matemática,"Borba, Marcelo de Carvalho",Educação matemática,Livro,Biblioteca Setorial Prof. Rodolfo Helinski - Escola Agrícola de Jundiaí - EAJ - Macaiba,11,0,0,0,0,0,0.0
207911,Curso essencial de linux,"Farias, Paulo César Bento",Linux (Sistema Operacional de Computador),Livro,Biblioteca Setorial Prof. Rodolfo Helinski - Escola Agrícola de Jundiaí - EAJ - Macaiba,1,0,0,0,0,0,0.0
207914,Pascal,"Barbosa, Lisbete Madsen.",Programação (Computadores),Livro,Biblioteca Setorial Prof. Rodolfo Helinski - Escola Agrícola de Jundiaí - EAJ - Macaiba,1,0,0,0,0,0,0.0
207917,Interactive computer graphics :,"Burger, Peter,",Computação gráfica,Livro,Biblioteca Setorial Prof. Rodolfo Helinski - Escola Agrícola de Jundiaí - EAJ - Macaiba,1,0,0,0,0,0,0.0
207922,Delphi 4 :,,Delphi -,Livro,Biblioteca Setorial Prof. Rodolfo Helinski - Escola Agrícola de Jundiaí - EAJ - Macaiba,1,0,0,0,0,0,0.0
208128,Open GL programming guide :,,Computação gráfica,Livro,Biblioteca Setorial Prof. Rodolfo Helinski - Escola Agrícola de Jundiaí - EAJ - Macaiba,1,0,0,0,0,0,0.0
208133,Mathematica :,"Wolfram, Stephen,",Matemática (Programa de computador),Livro,Biblioteca Setorial Prof. Rodolfo Helinski - Escola Agrícola de Jundiaí - EAJ - Macaiba,1,0,0,0,0,0,0.0
208362,"Desenvolvimento ágil em java com spring , hibernate e eclipse","Hemrajani, Anil.",Java -,Livro,Biblioteca Setorial Prof. Rodolfo Helinski - Escola Agrícola de Jundiaí - EAJ - Macaiba,2,0,0,0,0,0,0.0
210602,Construção de sites,"Dotta, Sílvia",Sites da Web,Livro,Biblioteca Setorial Prof. Rodolfo Helinski - Escola Agrícola de Jundiaí - EAJ - Macaiba,1,0,0,0,0,0,0.0
212469,Macromedia flash MX 2004 :,"Reinhardt, Robert",Programa de Computador,Livro,Biblioteca Setorial Prof. Rodolfo Helinski - Escola Agrícola de Jundiaí - EAJ - Macaiba,1,0,0,0,0,0,0.0
214188,Introduction to cryptography :,"Trappe, Wade",Criptografia,Livro,Biblioteca Setorial Prof. Rodolfo Helinski - Escola Agrícola de Jundiaí - EAJ - Macaiba,2,0,0,0,0,0,0.0
214231,UML 2 :,"Guedes, T. A. Gilleanes.",UML (Linguagem de modelagem padrão),Livro,Biblioteca Setorial Prof. Rodolfo Helinski - Escola Agrícola de Jundiaí - EAJ - Macaiba,1,0,0,0,0,0,0.0
214372,A discipline of programming,"Dijkstra, Edsger Wybe.",Programação (Computadores),Livro,Biblioteca Setorial Prof. Rodolfo Helinski - Escola Agrícola de Jundiaí - EAJ - Macaiba,1,0,0,0,0,0,0.0
214514,Network simulation experiments manual,"Aboelela, Emad",Redes,Livro,Biblioteca Setorial Prof. Rodolfo Helinski - Escola Agrícola de Jundiaí - EAJ - Macaiba,7,0,0,0,0,0,0.0
214517,The art of computer systems perfomance analysis :,"Jain, Raj",Sistemas de Computadores,Livro,Biblioteca Setorial Prof. Rodolfo Helinski - Escola Agrícola de Jundiaí - EAJ - Macaiba,1,0,0,0,0,0,0.0
215920,Autocad 2000,"Middlebrook, Mark",Computação Gráfica,Livro,Biblioteca Setorial Prof. Rodolfo Helinski - Escola Agrícola de Jundiaí - EAJ - Macaiba,1,0,0,0,0,0,0.0
216603,Word perfect draw :,,Programa de computador,Livro,Biblioteca Setorial Prof. Rodolfo Helinski - Escola Agrícola de Jundiaí - EAJ - Macaiba,1,0,0,0,0,0,0.0
218244,Data quality and record linkage techniques,"Herzog, Thomas N.,",Informática -,Livro,Biblioteca Setorial Prof. Rodolfo Helinski - Escola Agrícola de Jundiaí - EAJ - Macaiba,1,0,0,0,0,0,0.0
221148,Programação gráfica para Windows com Borland C++,"Heiny, Loren,",Computação gráfica,Livro,Biblioteca Setorial Prof. Rodolfo Helinski - Escola Agrícola de Jundiaí - EAJ - Macaiba,1,0,0,0,0,0,0.0
221484,Treinamento prático em Excel 2007 :,"Moraz, Eduardo.",Excel (Programa de computador),Livro,Biblioteca Setorial Prof. Rodolfo Helinski - Escola Agrícola de Jundiaí - EAJ - Macaiba,1,0,0,0,0,0,0.0
222108,Llinux:,"Gurovitz, Helio",Linux (programa de computador),Livro,Biblioteca Setorial Prof. Rodolfo Helinski - Escola Agrícola de Jundiaí - EAJ - Macaiba,1,0,0,0,0,0,0.0
222112,Explorando o Flash MX Professional 2004,"Silva, Jorge Eider Florentino da",Programa de computador,Livro,Biblioteca Setorial Prof. Rodolfo Helinski - Escola Agrícola de Jundiaí - EAJ - Macaiba,1,0,0,0,0,0,0.0
224355,Fundamentos matemáticos para a ciência da computação,"Gersting, Judith L.",Matemática -,Livro,Biblioteca Setorial Prof. Rodolfo Helinski - Escola Agrícola de Jundiaí - EAJ - Macaiba,1,0,0,0,0,0,0.0
225727,TIC kids online Brasil 2012 :,,Tecnologia da informação -,Livro,Biblioteca Setorial Prof. Rodolfo Helinski - Escola Agrícola de Jundiaí - EAJ - Macaiba,1,0,0,0,0,0,0.0
226748,Java :,"Deitel, Harvey M.,",Java (Linguagem de programação de computador),Livro,Biblioteca Setorial Prof. Rodolfo Helinski - Escola Agrícola de Jundiaí - EAJ - Macaiba,2,0,0,0,0,0,0.0
230396,Primeiros passos com sensores,"Karvinen, Kimmo",Arduino (Controlador programável),Livro,Biblioteca Setorial Prof. Rodolfo Helinski - Escola Agrícola de Jundiaí - EAJ - Macaiba,6,0,0,0,0,0,0.0
230508,ITIL v3 atualizado em 2011:,"Teruel, Evandro Carlos.",Tecnologia da informação -,Livro,Biblioteca Setorial Prof. Rodolfo Helinski - Escola Agrícola de Jundiaí - EAJ - Macaiba,1,0,0,0,0,0,0.0
232263,Segurança em informatica e de informações,"Caruso, Carlos A. A.",Proteção de dados,Livro,Biblioteca Setorial Prof. Rodolfo Helinski - Escola Agrícola de Jundiaí - EAJ - Macaiba,1,0,0,0,0,0,0.0
232992,Delphi 5 :,"Fernandes, André,",Delphi (Programa de computador),Livro,Biblioteca Setorial Prof. Rodolfo Helinski - Escola Agrícola de Jundiaí - EAJ - Macaiba,1,0,0,0,0,0,0.0
233025,Análise de pontos de função :,"Vazquez, Carlos Eduardo.",Análise de sistemas,Livro,Biblioteca Setorial Prof. Rodolfo Helinski - Escola Agrícola de Jundiaí - EAJ - Macaiba,1,0,0,0,0,0,0.0
233365,Introdução ao RUP:,"Kruchten, Philippe.",Engenharia de software,Livro,Biblioteca Setorial Prof. Rodolfo Helinski - Escola Agrícola de Jundiaí - EAJ - Macaiba,1,0,0,0,0,0,0.0
233779,Arquiteturas de redes de computadores OSI e TCP/IP,,Arquitetura de redes de computador,Livro,Biblioteca Setorial Prof. Rodolfo Helinski - Escola Agrícola de Jundiaí - EAJ - Macaiba,1,0,0,0,0,0,0.0
233930,Fórmulas e funções com Microsoft® Office Excel® 2007,"McFedries, Paul.",Excel (Programa de computador),Livro,Biblioteca Setorial Prof. Rodolfo Helinski - Escola Agrícola de Jundiaí - EAJ - Macaiba,1,0,0,0,0,0,0.0
234037,VHDL :,"D'Amore, Roberto.",VHDL (Linguagem descritiva de hardware),Livro,Biblioteca Setorial Prof. Rodolfo Helinski - Escola Agrícola de Jundiaí - EAJ - Macaiba,1,0,0,0,0,0,0.0
234317,Sistemas de relação clínica informatizada:,"Oliveira, Antônio Manuel Gouveia de",Saúde Pública -,Livro,Biblioteca Setorial Prof. Rodolfo Helinski - Escola Agrícola de Jundiaí - EAJ - Macaiba,1,0,0,0,0,0,0.0
235871,Introdução a informatica,"Nascimento, Ângela J.",Informática,Livro,Biblioteca Setorial Prof. Rodolfo Helinski - Escola Agrícola de Jundiaí - EAJ - Macaiba,1,0,0,0,0,0,0.0
235872,Turbo Pascal versão 4.0,"Grillo, Maria Celia Arruda.",Turbo Pascal,Livro,Biblioteca Setorial Prof. Rodolfo Helinski - Escola Agrícola de Jundiaí - EAJ - Macaiba,1,0,0,0,0,0,0.0
236416,O & M integrado a informática :,"Chinelato Filho, João.",Organização -,Livro,Biblioteca Setorial Prof. Rodolfo Helinski - Escola Agrícola de Jundiaí - EAJ - Macaiba,1,0,0,0,0,0,0.0
236417,Informática e lógica de programação,"Rosa, Newton Braga.",Informática,Livro,Biblioteca Setorial Prof. Rodolfo Helinski - Escola Agrícola de Jundiaí - EAJ - Macaiba,1,0,0,0,0,0,0.0
237109,O ABC do DOS 6.2,"Miller, Alan R.,",MS-DOS (Sistema operacional de computador),Livro,Biblioteca Setorial Prof. Rodolfo Helinski - Escola Agrícola de Jundiaí - EAJ - Macaiba,1,0,0,0,0,0,0.0
237115,Usando MS DOS,"Wolverton, Van",Programas Operacionais,Livro,Biblioteca Setorial Prof. Rodolfo Helinski - Escola Agrícola de Jundiaí - EAJ - Macaiba,2,0,0,0,0,0,0.0
237267,Como cuidar bem do seu micro,"Vasconcelos Filho, Laércio Correia.",Microcomputador -,Livro,Biblioteca Setorial Prof. Rodolfo Helinski - Escola Agrícola de Jundiaí - EAJ - Macaiba,1,0,0,0,0,0,0.0
237269,Sidekick:,"Robinson, Phillip R.",Programa de Computador,Livro,Biblioteca Setorial Prof. Rodolfo Helinski - Escola Agrícola de Jundiaí - EAJ - Macaiba,2,0,0,0,0,0,0.0
237270,Conceitos de processamento de dados com BASIC,"Stern, Robert A.",Processamento eletrônico de dados,Livro,Biblioteca Setorial Prof. Rodolfo Helinski - Escola Agrícola de Jundiaí - EAJ - Macaiba,1,0,0,0,0,0,0.0
237382,Técnicas de simulação em computadores,,Computadores,Livro,Biblioteca Setorial Prof. Rodolfo Helinski - Escola Agrícola de Jundiaí - EAJ - Macaiba,1,0,0,0,0,0,0.0
237449,Certificação Linux LPI :,,Linux (Sistema operacional de computador),Livro,Biblioteca Setorial Prof. Rodolfo Helinski - Escola Agrícola de Jundiaí - EAJ - Macaiba,1,0,0,0,0,0,0.0
237667,Programando rails :,"Fernandez, Obie",Ruby ou rails (Recurso eletrônico),Livro,Biblioteca Setorial Prof. Rodolfo Helinski - Escola Agrícola de Jundiaí - EAJ - Macaiba,1,0,0,0,0,0,0.0
237668,Tutorial do J2EE,,Java (Linguagem de programação de computador),Livro,Biblioteca Setorial Prof. Rodolfo Helinski - Escola Agrícola de Jundiaí - EAJ - Macaiba,2,0,0,0,0,0,0.0
237671,Aprenda em 21 dias  visual basic 5,"Gurewich, Nathan",Java (Linguagem de programação de computador),Livro,Biblioteca Setorial Prof. Rodolfo Helinski - Escola Agrícola de Jundiaí - EAJ - Macaiba,1,0,0,0,0,0,0.0
237672,Servidores de liinux :,"Hunt, Craig",Linux (Sistema de computadores),Livro,Biblioteca Setorial Prof. Rodolfo Helinski - Escola Agrícola de Jundiaí - EAJ - Macaiba,1,0,0,0,0,0,0.0
237856,"Projetando, montando e personalizando o seu PC","Badgett, Tom",Microcomputadores -,Livro,Biblioteca Setorial Prof. Rodolfo Helinski - Escola Agrícola de Jundiaí - EAJ - Macaiba,1,0,0,0,0,0,0.0
237858,Como programar JavaBeans,,Java (Linguagem de programação de computador),Livro,Biblioteca Setorial Prof. Rodolfo Helinski - Escola Agrícola de Jundiaí - EAJ - Macaiba,1,0,0,0,0,0,0.0
237865,Guia completo de estudos para certificação em Java 2,"Heller, Philip",Linguagem de Programação,Livro,Biblioteca Setorial Prof. Rodolfo Helinski - Escola Agrícola de Jundiaí - EAJ - Macaiba,1,0,0,0,0,0,0.0
237872,Personalizando o registro do Windows,"Ivens, Kathy,",Windows (Programas de computador),Livro,Biblioteca Setorial Prof. Rodolfo Helinski - Escola Agrícola de Jundiaí - EAJ - Macaiba,1,0,0,0,0,0,0.0
238329,Turbo Pascal :,"Mesquita, Thelmo João Martins,",Turbo Pascal (Linguagem de programação de computador),Livro,Biblioteca Setorial Prof. Rodolfo Helinski - Escola Agrícola de Jundiaí - EAJ - Macaiba,1,0,0,0,0,0,0.0
238330,Implementação de sistemas de bancos de dados,"Garcia-Molina, Hector",Banco de Dados -,Livro,Biblioteca Setorial Prof. Rodolfo Helinski - Escola Agrícola de Jundiaí - EAJ - Macaiba,1,0,0,0,0,0,0.0
238430,Ruby on rails :,"Urubatan, Rodrigo.",Ruby on rails (Recurso eletrônico),Livro,Biblioteca Setorial Prof. Rodolfo Helinski - Escola Agrícola de Jundiaí - EAJ - Macaiba,1,0,0,0,0,0,0.0
238742,Dreamweaver UltraDev :,"Alves, William Pereira,",Dreamweaver UltraDev (Programa de computador),Livro,Biblioteca Setorial Prof. Rodolfo Helinski - Escola Agrícola de Jundiaí - EAJ - Macaiba,1,0,0,0,0,0,0.0
238749,Aprenda em 24 horas Active Server Pages,"Wille, Christoph.",Active server pages (Programa de computador),Livro,Biblioteca Setorial Prof. Rodolfo Helinski - Escola Agrícola de Jundiaí - EAJ - Macaiba,1,0,0,0,0,0,0.0
239427,Aprenda praticando Internet com Netscape Navigator 3,"Oliveira, Gorki Starlin da Costa,",Internet,Livro,Biblioteca Setorial Prof. Rodolfo Helinski - Escola Agrícola de Jundiaí - EAJ - Macaiba,1,0,0,0,0,0,0.0
239430,High Performance delphi 3 programming,,Delphi 3 -,Livro,Biblioteca Setorial Prof. Rodolfo Helinski - Escola Agrícola de Jundiaí - EAJ - Macaiba,1,0,0,0,0,0,0.0
239695,Estudo dirigido word office XP avançado,"Manzano, André Luiz N. G.",Programa de Computador,Livro,Biblioteca Setorial Prof. Rodolfo Helinski - Escola Agrícola de Jundiaí - EAJ - Macaiba,1,0,0,0,0,0,0.0
240393,CAD/CAM:,"Castelltort, Xavier",Computação Gráfica,Livro,Biblioteca Setorial Prof. Rodolfo Helinski - Escola Agrícola de Jundiaí - EAJ - Macaiba,1,0,0,0,0,0,0.0
240549,Programação Fortran para estudantes de ciências e engenharia,"Dias, Donaldo de Souza,",FORTRAN (Linguagem de programação de computador),Livro,Biblioteca Setorial Prof. Rodolfo Helinski - Escola Agrícola de Jundiaí - EAJ - Macaiba,2,0,0,0,0,0,0.0
240586,Desenvolvendo aplicações poderosas com Excel e VBA,"Fernandes, Maicris,",Excel -,Livro,Biblioteca Setorial Prof. Rodolfo Helinski - Escola Agrícola de Jundiaí - EAJ - Macaiba,1,0,0,0,0,0,0.0
240641,TCP/IP :,"Oliveira, Gorki Starlin da Costa,",TCP/IP (Protocolo de rede de computador),Livro,Biblioteca Setorial Prof. Rodolfo Helinski - Escola Agrícola de Jundiaí - EAJ - Macaiba,1,0,0,0,0,0,0.0
241008,Estatística :,"Levine, David M.",Estatística comercial -,Livro,Biblioteca Setorial Prof. Rodolfo Helinski - Escola Agrícola de Jundiaí - EAJ - Macaiba,1,0,0,0,0,0,0.0
241792,Cibernética :,"Wiener, Nobert",Cibernética,Livro,Biblioteca Setorial Prof. Rodolfo Helinski - Escola Agrícola de Jundiaí - EAJ - Macaiba,1,0,0,0,0,0,0.0
241880,Aplicações administrativas em visual basic 6.0 :,"Lima, Adilson da Silva",Banco de dados,Livro,Biblioteca Setorial Prof. Rodolfo Helinski - Escola Agrícola de Jundiaí - EAJ - Macaiba,1,0,0,0,0,0,0.0
243691,Hacking exposed:,"Mcclure, Stuart",Hacking,Livro,Biblioteca Setorial Prof. Rodolfo Helinski - Escola Agrícola de Jundiaí - EAJ - Macaiba,1,0,0,0,0,0,0.0
243754,Macromedia flash 4 :,"Pinto, Marcos José.",Flash (Programa de computador),Livro,Biblioteca Setorial Prof. Rodolfo Helinski - Escola Agrícola de Jundiaí - EAJ - Macaiba,1,0,0,0,0,0,0.0
244135,WordStar :,"Ettlin, Walter A.",WordStar (Programa de computador),Livro,Biblioteca Setorial Prof. Rodolfo Helinski - Escola Agrícola de Jundiaí - EAJ - Macaiba,1,0,0,0,0,0,0.0
244407,Introdução a sistemas operacionais :,,Sistemas Operacionais,Livro,Biblioteca Setorial Prof. Rodolfo Helinski - Escola Agrícola de Jundiaí - EAJ - Macaiba,1,0,0,0,0,0,0.0
244495,Criando aplicações PHP com ZEND e DOJO,"Lisboa, Flávio Gomes da Silva",Software -,Livro,Biblioteca Setorial Prof. Rodolfo Helinski - Escola Agrícola de Jundiaí - EAJ - Macaiba,1,0,0,0,0,0,0.0
244497,O dicionário da Internet :,"Crumlish, Christian.",Internet -,Livro,Biblioteca Setorial Prof. Rodolfo Helinski - Escola Agrícola de Jundiaí - EAJ - Macaiba,1,0,0,0,0,0,0.0
244517,Desenvolvendo na web com java server pages,"Fields, Duane K.",Linguagem de Programação -,Livro,Biblioteca Setorial Prof. Rodolfo Helinski - Escola Agrícola de Jundiaí - EAJ - Macaiba,1,0,0,0,0,0,0.0
244807,Avaliação e seleção de sistemas :,"Nogueira, Antônio Roberto Ramos.",Tecnologia da Informação,Livro,Biblioteca Setorial Prof. Rodolfo Helinski - Escola Agrícola de Jundiaí - EAJ - Macaiba,1,0,0,0,0,0,0.0
247090,VBA e macros para Microsoft Office Excel 2007,"Jelen, Bill.",Excel (Programa de computador),Livro,Biblioteca Setorial Prof. Rodolfo Helinski - Escola Agrícola de Jundiaí - EAJ - Macaiba,1,0,0,0,0,0,0.0
247124,Dominando servidores Windows server 2003,"Sá, Josué de.",Windows Server (Sistema operacional de computador),Livro,Biblioteca Setorial Prof. Rodolfo Helinski - Escola Agrícola de Jundiaí - EAJ - Macaiba,2,0,0,0,0,0,0.0
247129,Microsoft office 4 for windows para leigos,"Parker, Roger C.",Programa de Computador,Livro,Biblioteca Setorial Prof. Rodolfo Helinski - Escola Agrícola de Jundiaí - EAJ - Macaiba,1,0,0,0,0,0,0.0
247490,Microcamp web Design developer. -,,Design -,Livro,Biblioteca Setorial Prof. Rodolfo Helinski - Escola Agrícola de Jundiaí - EAJ - Macaiba,13,0,0,0,0,0,0.0
247669,Montagem e manutenção de computadores,"Luvezuti, Vagner",Montagem -,Livro,Biblioteca Setorial Prof. Rodolfo Helinski - Escola Agrícola de Jundiaí - EAJ - Macaiba,1,0,0,0,0,0,0.0
248109,Informática. -,,Informática,Livro,Biblioteca Setorial Prof. Rodolfo Helinski - Escola Agrícola de Jundiaí - EAJ - Macaiba,1,0,0,0,0,0,0.0
248287,Alles over pc hardware,"Messmer, Hans-Peter",Hardware,Livro,Biblioteca Setorial Prof. Rodolfo Helinski - Escola Agrícola de Jundiaí - EAJ - Macaiba,1,0,0,0,0,0,0.0
248677,Identidade digital:,"Train, Sheila",Certificado Digital,Livro,Biblioteca Setorial Prof. Rodolfo Helinski - Escola Agrícola de Jundiaí - EAJ - Macaiba,1,0,0,0,0,0,0.0
248837,Estudo Dirigido Delphi 5.0,"Manzano, Jose Augusto N. G.",Delphi,Livro,Biblioteca Setorial Prof. Rodolfo Helinski - Escola Agrícola de Jundiaí - EAJ - Macaiba,1,0,0,0,0,0,0.0
248865,Internet & World Wide Web :,"Deitel, Harvey M.,",Programação para Internet,Livro,Biblioteca Setorial Prof. Rodolfo Helinski - Escola Agrícola de Jundiaí - EAJ - Macaiba,1,0,0,0,0,0,0.0
248869,Lógica de programação com Pascal,"Ascencio, Ana Fernanda Gomes,",PASCAL (Linguagem de programação de computador),Livro,Biblioteca Setorial Prof. Rodolfo Helinski - Escola Agrícola de Jundiaí - EAJ - Macaiba,1,0,0,0,0,0,0.0
248871,Introdução ao desenvolvimento de algoritmos e estruturas de dados,"Pinto, Wilson Silva.",Algoritmos,Livro,Biblioteca Setorial Prof. Rodolfo Helinski - Escola Agrícola de Jundiaí - EAJ - Macaiba,1,0,0,0,0,0,0.0
248872,Java 5 :,"Jandl Jr., Peter",Java (Linguagem de programação de computador,Livro,Biblioteca Setorial Prof. Rodolfo Helinski - Escola Agrícola de Jundiaí - EAJ - Macaiba,1,0,0,0,0,0,0.0
248874,UML 2 :,"Guedes, T. A. Gilleanes.",UML (Linguagem de modelagem padrão),Livro,Biblioteca Setorial Prof. Rodolfo Helinski - Escola Agrícola de Jundiaí - EAJ - Macaiba,1,0,0,0,0,0,0.0
248875,XML :,"Décio, Otávio C.",XML (Linguagem de marcação de documento),Livro,Biblioteca Setorial Prof. Rodolfo Helinski - Escola Agrícola de Jundiaí - EAJ - Macaiba,1,0,0,0,0,0,0.0
248877,HTML :,"Silveira, Marcelo",XML (Linguagem de marcação de documento),Livro,Biblioteca Setorial Prof. Rodolfo Helinski - Escola Agrícola de Jundiaí - EAJ - Macaiba,1,0,0,0,0,0,0.0
248878,CSS Cascading Style Sheets :,"Amaral, Luis Gustavo",CSS (Linguagem de apresentação de documento),Livro,Biblioteca Setorial Prof. Rodolfo Helinski - Escola Agrícola de Jundiaí - EAJ - Macaiba,1,0,0,0,0,0,0.0
248879,C #:,"Saade, Joel",C # (Programa de Computador),Livro,Biblioteca Setorial Prof. Rodolfo Helinski - Escola Agrícola de Jundiaí - EAJ - Macaiba,1,0,0,0,0,0,0.0
248883,Treinamento prático em CSS,"Somera, Guilherme",Web Designer,Livro,Biblioteca Setorial Prof. Rodolfo Helinski - Escola Agrícola de Jundiaí - EAJ - Macaiba,1,0,0,0,0,0,0.0
249407,Oracle JDeveloper 3 :,"Dorsey, Paul.",Java (Linguagem de Programação de Computador),Livro,Biblioteca Setorial Prof. Rodolfo Helinski - Escola Agrícola de Jundiaí - EAJ - Macaiba,1,0,0,0,0,0,0.0
249567,Guia prático multimídia. -,,Multimídia -,Livro,Biblioteca Setorial Prof. Rodolfo Helinski - Escola Agrícola de Jundiaí - EAJ - Macaiba,1,0,0,0,0,0,0.0
253263,Informática básica,"Almeida, Mário.",Informática básica,Livro,Biblioteca Setorial Prof. Rodolfo Helinski - Escola Agrícola de Jundiaí - EAJ - Macaiba,1,0,0,0,0,0,0.0
256337,Programação e técnicas :,"Grillo, Maria Célia Arruda.",Linguagem de programação (Computadores),Livro,Biblioteca Setorial Prof. Rodolfo Helinski - Escola Agrícola de Jundiaí - EAJ - Macaiba,1,0,0,0,0,0,0.0
256339,Orientação a objetos em C++,"Montenegro, Fernando",Linguagem de Programação,Livro,Biblioteca Setorial Prof. Rodolfo Helinski - Escola Agrícola de Jundiaí - EAJ - Macaiba,1,0,0,0,0,0,0.0
257487,Microprocessador Z-80,"Cypriano, Luiz Benedito.",Microprocessador,Livro,Biblioteca Setorial Prof. Rodolfo Helinski - Escola Agrícola de Jundiaí - EAJ - Macaiba,1,0,0,0,0,0,0.0
257499,Microprocessador Z80,"Cypriano, Luiz Benedito,",Z-80 (Microprocessador),Livro,Biblioteca Setorial Prof. Rodolfo Helinski - Escola Agrícola de Jundiaí - EAJ - Macaiba,1,0,0,0,0,0,0.0
258567,Treinamento profissional em redes wireless,"Farias, Paulo César Bento.",Sistemas de comunicação sem fio,Livro,Biblioteca Setorial Prof. Rodolfo Helinski - Escola Agrícola de Jundiaí - EAJ - Macaiba,1,0,0,0,0,0,0.0
258576,Linguagem c - programação e aplicação. -,,Linguagem C,Livro,Biblioteca Setorial Prof. Rodolfo Helinski - Escola Agrícola de Jundiaí - EAJ - Macaiba,1,0,0,0,0,0,0.0
259552,Otimização por enxame de partículas :,"Paiva, Fábio Augusto Procópio de.",Algoritmos,Livro,Biblioteca Setorial Prof. Rodolfo Helinski - Escola Agrícola de Jundiaí - EAJ - Macaiba,2,0,0,0,0,0,0.0
260357,PHP-GTK :,"Dall'Oglio, Pablo.",PHP (Linguagem de programação de computador),Livro,Biblioteca Setorial Prof. Rodolfo Helinski - Escola Agrícola de Jundiaí - EAJ - Macaiba,1,0,0,0,0,0,0.0
262241,Corel draw! Simples e rápido,"Beisecker, Michael-Alexander",Computação Gráfica,Livro,Biblioteca Setorial Prof. Rodolfo Helinski - Escola Agrícola de Jundiaí - EAJ - Macaiba,1,0,0,0,0,0,0.0
262387,Word 2007:,,Programa Operacional,Livro,Biblioteca Setorial Prof. Rodolfo Helinski - Escola Agrícola de Jundiaí - EAJ - Macaiba,2,0,0,0,0,0,0.0
262388,Excel 2007:,,Programas Operacionais,Livro,Biblioteca Setorial Prof. Rodolfo Helinski - Escola Agrícola de Jundiaí - EAJ - Macaiba,3,0,0,0,0,0,0.0
262389,Windows vista :,,Sistema operacional,Livro,Biblioteca Setorial Prof. Rodolfo Helinski - Escola Agrícola de Jundiaí - EAJ - Macaiba,2,0,0,0,0,0,0.0
262390,Internet explorer 7:,,Programas Operacionais,Livro,Biblioteca Setorial Prof. Rodolfo Helinski - Escola Agrícola de Jundiaí - EAJ - Macaiba,3,0,0,0,0,0,0.0
262391,Word XP:,"Fialho Júnior, Mozart",Programa Operacional,Livro,Biblioteca Setorial Prof. Rodolfo Helinski - Escola Agrícola de Jundiaí - EAJ - Macaiba,4,0,0,0,0,0,0.0
262434,Windows XP,"Moraz, Eduardo",Programa Operacional,Livro,Biblioteca Setorial Prof. Rodolfo Helinski - Escola Agrícola de Jundiaí - EAJ - Macaiba,3,0,0,0,0,0,0.0
262435,Curso de power point XP:,"Moraz, Eduardo",Programas Operacionais,Livro,Biblioteca Setorial Prof. Rodolfo Helinski - Escola Agrícola de Jundiaí - EAJ - Macaiba,4,0,0,0,0,0,0.0
262436,Curso de excel XP :,"Fialho Júnior, Mozart .",Programas operacionais,Livro,Biblioteca Setorial Prof. Rodolfo Helinski - Escola Agrícola de Jundiaí - EAJ - Macaiba,4,0,0,0,0,0,0.0
262437,Power point 2007:,,Programas Operacionais,Livro,Biblioteca Setorial Prof. Rodolfo Helinski - Escola Agrícola de Jundiaí - EAJ - Macaiba,1,0,0,0,0,0,0.0
262438,Windows 7:,,Programas Operacionais,Livro,Biblioteca Setorial Prof. Rodolfo Helinski - Escola Agrícola de Jundiaí - EAJ - Macaiba,1,0,0,0,0,0,0.0
263686,Segurança e manutenção WINDOWS. -,,Windows -,Livro,Biblioteca Setorial Prof. Rodolfo Helinski - Escola Agrícola de Jundiaí - EAJ - Macaiba,1,0,0,0,0,0,0.0
263775,Excel 7.0:,"Santos Júnior, Mozart Jesus Fialho dos",Programa Operacional,Livro,Biblioteca Setorial Prof. Rodolfo Helinski - Escola Agrícola de Jundiaí - EAJ - Macaiba,1,0,0,0,0,0,0.0
264619,Excel 7.0:,"Fialho Júnior, Mozart",Programa Operacional,Livro,Biblioteca Setorial Prof. Rodolfo Helinski - Escola Agrícola de Jundiaí - EAJ - Macaiba,1,0,0,0,0,0,0.0
264626,Java :,"Deitel, Paul J.,",Java (Linguagem de programação de computador),Livro,Biblioteca Setorial Prof. Rodolfo Helinski - Escola Agrícola de Jundiaí - EAJ - Macaiba,1,0,0,0,0,0,0.0
264642,Curso internet explorer,"Costa, Marcelo Rodrigues da",Internet,Livro,Biblioteca Setorial Prof. Rodolfo Helinski - Escola Agrícola de Jundiaí - EAJ - Macaiba,1,0,0,0,0,0,0.0
264643,Curso IPD/DOS,"Costa, Marcelo Rodrigues da",IPD/DOS,Livro,Biblioteca Setorial Prof. Rodolfo Helinski - Escola Agrícola de Jundiaí - EAJ - Macaiba,2,0,0,0,0,0,0.0
264644,Curso Word XP,"Costa, Marcelo Rodrigues da",Word -,Livro,Biblioteca Setorial Prof. Rodolfo Helinski - Escola Agrícola de Jundiaí - EAJ - Macaiba,2,0,0,0,0,0,0.0
264645,Curso Excel XP,"Costa, Marcelo Rodrigues da",Excel -,Livro,Biblioteca Setorial Prof. Rodolfo Helinski - Escola Agrícola de Jundiaí - EAJ - Macaiba,2,0,0,0,0,0,0.0
264748,Gerenciamento e desenho de projetos,"Carmona, Tadeu",Desenho -,Livro,Biblioteca Setorial Prof. Rodolfo Helinski - Escola Agrícola de Jundiaí - EAJ - Macaiba,1,0,0,0,0,0,0.0
266327,Do basic ao C,"Traister, Robert J.",Linguagem de Programação -,Livro,Biblioteca Setorial Prof. Rodolfo Helinski - Escola Agrícola de Jundiaí - EAJ - Macaiba,1,0,0,0,0,0,0.0
266328,Microsoft office Excel 2007 rápido e fácil,Curtis Frye,Computação -,Livro,Biblioteca Setorial Prof. Rodolfo Helinski - Escola Agrícola de Jundiaí - EAJ - Macaiba,1,0,0,0,0,0,0.0
266330,Linguagem C :,"Schildt, Herbert,",Linguagem de programação (Computadores),Livro,Biblioteca Setorial Prof. Rodolfo Helinski - Escola Agrícola de Jundiaí - EAJ - Macaiba,1,0,0,0,0,0,0.0
267106,PHP/MySQL :,"Minorello, Danilo",Sites da Web -,Livro,Biblioteca Setorial Prof. Rodolfo Helinski - Escola Agrícola de Jundiaí - EAJ - Macaiba,2,0,0,0,0,0,0.0
269967,A informática na agropecuária,"Antunes, Luciano Medici",Agropecuária -,Livro,Biblioteca Setorial Prof. Rodolfo Helinski - Escola Agrícola de Jundiaí - EAJ - Macaiba,1,0,0,0,0,0,0.0
275046,Curso multimídia hardware:,"Bezerra, Iijalde Darlan",Hardware -,Livro,Biblioteca Setorial Prof. Rodolfo Helinski - Escola Agrícola de Jundiaí - EAJ - Macaiba,1,0,0,0,0,0,0.0
275053,Estudo dirigido AutoCAD 2007,"Lima, Cláudia Campos Netto Alves de",AutoCAD,Livro,Biblioteca Setorial Prof. Rodolfo Helinski - Escola Agrícola de Jundiaí - EAJ - Macaiba,1,0,0,0,0,0,0.0
275349,Montagem de micros,"Torres, Gabriel",Montagem-,Livro,Biblioteca Setorial Prof. Rodolfo Helinski - Escola Agrícola de Jundiaí - EAJ - Macaiba,1,0,0,0,0,0,0.0
275475,Desvendando o 3ds Max:,"Almeida, Marilane de",Computação gráfica,Livro,Biblioteca Setorial Prof. Rodolfo Helinski - Escola Agrícola de Jundiaí - EAJ - Macaiba,1,0,0,0,0,0,0.0
275746,Desbravando o PIC,"Souza, David José de,",Microprocessadores,Livro,Biblioteca Setorial Prof. Rodolfo Helinski - Escola Agrícola de Jundiaí - EAJ - Macaiba,1,0,0,0,0,0,0.0
275747,Dominando gerenciamento de projetos com MS Project 2000,"Figueiredo, Francisco Constant de",Microcomputadores -,Livro,Biblioteca Setorial Prof. Rodolfo Helinski - Escola Agrícola de Jundiaí - EAJ - Macaiba,1,0,0,0,0,0,0.0
275749,Powerpoint 4.0 :,"Sanchez, Antônio Carlos Gil",Programa de Computador,Livro,Biblioteca Setorial Prof. Rodolfo Helinski - Escola Agrícola de Jundiaí - EAJ - Macaiba,1,0,0,0,0,0,0.0
275751,Ipad:,"Biersdorfer, J. D.",Informática,Livro,Biblioteca Setorial Prof. Rodolfo Helinski - Escola Agrícola de Jundiaí - EAJ - Macaiba,1,0,0,0,0,0,0.0
275752,Criação de sites com CSS:,"Jobstraibizer, Flávia",Web designer,Livro,Biblioteca Setorial Prof. Rodolfo Helinski - Escola Agrícola de Jundiaí - EAJ - Macaiba,1,0,0,0,0,0,0.0
275762,Redes de computadores:,"Souza Neto, João",Rede de Computadores,Livro,Biblioteca Setorial Prof. Rodolfo Helinski - Escola Agrícola de Jundiaí - EAJ - Macaiba,1,0,0,0,0,0,0.0
275763,Treinamento prático em flash,"Diniz, André",Programa de Computador,Livro,Biblioteca Setorial Prof. Rodolfo Helinski - Escola Agrícola de Jundiaí - EAJ - Macaiba,1,0,0,0,0,0,0.0
275764,Desktop publishing :,"Bove, Tony,",Editoração eletrônica,Livro,Biblioteca Setorial Prof. Rodolfo Helinski - Escola Agrícola de Jundiaí - EAJ - Macaiba,1,0,0,0,0,0,0.0
275766,Treinamento prático em indesign:,"Moraz, Eduardo",Programa de Computador,Livro,Biblioteca Setorial Prof. Rodolfo Helinski - Escola Agrícola de Jundiaí - EAJ - Macaiba,1,0,0,0,0,0,0.0
275864,Guerrilha tecnológica:,"Dantas, Vera",Informática -,Livro,Biblioteca Setorial Prof. Rodolfo Helinski - Escola Agrícola de Jundiaí - EAJ - Macaiba,1,0,0,0,0,0,0.0
276174,Administre seu tempo com palm:,"Andrade, Fernando",Computadores de Bolso,Livro,Biblioteca Setorial Prof. Rodolfo Helinski - Escola Agrícola de Jundiaí - EAJ - Macaiba,1,0,0,0,0,0,0.0
276188,Utilizando o adobe indesign,"Horie, Ricardo Minoru",Adobe Photoshop,Livro,Biblioteca Setorial Prof. Rodolfo Helinski - Escola Agrícola de Jundiaí - EAJ - Macaiba,1,0,0,0,0,0,0.0
276190,Fundamentos do gerenciamento de serviços de TI baseado no ITIL. -,,Informática,Livro,Biblioteca Setorial Prof. Rodolfo Helinski - Escola Agrícola de Jundiaí - EAJ - Macaiba,1,0,0,0,0,0,0.0
276191,CorelDraw 11 :,,CorelDRAW (Programa de computador),Livro,Biblioteca Setorial Prof. Rodolfo Helinski - Escola Agrícola de Jundiaí - EAJ - Macaiba,1,0,0,0,0,0,0.0
276234,Microsoft project 2008 :,,Programa de computador,Livro,Biblioteca Setorial Prof. Rodolfo Helinski - Escola Agrícola de Jundiaí - EAJ - Macaiba,1,0,0,0,0,0,0.0
278030,Manual de uso do wordstar :,"Evangelista, Rubens Alves",Programa de Computador,Livro,Biblioteca Setorial Prof. Rodolfo Helinski - Escola Agrícola de Jundiaí - EAJ - Macaiba,1,0,0,0,0,0,0.0
280058,Webwriting :,"Rodrigues, Bruno",Redes de computadores,Livro,Biblioteca Setorial Prof. Rodolfo Helinski - Escola Agrícola de Jundiaí - EAJ - Macaiba,1,0,0,0,0,0,0.0
280275,Segurança de redes em ambientes cooperativos,"Nakamura, Emilio Tissato,",Redes de computação,Livro,Biblioteca Setorial Prof. Rodolfo Helinski - Escola Agrícola de Jundiaí - EAJ - Macaiba,1,0,0,0,0,0,0.0
280277,Programação Shell Linux,"Neves, Julio Cezar.",Shell (Linguagem de programação),Livro,Biblioteca Setorial Prof. Rodolfo Helinski - Escola Agrícola de Jundiaí - EAJ - Macaiba,1,0,0,0,0,0,0.0
280281,Linux :,"Rubini, Alessandro",Linux (Sistema operacional de computador),Livro,Biblioteca Setorial Prof. Rodolfo Helinski - Escola Agrícola de Jundiaí - EAJ - Macaiba,1,0,0,0,0,0,0.0
280419,Java:,"Jandl Junior, Peter",Linguagem de Programação,Livro,Biblioteca Setorial Prof. Rodolfo Helinski - Escola Agrícola de Jundiaí - EAJ - Macaiba,1,0,0,0,0,0,0.0
280420,Algoritmos :,"Manzano, Jose Augusto N. G.",Programação (Computadores),Livro,Biblioteca Setorial Prof. Rodolfo Helinski - Escola Agrícola de Jundiaí - EAJ - Macaiba,1,0,0,0,0,0,0.0
280422,Estruturas de dados e algoritmos em Java,"Goodrich, Michael T.,",Java (Linguagem de programação de computador),Livro,Biblioteca Setorial Prof. Rodolfo Helinski - Escola Agrícola de Jundiaí - EAJ - Macaiba,1,0,0,0,0,0,0.0
280424,C/C++ técnicas avançadas,"Duntemann, Jeff",C++ (Linguagem de programação de computador),Livro,Biblioteca Setorial Prof. Rodolfo Helinski - Escola Agrícola de Jundiaí - EAJ - Macaiba,1,0,0,0,0,0,0.0
280437,Desenvolvendo websites com PHP :,"Niederauer, Juliano,",PHP (Linguagem de programação de computador),Livro,Biblioteca Setorial Prof. Rodolfo Helinski - Escola Agrícola de Jundiaí - EAJ - Macaiba,2,0,0,0,0,0,0.0
280589,Desvendando o TCP/IP,,Redes de Computação,Livro,Biblioteca Setorial Prof. Rodolfo Helinski - Escola Agrícola de Jundiaí - EAJ - Macaiba,1,0,0,0,0,0,0.0
280594,"Aprenda a programar com C, C++ e C#","Hickson, Rosângela",Linguagem de Programação,Livro,Biblioteca Setorial Prof. Rodolfo Helinski - Escola Agrícola de Jundiaí - EAJ - Macaiba,1,0,0,0,0,0,0.0
280596,Microsoft acess 2 for windows :,,Banco de Dados,Livro,Biblioteca Setorial Prof. Rodolfo Helinski - Escola Agrícola de Jundiaí - EAJ - Macaiba,1,0,0,0,0,0,0.0
280597,The unix companion,"Hahn, Harley",Sistema Operscional,Livro,Biblioteca Setorial Prof. Rodolfo Helinski - Escola Agrícola de Jundiaí - EAJ - Macaiba,1,0,0,0,0,0,0.0
280609,Estudo Dirigido de Microsoft office excel 2010 - avançado,"Manzano, José Augusto N. G.",Excel,Livro,Biblioteca Setorial Prof. Rodolfo Helinski - Escola Agrícola de Jundiaí - EAJ - Macaiba,1,0,0,0,0,0,0.0
280611,PHP profissional :,"Melo, Alexandre Altair de",PHP -,Livro,Biblioteca Setorial Prof. Rodolfo Helinski - Escola Agrícola de Jundiaí - EAJ - Macaiba,1,0,0,0,0,0,0.0
280614,Usando linux,"Ball, Hill",Linux,Livro,Biblioteca Setorial Prof. Rodolfo Helinski - Escola Agrícola de Jundiaí - EAJ - Macaiba,1,0,0,0,0,0,0.0
280624,Estrutura de dados com Pascal. -,,Estrutura de Dados,Livro,Biblioteca Setorial Prof. Rodolfo Helinski - Escola Agrícola de Jundiaí - EAJ - Macaiba,1,0,0,0,0,0,0.0
280626,Configurando um servidor Linux,"Tsuji, Hidenore",Linux -,Livro,Biblioteca Setorial Prof. Rodolfo Helinski - Escola Agrícola de Jundiaí - EAJ - Macaiba,1,0,0,0,0,0,0.0
280647,Redes de computadores:,"Mendes, Douglas Rocha",Redes de Computadores,Livro,Biblioteca Setorial Prof. Rodolfo Helinski - Escola Agrícola de Jundiaí - EAJ - Macaiba,1,0,0,0,0,0,0.0
280652,Trabalhando com autoCad lLT for windows,"Lima, Cláudia Campos N. A. de",AutoCad,Livro,Biblioteca Setorial Prof. Rodolfo Helinski - Escola Agrícola de Jundiaí - EAJ - Macaiba,1,0,0,0,0,0,0.0
280654,lLógica de programação,"Xavier, Gley Fabiano Cardoso",Lógica,Livro,Biblioteca Setorial Prof. Rodolfo Helinski - Escola Agrícola de Jundiaí - EAJ - Macaiba,1,0,0,0,0,0,0.0
280656,Ethernet :,"Spurgeon, C. H.",Ethernet (Redes locais de computadores),Livro,Biblioteca Setorial Prof. Rodolfo Helinski - Escola Agrícola de Jundiaí - EAJ - Macaiba,1,0,0,0,0,0,0.0
280706,Salvo pelo... UNIX,"Hansen, Augie",Sistema Operacional de Computador,Livro,Biblioteca Setorial Prof. Rodolfo Helinski - Escola Agrícola de Jundiaí - EAJ - Macaiba,1,0,0,0,0,0,0.0
280719,Effective java,"Bloch, Joshua",Java,Livro,Biblioteca Setorial Prof. Rodolfo Helinski - Escola Agrícola de Jundiaí - EAJ - Macaiba,1,0,0,0,0,0,0.0
280721,Construindo redes Cisco usando comutação multicamadas,"Webb, Karen",Redes de computadores,Livro,Biblioteca Setorial Prof. Rodolfo Helinski - Escola Agrícola de Jundiaí - EAJ - Macaiba,1,0,0,0,0,0,0.0
282369,Agile & iterative development:,"Larman, Craig",Software -,Livro,Biblioteca Setorial Prof. Rodolfo Helinski - Escola Agrícola de Jundiaí - EAJ - Macaiba,1,0,0,0,0,0,0.0
282427,Slackware linux,,Linux,Livro,Biblioteca Setorial Prof. Rodolfo Helinski - Escola Agrícola de Jundiaí - EAJ - Macaiba,1,0,0,0,0,0,0.0
282757,Photoshop fontstock:,,Photoshop -,Livro,Biblioteca Setorial Prof. Rodolfo Helinski - Escola Agrícola de Jundiaí - EAJ - Macaiba,1,0,0,0,0,0,0.0
283156,Programa de microcomputador para mistura de rações destinadas ao gado de leite (mixleite - vrsão 1),"Kugizaki, Voichi",Gado de Leite -,Livro,Biblioteca Setorial Prof. Rodolfo Helinski - Escola Agrícola de Jundiaí - EAJ - Macaiba,1,0,0,0,0,0,0.0
283438,Using linux,Tackett Jr. Jack,Linux,Livro,Biblioteca Setorial Prof. Rodolfo Helinski - Escola Agrícola de Jundiaí - EAJ - Macaiba,1,0,0,0,0,0,0.0
283884,TCP/IP Internet:,"Albuquerque, Fernando",TCP/IP (Protocolo de rede de computador),Livro,Biblioteca Setorial Prof. Rodolfo Helinski - Escola Agrícola de Jundiaí - EAJ - Macaiba,1,0,0,0,0,0,0.0
283919,Construindo redes cisco escaláveis,"Paquet, Catherine",Redes de Computadores,Livro,Biblioteca Setorial Prof. Rodolfo Helinski - Escola Agrícola de Jundiaí - EAJ - Macaiba,1,0,0,0,0,0,0.0
283920,Diagnosticando redes :,"Chappell, Laura.",Redes de computadores,Livro,Biblioteca Setorial Prof. Rodolfo Helinski - Escola Agrícola de Jundiaí - EAJ - Macaiba,1,0,0,0,0,0,0.0
283936,"Guia interativo de informática para ver, ler e aprender. -",,Informática,Livro,Biblioteca Setorial Prof. Rodolfo Helinski - Escola Agrícola de Jundiaí - EAJ - Macaiba,10,0,0,0,0,0,0.0
284502,Inglês para informática,"Araújo, Fabiane de Matos",Língua Inglesa -,Livro,Biblioteca Setorial Prof. Rodolfo Helinski - Escola Agrícola de Jundiaí - EAJ - Macaiba,5,0,0,0,0,0,0.0
284537,Introdução à computação,"Silva Júnior, Edson Nascimento",Computação -,Livro,Biblioteca Setorial Prof. Rodolfo Helinski - Escola Agrícola de Jundiaí - EAJ - Macaiba,5,0,0,0,0,0,0.0
284546,Montagem e manutenção de computadores,"Souza, Janaina Silva de",Computador -,Livro,Biblioteca Setorial Prof. Rodolfo Helinski - Escola Agrícola de Jundiaí - EAJ - Macaiba,5,0,0,0,0,0,0.0
284567,Redes de computadores,"Amaral, Allan Francisco Forzza",Computadores -,Livro,Biblioteca Setorial Prof. Rodolfo Helinski - Escola Agrícola de Jundiaí - EAJ - Macaiba,5,0,0,0,0,0,0.0
284652,UML :,"Guedes, Gilleanes T. A.,",UML (Linguagem de modelagem padrão),Livro,Biblioteca Setorial Prof. Rodolfo Helinski - Escola Agrícola de Jundiaí - EAJ - Macaiba,1,0,0,0,0,0,0.0
284656,SQL:,"Gennick, Jonathan",Dados -,Livro,Biblioteca Setorial Prof. Rodolfo Helinski - Escola Agrícola de Jundiaí - EAJ - Macaiba,1,0,0,0,0,0,0.0
285007,Guia para interligação de redes locais,"Derfler Jr, Frank J.",Redes de computação,Livro,Biblioteca Setorial Prof. Rodolfo Helinski - Escola Agrícola de Jundiaí - EAJ - Macaiba,1,0,0,0,0,0,0.0
285306,Introdução á informática,Mussio Piero,Informática,Livro,Biblioteca Setorial Prof. Rodolfo Helinski - Escola Agrícola de Jundiaí - EAJ - Macaiba,1,0,0,0,0,0,0.0
285309,Como realmente funciona o computador,Pandit Millind S.,Computador -,Livro,Biblioteca Setorial Prof. Rodolfo Helinski - Escola Agrícola de Jundiaí - EAJ - Macaiba,1,0,0,0,0,0,0.0
285472,Projetos avançados de redes IP :,"Chowdhury, Dhiman Deb.",Redes -,Livro,Biblioteca Setorial Prof. Rodolfo Helinski - Escola Agrícola de Jundiaí - EAJ - Macaiba,1,0,0,0,0,0,0.0
285529,City of bits:,"Mitchell, William J.",Redes de computadores,Livro,Biblioteca Setorial Prof. Rodolfo Helinski - Escola Agrícola de Jundiaí - EAJ - Macaiba,1,0,0,0,0,0,0.0
285616,Curso de hardware e software básicos. -,,Hardware,Livro,Biblioteca Setorial Prof. Rodolfo Helinski - Escola Agrícola de Jundiaí - EAJ - Macaiba,1,0,0,0,0,0,0.0
286050,Planilha de cálculos Excel:,,Excel -,Livro,Biblioteca Setorial Prof. Rodolfo Helinski - Escola Agrícola de Jundiaí - EAJ - Macaiba,1,0,0,0,0,0,0.0
294996,indesign CS:,"Vieira, Anderson da Silva",Design,Livro,Biblioteca Setorial Prof. Rodolfo Helinski - Escola Agrícola de Jundiaí - EAJ - Macaiba,1,0,0,0,0,0,0.0
294998,Photoshop CS4 :,"King, Lesa Snider",Photoshop (Programa de computador),Livro,Biblioteca Setorial Prof. Rodolfo Helinski - Escola Agrícola de Jundiaí - EAJ - Macaiba,1,0,0,0,0,0,0.0
296327,Windows server 2003 :,"Harami, Fabiana Fernandes",Windows (Programa de computador),Livro,Biblioteca Setorial Prof. Rodolfo Helinski - Escola Agrícola de Jundiaí - EAJ - Macaiba,1,0,0,0,0,0,0.0
297154,Hardware :,TRostirolla. Dario,Hardware,Livro,Biblioteca Setorial Prof. Rodolfo Helinski - Escola Agrícola de Jundiaí - EAJ - Macaiba,1,0,0,0,0,0,0.0
297593,Corel Draw!,,Corel Draw (Programa de computador),Livro,Biblioteca Setorial Prof. Rodolfo Helinski - Escola Agrícola de Jundiaí - EAJ - Macaiba,1,0,0,0,0,0,0.0
298665,C primer plus,"Waite, Mitchell",C (Linguagem de programação de computador),Livro,Biblioteca Setorial Prof. Rodolfo Helinski - Escola Agrícola de Jundiaí - EAJ - Macaiba,1,0,0,0,0,0,0.0
299246,Neural networks and learning machines,"Haykin, Simon.",Redes neurais (Computação),Livro,Biblioteca Setorial Prof. Rodolfo Helinski - Escola Agrícola de Jundiaí - EAJ - Macaiba,1,0,0,0,0,0,0.0
300251,"Powerpoint 4, método rápido. -",,Programa de Computador -,Livro,Biblioteca Setorial Prof. Rodolfo Helinski - Escola Agrícola de Jundiaí - EAJ - Macaiba,1,0,0,0,0,0,0.0
300510,Guide s&sm de sites francophones,"Grassin, Jean-Pascal",Sites -,Livro,Biblioteca Setorial Prof. Rodolfo Helinski - Escola Agrícola de Jundiaí - EAJ - Macaiba,1,0,0,0,0,0,0.0
300515,Treinamento prático em action script:,"Moraz, Eduardo",Linguagem de Programação,Livro,Biblioteca Setorial Prof. Rodolfo Helinski - Escola Agrícola de Jundiaí - EAJ - Macaiba,1,0,0,0,0,0,0.0
300607,"Aprenda J2EE com EJB, JSP, Servlets, JNDI, JDBC e XML",,Java (Linguagem de programação de computador),Livro,Biblioteca Setorial Prof. Rodolfo Helinski - Escola Agrícola de Jundiaí - EAJ - Macaiba,1,0,0,0,0,0,0.0
300919,Certificação security+ :,"Diógenes, Yuri",Certificação,Livro,Biblioteca Setorial Prof. Rodolfo Helinski - Escola Agrícola de Jundiaí - EAJ - Macaiba,1,0,0,0,0,0,0.0
301497,Consciência cibernética (?) :,,Arte por computador -,Livro,Biblioteca Setorial Prof. Rodolfo Helinski - Escola Agrícola de Jundiaí - EAJ - Macaiba,1,0,0,0,0,0,0.0
301612,Brincando com o computador,"Moreira, José Américo",Computadores,Livro,Biblioteca Setorial Prof. Rodolfo Helinski - Escola Agrícola de Jundiaí - EAJ - Macaiba,1,0,0,0,0,0,0.0
301631,Hibernate em ação,"Bauer, Christian",Java,Livro,Biblioteca Setorial Prof. Rodolfo Helinski - Escola Agrícola de Jundiaí - EAJ - Macaiba,1,0,0,0,0,0,0.0
301632,Linguagem C,"Damas, Luís Manuel Dias",Linguagem de Programação,Livro,Biblioteca Setorial Prof. Rodolfo Helinski - Escola Agrícola de Jundiaí - EAJ - Macaiba,1,0,0,0,0,0,0.0
301633,Adobe photoshop 7.0,"Tanaka, Edson",Computação Gráfica,Livro,Biblioteca Setorial Prof. Rodolfo Helinski - Escola Agrícola de Jundiaí - EAJ - Macaiba,1,0,0,0,0,0,0.0
301635,UML a bíblia,"Pender, Tom",Software -,Livro,Biblioteca Setorial Prof. Rodolfo Helinski - Escola Agrícola de Jundiaí - EAJ - Macaiba,1,0,0,0,0,0,0.0
301637,Redes locais,"Soares, Luiz Fernando Gomes.",Redes de computadores,Livro,Biblioteca Setorial Prof. Rodolfo Helinski - Escola Agrícola de Jundiaí - EAJ - Macaiba,1,0,0,0,0,0,0.0
301638,HTML:,"Venetianer, Tomas",Linguagem de Computador -,Livro,Biblioteca Setorial Prof. Rodolfo Helinski - Escola Agrícola de Jundiaí - EAJ - Macaiba,1,0,0,0,0,0,0.0
301644,Informática na educação,,Educação -,Livro,Biblioteca Setorial Prof. Rodolfo Helinski - Escola Agrícola de Jundiaí - EAJ - Macaiba,1,0,0,0,0,0,0.0
301647,Aprendendo java :,"Damasceno Jr, Américo",Linguagem de Programação,Livro,Biblioteca Setorial Prof. Rodolfo Helinski - Escola Agrícola de Jundiaí - EAJ - Macaiba,1,0,0,0,0,0,0.0
301648,Usando HTML,"Salova, Tom",HTML -,Livro,Biblioteca Setorial Prof. Rodolfo Helinski - Escola Agrícola de Jundiaí - EAJ - Macaiba,1,0,0,0,0,0,0.0
301661,Microsoft MS-DOS guia do usuário:,,MS-DOS -,Livro,Biblioteca Setorial Prof. Rodolfo Helinski - Escola Agrícola de Jundiaí - EAJ - Macaiba,1,0,0,0,0,0,0.0
301674,Linux :,"Ferreira, Rubem E.",Linux (Sistema operacional de computador),Livro,Biblioteca Setorial Prof. Rodolfo Helinski - Escola Agrícola de Jundiaí - EAJ - Macaiba,1,0,0,0,0,0,0.0
301675,Fundamentos matemáticos para a ciência da computação :,"Gersting, Judith L.,",Matemática,Livro,Biblioteca Setorial Prof. Rodolfo Helinski - Escola Agrícola de Jundiaí - EAJ - Macaiba,1,0,0,0,0,0,0.0
301676,Desvendando o PC :,Norton Peter,Computador -,Livro,Biblioteca Setorial Prof. Rodolfo Helinski - Escola Agrícola de Jundiaí - EAJ - Macaiba,1,0,0,0,0,0,0.0
301694,Guia de instalação - Edição Servidor. -,,Sistema -,Livro,Biblioteca Setorial Prof. Rodolfo Helinski - Escola Agrícola de Jundiaí - EAJ - Macaiba,1,0,0,0,0,0,0.0
301698,Guia prático do servidor Linux,"Teixeira, Roberto Selbuch",Sistema Operacional de Computador,Livro,Biblioteca Setorial Prof. Rodolfo Helinski - Escola Agrícola de Jundiaí - EAJ - Macaiba,1,0,0,0,0,0,0.0
301700,Programas residents no IBM PC,"Yallouz, Carlos",Linguagem de Programação,Livro,Biblioteca Setorial Prof. Rodolfo Helinski - Escola Agrícola de Jundiaí - EAJ - Macaiba,1,0,0,0,0,0,0.0
301701,Windows avançado :,"Richter, Jeffrey",Microsoft Windows NT,Livro,Biblioteca Setorial Prof. Rodolfo Helinski - Escola Agrícola de Jundiaí - EAJ - Macaiba,1,0,0,0,0,0,0.0
301738,Delphi 5 para internet com banco de dados:,"Araújo, Kleitor Franklint Correa de",Programa de Computador -,Livro,Biblioteca Setorial Prof. Rodolfo Helinski - Escola Agrícola de Jundiaí - EAJ - Macaiba,1,0,0,0,0,0,0.0
301739,Introdução à plataforma Java EE 6 com Glassfish 3,"Goncalves, Antônio",Java,Livro,Biblioteca Setorial Prof. Rodolfo Helinski - Escola Agrícola de Jundiaí - EAJ - Macaiba,1,0,0,0,0,0,0.0
301740,Usando visual Basic 4 para Windows 95,"Mckelvy, Michael",Programa de Computação,Livro,Biblioteca Setorial Prof. Rodolfo Helinski - Escola Agrícola de Jundiaí - EAJ - Macaiba,1,0,0,0,0,0,0.0
301741,"Desenvolvendo e-commerce com Java, XML e ISP","Brogden, Bill",EE-commerce -,Livro,Biblioteca Setorial Prof. Rodolfo Helinski - Escola Agrícola de Jundiaí - EAJ - Macaiba,1,0,0,0,0,0,0.0
301742,Multimídia na prática,"Vaughan, Tay",Ciência da Computação,Livro,Biblioteca Setorial Prof. Rodolfo Helinski - Escola Agrícola de Jundiaí - EAJ - Macaiba,1,0,0,0,0,0,0.0
301743,O & M integrado a informática :,"Chinelato Filho, João.",Organização -,Livro,Biblioteca Setorial Prof. Rodolfo Helinski - Escola Agrícola de Jundiaí - EAJ - Macaiba,1,0,0,0,0,0,0.0
301746,Guia de softwares :,,Software -,Livro,Biblioteca Setorial Prof. Rodolfo Helinski - Escola Agrícola de Jundiaí - EAJ - Macaiba,1,0,0,0,0,0,0.0
301748,Usando Delphi 2,,Programa de Computador,Livro,Biblioteca Setorial Prof. Rodolfo Helinski - Escola Agrícola de Jundiaí - EAJ - Macaiba,1,0,0,0,0,0,0.0
301751,Java o guia essencial,"Flanagan, David",Linguagem de Programação -,Livro,Biblioteca Setorial Prof. Rodolfo Helinski - Escola Agrícola de Jundiaí - EAJ - Macaiba,1,0,0,0,0,0,0.0
301821,Interligação em rede com TCP/IP,"Comer, Douglas E.",TCP/IP (Protocolos de redes de computadores),Livro,Biblioteca Setorial Prof. Rodolfo Helinski - Escola Agrícola de Jundiaí - EAJ - Macaiba,1,0,0,0,0,0,0.0
301841,Desenvolvendo aplicações web com Netbeans IDE 6,"Gonçalves, Edson",Linguagem de Programação,Livro,Biblioteca Setorial Prof. Rodolfo Helinski - Escola Agrícola de Jundiaí - EAJ - Macaiba,1,0,0,0,0,0,0.0
301844,Provedor internet - arquitetura e protocolos,"Töpke, Rugani Claus",Internet,Livro,Biblioteca Setorial Prof. Rodolfo Helinski - Escola Agrícola de Jundiaí - EAJ - Macaiba,1,0,0,0,0,0,0.0
301856,Manual de transferência de arquivos para aplicativos PC :,"Weber, Pierre R.",Programa de Computador,Livro,Biblioteca Setorial Prof. Rodolfo Helinski - Escola Agrícola de Jundiaí - EAJ - Macaiba,1,0,0,0,0,0,0.0
301857,Guia do administrador de redes Linux,"Kirch, Olarf",Redes Linux -,Livro,Biblioteca Setorial Prof. Rodolfo Helinski - Escola Agrícola de Jundiaí - EAJ - Macaiba,1,0,0,0,0,0,0.0
301858,Guia do usuário do CorelDRAW versão 8.0. -,,CorelDRAW,Livro,Biblioteca Setorial Prof. Rodolfo Helinski - Escola Agrícola de Jundiaí - EAJ - Macaiba,1,0,0,0,0,0,0.0
301859,UNIX :,"Sampaio, Marcus C.",UNIX (Sistema operacional de computador),Livro,Biblioteca Setorial Prof. Rodolfo Helinski - Escola Agrícola de Jundiaí - EAJ - Macaiba,1,0,0,0,0,0,0.0
301861,Executando o xen:,,Xen -,Livro,Biblioteca Setorial Prof. Rodolfo Helinski - Escola Agrícola de Jundiaí - EAJ - Macaiba,1,0,0,0,0,0,0.0
301863,CA-visual objects guia do desenvolvedor,"Ganz Jr., Carl",Banco de Dados -,Livro,Biblioteca Setorial Prof. Rodolfo Helinski - Escola Agrícola de Jundiaí - EAJ - Macaiba,1,0,0,0,0,0,0.0
301864,Curso de delphi 7 :,"Ribeiro, José Ricardo Cosme Lerias",Linguagem de Programação,Livro,Biblioteca Setorial Prof. Rodolfo Helinski - Escola Agrícola de Jundiaí - EAJ - Macaiba,1,0,0,0,0,0,0.0
301873,Aprendendo visual objects,"Damasceno Jr., Américo",Programação,Livro,Biblioteca Setorial Prof. Rodolfo Helinski - Escola Agrícola de Jundiaí - EAJ - Macaiba,1,0,0,0,0,0,0.0
301887,Entendendo o conectiva Linux. -,,Sistema Operacional de Computadores -,Livro,Biblioteca Setorial Prof. Rodolfo Helinski - Escola Agrícola de Jundiaí - EAJ - Macaiba,2,0,0,0,0,0,0.0
301890,Autocad 2000 :,"Macdowell, Ivan",Autocad,Livro,Biblioteca Setorial Prof. Rodolfo Helinski - Escola Agrícola de Jundiaí - EAJ - Macaiba,5,0,0,0,0,0,0.0
301901,Processamento eletrônico de dados para executivos,"Mello, Aristóphanes Ferreira de",Processamento de dados -,Livro,Biblioteca Setorial Prof. Rodolfo Helinski - Escola Agrícola de Jundiaí - EAJ - Macaiba,1,0,0,0,0,0,0.0
301902,Autocad LT for Windows:,,Autocad,Livro,Biblioteca Setorial Prof. Rodolfo Helinski - Escola Agrícola de Jundiaí - EAJ - Macaiba,1,0,0,0,0,0,0.0
301903,Desenvolvimento orientado a objetos :,,Software -,Livro,Biblioteca Setorial Prof. Rodolfo Helinski - Escola Agrícola de Jundiaí - EAJ - Macaiba,1,0,0,0,0,0,0.0
301953,GuiA do usuário do conectiva Linux 5.0. -,,Linux,Livro,Biblioteca Setorial Prof. Rodolfo Helinski - Escola Agrícola de Jundiaí - EAJ - Macaiba,1,0,0,0,0,0,0.0
301954,Guia de instalação do conectiva Linux. -,,Linux -,Livro,Biblioteca Setorial Prof. Rodolfo Helinski - Escola Agrícola de Jundiaí - EAJ - Macaiba,2,0,0,0,0,0,0.0
301955,Rick Spence:,"Spence, Rick",Programa de Computador,Livro,Biblioteca Setorial Prof. Rodolfo Helinski - Escola Agrícola de Jundiaí - EAJ - Macaiba,1,0,0,0,0,0,0.0
301956,Desenvolvendo relatórios profissionais com iReport para NetBeans IDE,"Gonçalves, Edson",Linguagem de Programação,Livro,Biblioteca Setorial Prof. Rodolfo Helinski - Escola Agrícola de Jundiaí - EAJ - Macaiba,1,0,0,0,0,0,0.0
301957,Guia do usuário do adobe pagemaker versão 6.5. -,,Programa de Computador,Livro,Biblioteca Setorial Prof. Rodolfo Helinski - Escola Agrícola de Jundiaí - EAJ - Macaiba,2,0,0,0,0,0,0.0
301958,Usando Windows NT server 4,"Jennings, Roger",Sistema Cliente-Servidor,Livro,Biblioteca Setorial Prof. Rodolfo Helinski - Escola Agrícola de Jundiaí - EAJ - Macaiba,1,0,0,0,0,0,0.0
301959,Desvendando XML,"Holzner, Steven",XML -,Livro,Biblioteca Setorial Prof. Rodolfo Helinski - Escola Agrícola de Jundiaí - EAJ - Macaiba,1,0,0,0,0,0,0.0
301987,SCO UNIX operating system :,,Sistema Operacional,Livro,Biblioteca Setorial Prof. Rodolfo Helinski - Escola Agrícola de Jundiaí - EAJ - Macaiba,1,0,0,0,0,0,0.0
301988,SCO UNIX operating system :,,Sistema Operacional,Livro,Biblioteca Setorial Prof. Rodolfo Helinski - Escola Agrícola de Jundiaí - EAJ - Macaiba,1,0,0,0,0,0,0.0
301989,SCO UNIX operating system :,,Sistema Operacional,Livro,Biblioteca Setorial Prof. Rodolfo Helinski - Escola Agrícola de Jundiaí - EAJ - Macaiba,1,0,0,0,0,0,0.0
301990,SCO UNIX operating system :,,Sistema Operacional,Livro,Biblioteca Setorial Prof. Rodolfo Helinski - Escola Agrícola de Jundiaí - EAJ - Macaiba,1,0,0,0,0,0,0.0
301991,SCO UNIX operating system :,,Sistema Operacional,Livro,Biblioteca Setorial Prof. Rodolfo Helinski - Escola Agrícola de Jundiaí - EAJ - Macaiba,1,0,0,0,0,0,0.0
301992,SCO UNIX operating system :,,Sistema Operacional,Livro,Biblioteca Setorial Prof. Rodolfo Helinski - Escola Agrícola de Jundiaí - EAJ - Macaiba,1,0,0,0,0,0,0.0
301993,SCO UNIX operating system :,,Sistema Operacional,Livro,Biblioteca Setorial Prof. Rodolfo Helinski - Escola Agrícola de Jundiaí - EAJ - Macaiba,1,0,0,0,0,0,0.0
301994,SCO UNIX operating system :,,Sistema Operacional,Livro,Biblioteca Setorial Prof. Rodolfo Helinski - Escola Agrícola de Jundiaí - EAJ - Macaiba,1,0,0,0,0,0,0.0
302845,Lógica de programação e algoritmos com JavaScript:,"Lepsen, Edécio Fernandes",Lógica de Programação,Livro,Biblioteca Setorial Prof. Rodolfo Helinski - Escola Agrícola de Jundiaí - EAJ - Macaiba,1,0,0,0,0,0,0.0
302851,Java para iniciantes :,"Schildt, Herbert,",Java (Linguagem de programação de computador),Livro,Biblioteca Setorial Prof. Rodolfo Helinski - Escola Agrícola de Jundiaí - EAJ - Macaiba,1,0,0,0,0,0,0.0
303540,CA-visual objects :,,Banco de Dados -,Livro,Biblioteca Setorial Prof. Rodolfo Helinski - Escola Agrícola de Jundiaí - EAJ - Macaiba,3,0,0,0,0,0,0.0
303541,Obtendo resultados com o Microsoft Office para Windows 95 :,,Programa de Computador,Livro,Biblioteca Setorial Prof. Rodolfo Helinski - Escola Agrícola de Jundiaí - EAJ - Macaiba,1,0,0,0,0,0,0.0
303542,Delphi 3 for windows 95 & windows NT :,,Delphi -,Livro,Biblioteca Setorial Prof. Rodolfo Helinski - Escola Agrícola de Jundiaí - EAJ - Macaiba,1,0,0,0,0,0,0.0
303543,Contabilidade para linha PC :,"Abreu, Carlos Alberto C.",Programação de Computadores -,Livro,Biblioteca Setorial Prof. Rodolfo Helinski - Escola Agrícola de Jundiaí - EAJ - Macaiba,1,0,0,0,0,0,0.0
303544,Perl :,"Siever, Ellen",Programação para Internet,Livro,Biblioteca Setorial Prof. Rodolfo Helinski - Escola Agrícola de Jundiaí - EAJ - Macaiba,1,0,0,0,0,0,0.0
303597,Desktop publishing :,"Baeseler, Frank",Editoração eletrônica,Livro,Biblioteca Setorial Prof. Rodolfo Helinski - Escola Agrícola de Jundiaí - EAJ - Macaiba,1,0,0,0,0,0,0.0
303627,Guia do administrador de sistemas LINUX,"Wirzenius, Lars",Sistema Operacional -,Livro,Biblioteca Setorial Prof. Rodolfo Helinski - Escola Agrícola de Jundiaí - EAJ - Macaiba,1,0,0,0,0,0,0.0
303654,Ajax em ação,"Crane, Dave",Linguagem de Programação,Livro,Biblioteca Setorial Prof. Rodolfo Helinski - Escola Agrícola de Jundiaí - EAJ - Macaiba,1,0,0,0,0,0,0.0
303722,CA-visual objects :,,Banco de Dados -,Livro,Biblioteca Setorial Prof. Rodolfo Helinski - Escola Agrícola de Jundiaí - EAJ - Macaiba,2,0,0,0,0,0,0.0
303723,CA-visual objects :,,Banco de Dados -,Livro,Biblioteca Setorial Prof. Rodolfo Helinski - Escola Agrícola de Jundiaí - EAJ - Macaiba,1,0,0,0,0,0,0.0
303724,CA-visual objects :,,Banco de Dados -,Livro,Biblioteca Setorial Prof. Rodolfo Helinski - Escola Agrícola de Jundiaí - EAJ - Macaiba,1,0,0,0,0,0,0.0
303725,CA-visual objects :,,Banco de Dados -,Livro,Biblioteca Setorial Prof. Rodolfo Helinski - Escola Agrícola de Jundiaí - EAJ - Macaiba,3,0,0,0,0,0,0.0
303726,CA-visual objects :,,Banco de Dados -,Livro,Biblioteca Setorial Prof. Rodolfo Helinski - Escola Agrícola de Jundiaí - EAJ - Macaiba,1,0,0,0,0,0,0.0
303727,CA-visual objects :,,Banco de Dados -,Livro,Biblioteca Setorial Prof. Rodolfo Helinski - Escola Agrícola de Jundiaí - EAJ - Macaiba,1,0,0,0,0,0,0.0
303729,CA-clipper:,,Linguagem de Programação,Livro,Biblioteca Setorial Prof. Rodolfo Helinski - Escola Agrícola de Jundiaí - EAJ - Macaiba,1,0,0,0,0,0,0.0
303730,CA-clipper:,,Linguagem de Programação,Livro,Biblioteca Setorial Prof. Rodolfo Helinski - Escola Agrícola de Jundiaí - EAJ - Macaiba,2,0,0,0,0,0,0.0
303731,CA-clipper:,,Linguagem de Programação,Livro,Biblioteca Setorial Prof. Rodolfo Helinski - Escola Agrícola de Jundiaí - EAJ - Macaiba,2,0,0,0,0,0,0.0
303732,CA-clipper:,,Linguagem de Programação,Livro,Biblioteca Setorial Prof. Rodolfo Helinski - Escola Agrícola de Jundiaí - EAJ - Macaiba,1,0,0,0,0,0,0.0
303733,CA-clipper:,,Linguagem de Programação,Livro,Biblioteca Setorial Prof. Rodolfo Helinski - Escola Agrícola de Jundiaí - EAJ - Macaiba,2,0,0,0,0,0,0.0
303734,CA-clipper:,,Linguagem de Programação,Livro,Biblioteca Setorial Prof. Rodolfo Helinski - Escola Agrícola de Jundiaí - EAJ - Macaiba,1,0,0,0,0,0,0.0
303735,CA-clipper:,,Linguagem de Programação,Livro,Biblioteca Setorial Prof. Rodolfo Helinski - Escola Agrícola de Jundiaí - EAJ - Macaiba,1,0,0,0,0,0,0.0
303736,CA-clipper:,,Linguagem de Programação,Livro,Biblioteca Setorial Prof. Rodolfo Helinski - Escola Agrícola de Jundiaí - EAJ - Macaiba,1,0,0,0,0,0,0.0
303737,CA-clipper:,,Linguagem de Programação,Livro,Biblioteca Setorial Prof. Rodolfo Helinski - Escola Agrícola de Jundiaí - EAJ - Macaiba,1,0,0,0,0,0,0.0
303738,Autocad LT for Windows:,,Autocad,Livro,Biblioteca Setorial Prof. Rodolfo Helinski - Escola Agrícola de Jundiaí - EAJ - Macaiba,1,0,0,0,0,0,0.0
303741,CA-clipper:,,Linguagem de Programação,Livro,Biblioteca Setorial Prof. Rodolfo Helinski - Escola Agrícola de Jundiaí - EAJ - Macaiba,1,0,0,0,0,0,0.0
303745,CorelDRAW 9 :,,CorelDRAW,Livro,Biblioteca Setorial Prof. Rodolfo Helinski - Escola Agrícola de Jundiaí - EAJ - Macaiba,2,0,0,0,0,0,0.0
303746,Corel photo-paint 9:,,Corel photo-paint,Livro,Biblioteca Setorial Prof. Rodolfo Helinski - Escola Agrícola de Jundiaí - EAJ - Macaiba,2,0,0,0,0,0,0.0
303774,Corel photo-paint 8:,,Corel photo-paint,Livro,Biblioteca Setorial Prof. Rodolfo Helinski - Escola Agrícola de Jundiaí - EAJ - Macaiba,1,0,0,0,0,0,0.0
303775,Microsoft Access 97 :,,Access (Programa de computador),Livro,Biblioteca Setorial Prof. Rodolfo Helinski - Escola Agrícola de Jundiaí - EAJ - Macaiba,1,0,0,0,0,0,0.0
303780,Microsoft Windows NT Server 4.0  resourve kit :,,Windows NT (Sistema operacional de computador),Livro,Biblioteca Setorial Prof. Rodolfo Helinski - Escola Agrícola de Jundiaí - EAJ - Macaiba,1,0,0,0,0,0,0.0
303789,SCO Shell :,,Sistema Operacional,Livro,Biblioteca Setorial Prof. Rodolfo Helinski - Escola Agrícola de Jundiaí - EAJ - Macaiba,1,0,0,0,0,0,0.0
303791,SCO UNIX operating system :,,Sistema Operacional,Livro,Biblioteca Setorial Prof. Rodolfo Helinski - Escola Agrícola de Jundiaí - EAJ - Macaiba,1,0,0,0,0,0,0.0
303807,CA-clipper:,,Linguagem de Programação,Livro,Biblioteca Setorial Prof. Rodolfo Helinski - Escola Agrícola de Jundiaí - EAJ - Macaiba,1,0,0,0,0,0,0.0
303808,Microsoft Windows NT Server 4.0  resource guide. -,,Windows NT (Sistema operacional de computador),Livro,Biblioteca Setorial Prof. Rodolfo Helinski - Escola Agrícola de Jundiaí - EAJ - Macaiba,1,0,0,0,0,0,0.0
303809,Microsoft Windows NT Server 4.0  Internet guide. -,,Windows NT (Sistema operacional de computador),Livro,Biblioteca Setorial Prof. Rodolfo Helinski - Escola Agrícola de Jundiaí - EAJ - Macaiba,1,0,0,0,0,0,0.0
303810,CA-clipper:,,Linguagem de Programação,Livro,Biblioteca Setorial Prof. Rodolfo Helinski - Escola Agrícola de Jundiaí - EAJ - Macaiba,1,0,0,0,0,0,0.0
303816,Borland delphi 3.0 :,,DELPHI (Linguagem de programação de computador),Livro,Biblioteca Setorial Prof. Rodolfo Helinski - Escola Agrícola de Jundiaí - EAJ - Macaiba,1,0,0,0,0,0,0.0
303817,Borland delphi 3.0 :,,DELPHI (Linguagem de programação de computador),Livro,Biblioteca Setorial Prof. Rodolfo Helinski - Escola Agrícola de Jundiaí - EAJ - Macaiba,1,0,0,0,0,0,0.0
303828,Borland delphi 3.0 :,,DELPHI (Linguagem de programação de computador),Livro,Biblioteca Setorial Prof. Rodolfo Helinski - Escola Agrícola de Jundiaí - EAJ - Macaiba,2,0,0,0,0,0,0.0
303829,Borland interbase :,,Linguagem de programação de computador,Livro,Biblioteca Setorial Prof. Rodolfo Helinski - Escola Agrícola de Jundiaí - EAJ - Macaiba,1,0,0,0,0,0,0.0
303830,"Guia do usuário Microsoft, MS-DOS, 6 :",,MS-DOS (Sistema operacional de computador),Livro,Biblioteca Setorial Prof. Rodolfo Helinski - Escola Agrícola de Jundiaí - EAJ - Macaiba,2,0,0,0,0,0,0.0
303831,Microsoft Windows 98 :,,Windows 98 (Sistema operacional de computador),Livro,Biblioteca Setorial Prof. Rodolfo Helinski - Escola Agrícola de Jundiaí - EAJ - Macaiba,2,0,0,0,0,0,0.0
303833,Microsoft Windows 98 :,,Windows 98 (Sistema operacional de computador),Livro,Biblioteca Setorial Prof. Rodolfo Helinski - Escola Agrícola de Jundiaí - EAJ - Macaiba,1,0,0,0,0,0,0.0
303861,Microsoft excel versão 5.0:,,Microsoft,Livro,Biblioteca Setorial Prof. Rodolfo Helinski - Escola Agrícola de Jundiaí - EAJ - Macaiba,1,0,0,0,0,0,0.0
303862,Microsoft Windows NT versão 4.0 :,,Windows NT (Sistema operacional de computador),Livro,Biblioteca Setorial Prof. Rodolfo Helinski - Escola Agrícola de Jundiaí - EAJ - Macaiba,1,0,0,0,0,0,0.0
303863,Microsoft draw versão 1:,,Microsoft Draw -,Livro,Biblioteca Setorial Prof. Rodolfo Helinski - Escola Agrícola de Jundiaí - EAJ - Macaiba,1,0,0,0,0,0,0.0
303867,Microsoft Access  versão 2.0 :,,Access (Programa de computador),Livro,Biblioteca Setorial Prof. Rodolfo Helinski - Escola Agrícola de Jundiaí - EAJ - Macaiba,1,0,0,0,0,0,0.0
303868,Microsoft Access  versão 2.0 :,,Access (Programa de computador),Livro,Biblioteca Setorial Prof. Rodolfo Helinski - Escola Agrícola de Jundiaí - EAJ - Macaiba,1,0,0,0,0,0,0.0
303881,Open linux 2.2 :,,Linux,Livro,Biblioteca Setorial Prof. Rodolfo Helinski - Escola Agrícola de Jundiaí - EAJ - Macaiba,1,0,0,0,0,0,0.0
303938,Microsoft word para windows 6.0:,,Microsoft word -,Livro,Biblioteca Setorial Prof. Rodolfo Helinski - Escola Agrícola de Jundiaí - EAJ - Macaiba,1,0,0,0,0,0,0.0
303939,Noções básicas e instalação Microsoft Windows NT Workstation  versão 4.0:,,Windows Server (Sistema operacional de computador),Livro,Biblioteca Setorial Prof. Rodolfo Helinski - Escola Agrícola de Jundiaí - EAJ - Macaiba,2,0,0,0,0,0,0.0
303940,Microsoft word para windows 6.0:,,Microsoft word -,Livro,Biblioteca Setorial Prof. Rodolfo Helinski - Escola Agrícola de Jundiaí - EAJ - Macaiba,1,0,0,0,0,0,0.0
303941,Guia de instalação :,,Sistema -,Livro,Biblioteca Setorial Prof. Rodolfo Helinski - Escola Agrícola de Jundiaí - EAJ - Macaiba,1,0,0,0,0,0,0.0
303942,Microsoft MS-DOS 5.0 :,,MS-DOS -,Livro,Biblioteca Setorial Prof. Rodolfo Helinski - Escola Agrícola de Jundiaí - EAJ - Macaiba,1,0,0,0,0,0,0.0
303943,Microsoft word 2.0 para windows :,,Microsoft word -,Livro,Biblioteca Setorial Prof. Rodolfo Helinski - Escola Agrícola de Jundiaí - EAJ - Macaiba,1,0,0,0,0,0,0.0
303944,Guia do servidor LINUX. -,,Linux -,Livro,Biblioteca Setorial Prof. Rodolfo Helinski - Escola Agrícola de Jundiaí - EAJ - Macaiba,1,0,0,0,0,0,0.0
303945,Guia do usuário do conectiva Linux 7.0. -,,Linux -,Livro,Biblioteca Setorial Prof. Rodolfo Helinski - Escola Agrícola de Jundiaí - EAJ - Macaiba,1,0,0,0,0,0,0.0
303947,Guia do servidor conectiva Linux 1.0. -,,Linux -,Livro,Biblioteca Setorial Prof. Rodolfo Helinski - Escola Agrícola de Jundiaí - EAJ - Macaiba,1,0,0,0,0,0,0.0
303948,Guia do usuário do conectiva Linux 6.0. -,,Linux,Livro,Biblioteca Setorial Prof. Rodolfo Helinski - Escola Agrícola de Jundiaí - EAJ - Macaiba,1,0,0,0,0,0,0.0
303955,Guia do usuário conectiva Linux 1.0. -,,Linux -,Livro,Biblioteca Setorial Prof. Rodolfo Helinski - Escola Agrícola de Jundiaí - EAJ - Macaiba,1,0,0,0,0,0,0.0
303956,Guia do servidor conectiva Linux 8.0. -,,Linux -,Livro,Biblioteca Setorial Prof. Rodolfo Helinski - Escola Agrícola de Jundiaí - EAJ - Macaiba,1,0,0,0,0,0,0.0
303957,Guia do servidor. -,,Linux -,Livro,Biblioteca Setorial Prof. Rodolfo Helinski - Escola Agrícola de Jundiaí - EAJ - Macaiba,1,0,0,0,0,0,0.0
304029,Projeto de banco de dados :,"Machado, Felipe Nery Rodrigues.",Banco de dados,Livro,Biblioteca Setorial Prof. Rodolfo Helinski - Escola Agrícola de Jundiaí - EAJ - Macaiba,1,0,0,0,0,0,0.0
304254,Como funcionam as intranets,"Gralla, Preston",Intranets,Livro,Biblioteca Setorial Prof. Rodolfo Helinski - Escola Agrícola de Jundiaí - EAJ - Macaiba,1,0,0,0,0,0,0.0
304255,Central point PC tools for Windows. -,,Ferramentas da Web,Livro,Biblioteca Setorial Prof. Rodolfo Helinski - Escola Agrícola de Jundiaí - EAJ - Macaiba,1,0,0,0,0,0,0.0
304256,Lotus 1.2.3 release 4 ;,,Planilhas Eletrônicas,Livro,Biblioteca Setorial Prof. Rodolfo Helinski - Escola Agrícola de Jundiaí - EAJ - Macaiba,1,0,0,0,0,0,0.0
304257,Microsoft Windows guia de introdução :,,Windows 98 (Sistema operacional de computador),Livro,Biblioteca Setorial Prof. Rodolfo Helinski - Escola Agrícola de Jundiaí - EAJ - Macaiba,1,0,0,0,0,0,0.0
304258,Manual do usuário do software paperport da visioneer :,,Software PaperPort -,Livro,Biblioteca Setorial Prof. Rodolfo Helinski - Escola Agrícola de Jundiaí - EAJ - Macaiba,1,0,0,0,0,0,0.0
304259,Microsoft excel versão 5.0:,,Microsoft,Livro,Biblioteca Setorial Prof. Rodolfo Helinski - Escola Agrícola de Jundiaí - EAJ - Macaiba,1,0,0,0,0,0,0.0
304261,Guia do servidor conectiva Linux 9.0. -,,Linux -,Livro,Biblioteca Setorial Prof. Rodolfo Helinski - Escola Agrícola de Jundiaí - EAJ - Macaiba,1,0,0,0,0,0,0.0
304262,Struts 2 projeto e programação :,"Kurniawan, Budi",Desenvolvimento de Aplicativos,Livro,Biblioteca Setorial Prof. Rodolfo Helinski - Escola Agrícola de Jundiaí - EAJ - Macaiba,1,0,0,0,0,0,0.0
304278,Obtendo resultados com o Microsoft Office 97 :,,Programa de Computador,Livro,Biblioteca Setorial Prof. Rodolfo Helinski - Escola Agrícola de Jundiaí - EAJ - Macaiba,1,0,0,0,0,0,0.0
304285,Coreldraw graphics suite 12,,Computação gráfica,Livro,Biblioteca Setorial Prof. Rodolfo Helinski - Escola Agrícola de Jundiaí - EAJ - Macaiba,1,0,0,0,0,0,0.0
304286,Microsoft Office versão 4.2 e 4.3:,,Office (Programa de computador),Livro,Biblioteca Setorial Prof. Rodolfo Helinski - Escola Agrícola de Jundiaí - EAJ - Macaiba,2,0,0,0,0,0,0.0
304330,CA-visual objects :,,Banco de Dados -,Livro,Biblioteca Setorial Prof. Rodolfo Helinski - Escola Agrícola de Jundiaí - EAJ - Macaiba,1,0,0,0,0,0,0.0
304358,PC hardware in a nutshell:,"Thompson, Robert Bruce",Microcomputador,Livro,Biblioteca Setorial Prof. Rodolfo Helinski - Escola Agrícola de Jundiaí - EAJ - Macaiba,1,0,0,0,0,0,0.0
304360,Obtendo resultados com o Microsoft Excel 97 :,,Programa de Computador,Livro,Biblioteca Setorial Prof. Rodolfo Helinski - Escola Agrícola de Jundiaí - EAJ - Macaiba,1,0,0,0,0,0,0.0
304361,Obtendo resultados com o Microsoft Outlook 97 :,,Programa de Computador,Livro,Biblioteca Setorial Prof. Rodolfo Helinski - Escola Agrícola de Jundiaí - EAJ - Macaiba,1,0,0,0,0,0,0.0
304363,Certificação sun para programador java 6 :,"Sierra, Kathy",Programador Java 6,Livro,Biblioteca Setorial Prof. Rodolfo Helinski - Escola Agrícola de Jundiaí - EAJ - Macaiba,1,0,0,0,0,0,0.0
304373,Utilizando samba e flagship em português para linux,"Monteiro, Emiliano Soares",Linux -,Livro,Biblioteca Setorial Prof. Rodolfo Helinski - Escola Agrícola de Jundiaí - EAJ - Macaiba,1,0,0,0,0,0,0.0
304376,Viruscan,"Haynes, Colin",VírusScan,Livro,Biblioteca Setorial Prof. Rodolfo Helinski - Escola Agrícola de Jundiaí - EAJ - Macaiba,1,0,0,0,0,0,0.0
304378,Obtendo resultados com o Microsoft Word 97 :,,Programa de Computador,Livro,Biblioteca Setorial Prof. Rodolfo Helinski - Escola Agrícola de Jundiaí - EAJ - Macaiba,1,0,0,0,0,0,0.0
304380,Guia prático do Microsoft Publisher 97 :,,Designer Gráfico,Livro,Biblioteca Setorial Prof. Rodolfo Helinski - Escola Agrícola de Jundiaí - EAJ - Macaiba,1,0,0,0,0,0,0.0
304382,Ca-Ret for Microsoft Windows version 2.0:,,Software -,Livro,Biblioteca Setorial Prof. Rodolfo Helinski - Escola Agrícola de Jundiaí - EAJ - Macaiba,1,0,0,0,0,0,0.0
304386,Usando ca-visual objects,,Programação visual,Livro,Biblioteca Setorial Prof. Rodolfo Helinski - Escola Agrícola de Jundiaí - EAJ - Macaiba,1,0,0,0,0,0,0.0
304405,Usando o sistema operacional os/2 versão 3,"Rogers, Linda S.",Sistema Operacional OS/2,Livro,Biblioteca Setorial Prof. Rodolfo Helinski - Escola Agrícola de Jundiaí - EAJ - Macaiba,1,0,0,0,0,0,0.0
304406,"Como montar, configurar e expandir seu PC de 200 a 500 MHz","Vasconcelos, Laércio",PC -,Livro,Biblioteca Setorial Prof. Rodolfo Helinski - Escola Agrícola de Jundiaí - EAJ - Macaiba,1,0,0,0,0,0,0.0
304407,Interbase com Delphi,"Munhoz, Paulo Roberto",Delphi (Linguagem de Programação),Livro,Biblioteca Setorial Prof. Rodolfo Helinski - Escola Agrícola de Jundiaí - EAJ - Macaiba,1,0,0,0,0,0,0.0
304409,Construa o seu próprio computador usando o MP-Z80,"Ciarcia, Steve",Computador -,Livro,Biblioteca Setorial Prof. Rodolfo Helinski - Escola Agrícola de Jundiaí - EAJ - Macaiba,1,0,0,0,0,0,0.0
304457,ADSL & DSL technologies,"Goralski, Walter J.",ADSL -,Livro,Biblioteca Setorial Prof. Rodolfo Helinski - Escola Agrícola de Jundiaí - EAJ - Macaiba,1,0,0,0,0,0,0.0
304478,Novell's guide to Integrating unix and netware networks. -,"Gaskin, E. James",Unix -,Livro,Biblioteca Setorial Prof. Rodolfo Helinski - Escola Agrícola de Jundiaí - EAJ - Macaiba,1,0,0,0,0,0,0.0
304671,Microsoft Windows guia do usuário:,,Windows 98 (Sistema operacional de computador),Livro,Biblioteca Setorial Prof. Rodolfo Helinski - Escola Agrícola de Jundiaí - EAJ - Macaiba,1,0,0,0,0,0,0.0
304689,Borland interbase :,,Linguagem de programação de computador,Livro,Biblioteca Setorial Prof. Rodolfo Helinski - Escola Agrícola de Jundiaí - EAJ - Macaiba,1,0,0,0,0,0,0.0
304829,Macros e VBA para Microsoft Office Excel,"Jelen, Bill.",Excel (Programa de computador),Livro,Biblioteca Setorial Prof. Rodolfo Helinski - Escola Agrícola de Jundiaí - EAJ - Macaiba,1,0,0,0,0,0,0.0
304883,Data Warehouse:,"Oliveira, Adelize Generini de",Data Warehouse,Livro,Biblioteca Setorial Prof. Rodolfo Helinski - Escola Agrícola de Jundiaí - EAJ - Macaiba,1,0,0,0,0,0,0.0
304911,Java o guia essencial,"Flanagan, David",Linguagem de Programação -,Livro,Biblioteca Setorial Prof. Rodolfo Helinski - Escola Agrícola de Jundiaí - EAJ - Macaiba,1,0,0,0,0,0,0.0
304912,Adobe Photoshop CS3 :,"Araújo, Adriana de Fátima",Adobe Photoshop (Programa de computador),Livro,Biblioteca Setorial Prof. Rodolfo Helinski - Escola Agrícola de Jundiaí - EAJ - Macaiba,1,0,0,0,0,0,0.0
304958,Projeto de banco de dados:,"Muller, Robert J.",Banco de dados -,Livro,Biblioteca Setorial Prof. Rodolfo Helinski - Escola Agrícola de Jundiaí - EAJ - Macaiba,1,0,0,0,0,0,0.0
304978,MySQL  :,"Milani, André,",MySQL (Recurso eletrônico),Livro,Biblioteca Setorial Prof. Rodolfo Helinski - Escola Agrícola de Jundiaí - EAJ - Macaiba,1,0,0,0,0,0,0.0
304979,Análise essencial :,"Pompilho, S.",Sistema -,Livro,Biblioteca Setorial Prof. Rodolfo Helinski - Escola Agrícola de Jundiaí - EAJ - Macaiba,1,0,0,0,0,0,0.0
305008,Do mainframe para a computação distribuída:,"Teixeira Júnior, José Helvécio",Banco de dados,Livro,Biblioteca Setorial Prof. Rodolfo Helinski - Escola Agrícola de Jundiaí - EAJ - Macaiba,1,0,0,0,0,0,0.0
305018,Mais Java,"Jandl Junior, Peter",Linguagem de Programação,Livro,Biblioteca Setorial Prof. Rodolfo Helinski - Escola Agrícola de Jundiaí - EAJ - Macaiba,1,0,0,0,0,0,0.0
305019,SQL server 2005 para desenvolvedores,Dewson. Robin,SQL -,Livro,Biblioteca Setorial Prof. Rodolfo Helinski - Escola Agrícola de Jundiaí - EAJ - Macaiba,1,0,0,0,0,0,0.0
305028,ABC dos computadores,"Lytel, Allan",Computadores,Livro,Biblioteca Setorial Prof. Rodolfo Helinski - Escola Agrícola de Jundiaí - EAJ - Macaiba,1,0,0,0,0,0,0.0
305030,Treinamento profissional anti-hacker :,"Moraz, Eduardo",Hackers,Livro,Biblioteca Setorial Prof. Rodolfo Helinski - Escola Agrícola de Jundiaí - EAJ - Macaiba,1,0,0,0,0,0,0.0
305033,Projeto de software: da programação à arquitetura :,"Braude, Eric",Computação,Livro,Biblioteca Setorial Prof. Rodolfo Helinski - Escola Agrícola de Jundiaí - EAJ - Macaiba,1,0,0,0,0,0,0.0
305036,Big Java,"Horstmann, Cay",Java,Livro,Biblioteca Setorial Prof. Rodolfo Helinski - Escola Agrícola de Jundiaí - EAJ - Macaiba,1,0,0,0,0,0,0.0
305037,Guia de referência do VBA,"Morgado, Flávio",Linguagem de Programação,Livro,Biblioteca Setorial Prof. Rodolfo Helinski - Escola Agrícola de Jundiaí - EAJ - Macaiba,1,0,0,0,0,0,0.0
305041,"Ajax, rich internet applications e desenvolvimento web para programadores","Deitel, Paul J.",Java Script,Livro,Biblioteca Setorial Prof. Rodolfo Helinski - Escola Agrícola de Jundiaí - EAJ - Macaiba,1,0,0,0,0,0,0.0
305050,Quinze lições de informática,"Velloso, Fernando de Castro",Informática,Livro,Biblioteca Setorial Prof. Rodolfo Helinski - Escola Agrícola de Jundiaí - EAJ - Macaiba,1,0,0,0,0,0,0.0
305051,Entendendo o Word 2010,"Moraz, Eduardo",Word -,Livro,Biblioteca Setorial Prof. Rodolfo Helinski - Escola Agrícola de Jundiaí - EAJ - Macaiba,1,0,0,0,0,0,0.0
305054,Os dados da sua empresa estão seguros? duvido!,"Braga Filho, João Rocha",Redes de Computadores,Livro,Biblioteca Setorial Prof. Rodolfo Helinski - Escola Agrícola de Jundiaí - EAJ - Macaiba,1,0,0,0,0,0,0.0
305653,Como fazer expansões de Hardware no seu PC,"Vasconcelos, Laércio",Hardware,Livro,Biblioteca Setorial Prof. Rodolfo Helinski - Escola Agrícola de Jundiaí - EAJ - Macaiba,1,0,0,0,0,0,0.0
305673,Software brasileiro sem mistério:,"Chaves, Antônio",Software,Livro,Biblioteca Setorial Prof. Rodolfo Helinski - Escola Agrícola de Jundiaí - EAJ - Macaiba,1,0,0,0,0,0,0.0
305675,CA Micro Products for Microsoft Windows:,,SQL,Livro,Biblioteca Setorial Prof. Rodolfo Helinski - Escola Agrícola de Jundiaí - EAJ - Macaiba,1,0,0,0,0,0,0.0
305676,Adobe illustrator CS,"Tanaka, Edson",Programa de Computador,Livro,Biblioteca Setorial Prof. Rodolfo Helinski - Escola Agrícola de Jundiaí - EAJ - Macaiba,1,0,0,0,0,0,0.0
305685,Microsoft Word para indows Equation Editor:,,Microsoft word -,Livro,Biblioteca Setorial Prof. Rodolfo Helinski - Escola Agrícola de Jundiaí - EAJ - Macaiba,1,0,0,0,0,0,0.0
305686,CA Micro Products for Microsoft Windows:,,Database Driver,Livro,Biblioteca Setorial Prof. Rodolfo Helinski - Escola Agrícola de Jundiaí - EAJ - Macaiba,1,0,0,0,0,0,0.0
305699,Guia do usuário globalink power translator pro. -,,Globalink -,Livro,Biblioteca Setorial Prof. Rodolfo Helinski - Escola Agrícola de Jundiaí - EAJ - Macaiba,1,0,0,0,0,0,0.0
305924,Javamail - guia pártico,"Lima, Johnatan Daniel  Fromholz",Java,Livro,Biblioteca Setorial Prof. Rodolfo Helinski - Escola Agrícola de Jundiaí - EAJ - Macaiba,1,0,0,0,0,0,0.0
306206,Aplicações e banco de dados para internet,"Marcon, Marcos Antonio",Banco de dados -,Livro,Biblioteca Setorial Prof. Rodolfo Helinski - Escola Agrícola de Jundiaí - EAJ - Macaiba,1,0,0,0,0,0,0.0
306231,Word para windows :,"Galvão, Leonardo de A.",Programas de computador,Livro,Biblioteca Setorial Prof. Rodolfo Helinski - Escola Agrícola de Jundiaí - EAJ - Macaiba,1,0,0,0,0,0,0.0
306244,PC Server 310:,,PC server -,Livro,Biblioteca Setorial Prof. Rodolfo Helinski - Escola Agrícola de Jundiaí - EAJ - Macaiba,1,0,0,0,0,0,0.0
306395,Ca-Ret for Microsoft Windows version 2.0:,,Software -,Livro,Biblioteca Setorial Prof. Rodolfo Helinski - Escola Agrícola de Jundiaí - EAJ - Macaiba,1,0,0,0,0,0,0.0
306398,J2EE Java 2 enterprise Edition :,"Cattell, Rick",Java (Linguagem de programação de computador),Livro,Biblioteca Setorial Prof. Rodolfo Helinski - Escola Agrícola de Jundiaí - EAJ - Macaiba,1,0,0,0,0,0,0.0
306416,Aplicações em FoxPro 2.5 para Windows,"Lima, Adilson da Silva",Programadores,Livro,Biblioteca Setorial Prof. Rodolfo Helinski - Escola Agrícola de Jundiaí - EAJ - Macaiba,1,0,0,0,0,0,0.0
306599,User's guide to os/2. -,,Sistema Operacional,Livro,Biblioteca Setorial Prof. Rodolfo Helinski - Escola Agrícola de Jundiaí - EAJ - Macaiba,1,0,0,0,0,0,0.0
306601,Handbook Improv for Windows. -,,Lotus,Livro,Biblioteca Setorial Prof. Rodolfo Helinski - Escola Agrícola de Jundiaí - EAJ - Macaiba,1,0,0,0,0,0,0.0
306603,Microsoft query versão 1.0:,,Aplicativo,Livro,Biblioteca Setorial Prof. Rodolfo Helinski - Escola Agrícola de Jundiaí - EAJ - Macaiba,1,0,0,0,0,0,0.0
306606,Creating help files:,,Ferramenta -,Livro,Biblioteca Setorial Prof. Rodolfo Helinski - Escola Agrícola de Jundiaí - EAJ - Macaiba,1,0,0,0,0,0,0.0
306607,Cleansweep 95:,,Software -,Livro,Biblioteca Setorial Prof. Rodolfo Helinski - Escola Agrícola de Jundiaí - EAJ - Macaiba,1,0,0,0,0,0,0.0
306608,Flow charting 4 :,,Lógica de Programação,Livro,Biblioteca Setorial Prof. Rodolfo Helinski - Escola Agrícola de Jundiaí - EAJ - Macaiba,1,0,0,0,0,0,0.0
306609,Flow charting 4 :,,Lógica de Programação,Livro,Biblioteca Setorial Prof. Rodolfo Helinski - Escola Agrícola de Jundiaí - EAJ - Macaiba,1,0,0,0,0,0,0.0
306629,Programming the parallel port:,"Gadre, Dhananjay V.",Porta paralela -,Livro,Biblioteca Setorial Prof. Rodolfo Helinski - Escola Agrícola de Jundiaí - EAJ - Macaiba,1,0,0,0,0,0,0.0
306662,Data base management systems,"Cardenas, Alfonso F.",Banco de dados -,Livro,Biblioteca Setorial Prof. Rodolfo Helinski - Escola Agrícola de Jundiaí - EAJ - Macaiba,1,0,0,0,0,0,0.0
306668,MicroC/OS-II:,"Labrosse, Jean J.",Sistemas operacionais -,Livro,Biblioteca Setorial Prof. Rodolfo Helinski - Escola Agrícola de Jundiaí - EAJ - Macaiba,1,0,0,0,0,0,0.0
306672,Hackers expostos Linux:,"Hatch, Brian.",Segurança -,Livro,Biblioteca Setorial Prof. Rodolfo Helinski - Escola Agrícola de Jundiaí - EAJ - Macaiba,1,0,0,0,0,0,0.0
306702,300 dicas OpenOffice.org. -,,Programa de computadores -,Livro,Biblioteca Setorial Prof. Rodolfo Helinski - Escola Agrícola de Jundiaí - EAJ - Macaiba,1,0,0,0,0,0,0.0
165842,Banco de dados :,"Alves, William Pereira.",Sistema de informação,Livro,Biblioteca Setorial Prof. Rodolfo Helinski - Escola Agrícola de Jundiaí - EAJ - Macaiba,15,1,0,0,0,1,0.07
224007,Windows Word Internet. -,,Programa de Computador -,Livro,Biblioteca Setorial Prof. Rodolfo Helinski - Escola Agrícola de Jundiaí - EAJ - Macaiba,10,0,0,1,0,1,0.1
35518,Fundamentals of algorithmics,"Brassard, Gilles,",Algoritmos,Livro,Biblioteca Setorial Prof. Rodolfo Helinski - Escola Agrícola de Jundiaí - EAJ - Macaiba,8,0,0,0,1,1,0.12
91297,"Montagem, configuração e manutenção de computadores",,Computadores,Livro,Biblioteca Setorial Prof. Rodolfo Helinski - Escola Agrícola de Jundiaí - EAJ - Macaiba,8,1,0,0,0,1,0.12
188945,Use a cabeça! :,"Watrall, Ethan",Sites da Web -,Livro,Biblioteca Setorial Prof. Rodolfo Helinski - Escola Agrícola de Jundiaí - EAJ - Macaiba,5,0,1,0,0,1,0.2
189002,Android em ação :,"Ableson, W. Frank.",Android (Sistema operacional para celular),Livro,Biblioteca Setorial Prof. Rodolfo Helinski - Escola Agrícola de Jundiaí - EAJ - Macaiba,5,1,0,0,0,1,0.2
206405,Estruturas de dados e algoritmos em Java,"Goodrich, Michael T.",Java (Linguagem de programação de computador),Livro,Biblioteca Setorial Prof. Rodolfo Helinski - Escola Agrícola de Jundiaí - EAJ - Macaiba,5,0,0,1,0,1,0.2
120799,"Montagem, configuração e manutenção de computadores",,Computadores,Livro,Biblioteca Setorial Prof. Rodolfo Helinski - Escola Agrícola de Jundiaí - EAJ - Macaiba,4,0,1,0,0,1,0.25
132726,Construindo sites com CSS e (X)HTML :,"Silva, Maurício Samy,",CSS (Linguagem de programação de computadores),Livro,Biblioteca Setorial Prof. Rodolfo Helinski - Escola Agrícola de Jundiaí - EAJ - Macaiba,4,0,0,0,1,1,0.25
132861,"Java para a Web com Servlets, JSP e EJB","Kurniawan, Budi",Java (Linguagem de programação de computador),Livro,Biblioteca Setorial Prof. Rodolfo Helinski - Escola Agrícola de Jundiaí - EAJ - Macaiba,3,1,0,0,0,1,0.33
167535,Estrutura de dados e algoritmos em C++,"Drozdek, Adam.",Algoritmos,Livro,Biblioteca Setorial Prof. Rodolfo Helinski - Escola Agrícola de Jundiaí - EAJ - Macaiba,6,1,1,0,0,2,0.33
173903,Redes de computadores,"Tanenbaum, Andrew S.,",Redes de computadores,Livro,Biblioteca Setorial Prof. Rodolfo Helinski - Escola Agrícola de Jundiaí - EAJ - Macaiba,3,0,0,0,1,1,0.33
187510,Hardware II :,"Morimoto, Carlos E.",Hardware,Livro,Biblioteca Setorial Prof. Rodolfo Helinski - Escola Agrícola de Jundiaí - EAJ - Macaiba,6,1,0,0,1,2,0.33
188980,Linux :,"Hunt, Craig.",Linux (Sistema operacional de computador),Livro,Biblioteca Setorial Prof. Rodolfo Helinski - Escola Agrícola de Jundiaí - EAJ - Macaiba,6,2,0,0,0,2,0.33
188988,Segurança de redes em ambientes cooperativos,"Nakamura, Emilio Tissato,",Redes de computadores -,Livro,Biblioteca Setorial Prof. Rodolfo Helinski - Escola Agrícola de Jundiaí - EAJ - Macaiba,6,0,1,0,1,2,0.33
182741,"Eletrônica, básica :","Silva, Ricardo Pereira da.",Engenharia elétrica,Livro,Biblioteca Setorial Prof. Rodolfo Helinski - Escola Agrícola de Jundiaí - EAJ - Macaiba,8,0,2,1,0,3,0.38
120911,Fundamentos de bancos de dados :,"Guimarães, Célio Cardoso,",Software,Livro,Biblioteca Setorial Prof. Rodolfo Helinski - Escola Agrícola de Jundiaí - EAJ - Macaiba,5,0,1,0,1,2,0.4
176618,Fundamentos da inteligência artificial,"Rosa, João Luís Garcia.",Inteligência artificial,Livro,Biblioteca Setorial Prof. Rodolfo Helinski - Escola Agrícola de Jundiaí - EAJ - Macaiba,10,1,0,3,0,4,0.4
235516,Fundamentos de sistemas operacionais,"Machado, Francis B.",Sistemas operacionais (Computadores),Livro,Biblioteca Setorial Prof. Rodolfo Helinski - Escola Agrícola de Jundiaí - EAJ - Macaiba,16,5,2,0,0,7,0.44
34398,UML :,"Booch, Grady.",UML (Linguagem de modelagem padrão),Livro,Biblioteca Setorial Prof. Rodolfo Helinski - Escola Agrícola de Jundiaí - EAJ - Macaiba,2,0,1,0,0,1,0.5
89831,MySQL :,"Rangel, Alexandre.",Linguagem de programação (Computadores),Livro,Biblioteca Setorial Prof. Rodolfo Helinski - Escola Agrícola de Jundiaí - EAJ - Macaiba,6,3,0,0,0,3,0.5
91583,Algoritmos,"Salvetti, Dirceu Douglas.",Algoritmos,Livro,Biblioteca Setorial Prof. Rodolfo Helinski - Escola Agrícola de Jundiaí - EAJ - Macaiba,2,1,0,0,0,1,0.5
165173,Sistemas distribuídos :,"Tanenbaum, Andrew S.,",Sistemas operacionais distribuídos (Computadores),Livro,Biblioteca Setorial Prof. Rodolfo Helinski - Escola Agrícola de Jundiaí - EAJ - Macaiba,2,1,0,0,0,1,0.5
181124,Wireless sensor networks,"Akyildiz, Ian F.",Redes de computadores,Livro,Biblioteca Setorial Prof. Rodolfo Helinski - Escola Agrícola de Jundiaí - EAJ - Macaiba,2,0,1,0,0,1,0.5
188998,Google android :,"Lecheta, Ricardo R.",Android (Programa de computador),Livro,Biblioteca Setorial Prof. Rodolfo Helinski - Escola Agrícola de Jundiaí - EAJ - Macaiba,4,2,0,0,0,2,0.5
207895,Segredo das redes de computadores,"Carmona, Tadeu",Redes de computadores,Livro,Biblioteca Setorial Prof. Rodolfo Helinski - Escola Agrícola de Jundiaí - EAJ - Macaiba,2,0,0,0,1,1,0.5
206805,Programação com arduino :,"Monk, Simon",Arduino (Controlador programável),Livro,Biblioteca Setorial Prof. Rodolfo Helinski - Escola Agrícola de Jundiaí - EAJ - Macaiba,9,2,2,1,0,5,0.56
180475,Engenharia de software :,"Pressman, Roger S.",Engenharia de software,Livro,Biblioteca Setorial Prof. Rodolfo Helinski - Escola Agrícola de Jundiaí - EAJ - Macaiba,7,1,2,0,1,4,0.57
130060,Sistemas operacionais modernos,"Tanenbaum, Andrew S.,",Sistema operacional,Livro,Biblioteca Setorial Prof. Rodolfo Helinski - Escola Agrícola de Jundiaí - EAJ - Macaiba,3,1,1,0,0,2,0.67
163966,Manual do administrador do sistema Unix,,Unix (Sistema operacional de computador),Livro,Biblioteca Setorial Prof. Rodolfo Helinski - Escola Agrícola de Jundiaí - EAJ - Macaiba,3,2,0,0,0,2,0.67
178057,Microcomputadores :,Lacerda. Ivan Max Freire de,Computador -,Livro,Biblioteca Setorial Prof. Rodolfo Helinski - Escola Agrícola de Jundiaí - EAJ - Macaiba,8,0,5,2,0,7,0.88
5340,Algoritmos e estruturas de dados,"Guimarães, Angelo de Moura",Algoritmos,Livro,Biblioteca Setorial Prof. Rodolfo Helinski - Escola Agrícola de Jundiaí - EAJ - Macaiba,1,0,0,0,1,1,1.0
8572,Circuitos digitais e microprocessadores,"Taub, Herbert",Microprocessadores,Livro,Biblioteca Setorial Prof. Rodolfo Helinski - Escola Agrícola de Jundiaí - EAJ - Macaiba,1,0,0,0,1,1,1.0
9551,Treinamento em linguagem C :,"Mizrahi, Victorine Viviane.",C (Linguagem de programação de computador),Livro,Biblioteca Setorial Prof. Rodolfo Helinski - Escola Agrícola de Jundiaí - EAJ - Macaiba,1,1,0,0,0,1,1.0
9823,Projeto de sistemas operacionais em linguagem C,"Albuquerque, Fernando.",Sistema operacional,Livro,Biblioteca Setorial Prof. Rodolfo Helinski - Escola Agrícola de Jundiaí - EAJ - Macaiba,1,0,1,0,0,1,1.0
10966,C :,"Kernighan, Brian W.,",Linguagem de programação (Computadores),Livro,Biblioteca Setorial Prof. Rodolfo Helinski - Escola Agrícola de Jundiaí - EAJ - Macaiba,1,1,0,0,0,1,1.0
34214,Programação em Turbo Pascal :,"Carroll, David W.",Turbo Pascal (Linguagem de programação de computador),Livro,Biblioteca Setorial Prof. Rodolfo Helinski - Escola Agrícola de Jundiaí - EAJ - Macaiba,1,0,0,0,1,1,1.0
52109,PC-guia prático de manutenção,"Boyce, Jim,",Microcomputador -,Livro,Biblioteca Setorial Prof. Rodolfo Helinski - Escola Agrícola de Jundiaí - EAJ - Macaiba,1,1,0,0,0,1,1.0
60327,Técnicas de programação :,"Saliba, Walter Luiz Caram.",Programação (Computadores),Livro,Biblioteca Setorial Prof. Rodolfo Helinski - Escola Agrícola de Jundiaí - EAJ - Macaiba,1,1,0,0,0,1,1.0
117339,Programação orientada a objetos com Java,"Barnes, David J.",Programação orientada a objetos (Computação),Livro,Biblioteca Setorial Prof. Rodolfo Helinski - Escola Agrícola de Jundiaí - EAJ - Macaiba,1,1,0,0,0,1,1.0
123981,Introdução a sistemas de bancos de dados,"Date, C. J.,",Banco de dados,Livro,Biblioteca Setorial Prof. Rodolfo Helinski - Escola Agrícola de Jundiaí - EAJ - Macaiba,1,0,1,0,0,1,1.0
151036,Dominando o DOS,"Judd, Robbins.",MS DOS  (Sistema Operacional de Microcomputadores),Livro,Biblioteca Setorial Prof. Rodolfo Helinski - Escola Agrícola de Jundiaí - EAJ - Macaiba,1,0,1,0,0,1,1.0
172290,Principios de análise e projeto de sistemas com UML,"Bezerra, Eduardo",Métodos orientados a objetos -,Livro,Biblioteca Setorial Prof. Rodolfo Helinski - Escola Agrícola de Jundiaí - EAJ - Macaiba,1,1,0,0,0,1,1.0
180650,"Desenvolvendo aplicações web com JPS, servlets, Javaserver faces, hibernate, EJB 3 persistence e AJAX","Gonçalves, Edson.",Java (Linguagem de programação de computador),Livro,Biblioteca Setorial Prof. Rodolfo Helinski - Escola Agrícola de Jundiaí - EAJ - Macaiba,2,2,0,0,0,2,1.0
190389,C completo e total,"Schildt, Herbert,",C (Linguagem de programação de computador),Livro,Biblioteca Setorial Prof. Rodolfo Helinski - Escola Agrícola de Jundiaí - EAJ - Macaiba,1,1,0,0,0,1,1.0
207125,SQL :,"Oliveira, Celso H. Poderoso de",SQL (Linguagem de programação de computador),Livro,Biblioteca Setorial Prof. Rodolfo Helinski - Escola Agrícola de Jundiaí - EAJ - Macaiba,1,0,1,0,0,1,1.0
207215,Programação gráfica em turbo c++ :,"Ezzell, Ben",Linguagem de Programação,Livro,Biblioteca Setorial Prof. Rodolfo Helinski - Escola Agrícola de Jundiaí - EAJ - Macaiba,2,1,1,0,0,2,1.0
235891,Sistema de banco de dados,"Korth, Henry F.",Banco de dados,Livro,Biblioteca Setorial Prof. Rodolfo Helinski - Escola Agrícola de Jundiaí - EAJ - Macaiba,1,1,0,0,0,1,1.0
237239,Introdução à informática,"Capron, H. L.,",Informática,Livro,Biblioteca Setorial Prof. Rodolfo Helinski - Escola Agrícola de Jundiaí - EAJ - Macaiba,1,0,1,0,0,1,1.0
237458,TCP/IP :,"Sportack, Mark A.",TCP/IP (Protocolo de rede de computador),Livro,Biblioteca Setorial Prof. Rodolfo Helinski - Escola Agrícola de Jundiaí - EAJ - Macaiba,1,0,0,0,1,1,1.0
238242,Manutenção e configuração de micros para principiantes,"Torres, Gabriel.",Microcomputadores -,Livro,Biblioteca Setorial Prof. Rodolfo Helinski - Escola Agrícola de Jundiaí - EAJ - Macaiba,1,0,1,0,0,1,1.0
239424,Programação de computadores em Java,"Camarão, Carlos,",Java (Linguagem de programação de computador),Livro,Biblioteca Setorial Prof. Rodolfo Helinski - Escola Agrícola de Jundiaí - EAJ - Macaiba,1,0,0,0,1,1,1.0
240383,Linux guia de referência para leigos,"Dulaney, Emmett",Linux,Livro,Biblioteca Setorial Prof. Rodolfo Helinski - Escola Agrícola de Jundiaí - EAJ - Macaiba,1,0,0,0,1,1,1.0
248870,Estruturas de dados fundamentais :,"Pereira, Silvio do Lago.",Estruturas de dados (Computação),Livro,Biblioteca Setorial Prof. Rodolfo Helinski - Escola Agrícola de Jundiaí - EAJ - Macaiba,1,0,0,0,1,1,1.0
248882,Programacao :,"Villas, Marcos V.",Programação (Computadores),Livro,Biblioteca Setorial Prof. Rodolfo Helinski - Escola Agrícola de Jundiaí - EAJ - Macaiba,1,0,1,0,0,1,1.0
249399,MS-Access 7.0 para Windows 95,"Alves, William Pereira,",Access (Programa de computador),Livro,Biblioteca Setorial Prof. Rodolfo Helinski - Escola Agrícola de Jundiaí - EAJ - Macaiba,1,1,0,0,0,1,1.0
256952,Curso de Robótica,"Usategui, José Maria Angulo",Robótica,Livro,Biblioteca Setorial Prof. Rodolfo Helinski - Escola Agrícola de Jundiaí - EAJ - Macaiba,1,0,0,1,0,1,1.0
258609,MS-DOS 5 :,"Croydon, Thomas.",MS-DOS (Sistema operacional de computador),Livro,Biblioteca Setorial Prof. Rodolfo Helinski - Escola Agrícola de Jundiaí - EAJ - Macaiba,1,0,1,0,0,1,1.0
169944,Sistemas digitais :,"Tocci, Ronald J.",Eletrônica digital,Livro,Biblioteca Setorial Prof. Rodolfo Helinski - Escola Agrícola de Jundiaí - EAJ - Macaiba,7,6,1,0,1,8,1.14
210526,Rede de computadores :,"Lacerda, Ivan Max Freire de.",Redes de computadores,Livro,Biblioteca Setorial Prof. Rodolfo Helinski - Escola Agrícola de Jundiaí - EAJ - Macaiba,15,0,19,1,0,20,1.33
165817,Programação Java com ênfase em orientação a objetos,"Mendes, Douglas Rocha,",Java (Linguagem de programação de computador),Livro,Biblioteca Setorial Prof. Rodolfo Helinski - Escola Agrícola de Jundiaí - EAJ - Macaiba,5,2,3,0,2,7,1.4
94963,Sistemas operacionais modernos,"Tanenbaum, Andrew S.,",Sistema operacional,Livro,Biblioteca Setorial Prof. Rodolfo Helinski - Escola Agrícola de Jundiaí - EAJ - Macaiba,2,3,0,0,0,3,1.5
188995,Comandos linux :,"Lunardi, Marco Agisander",Linux (Sistema operacional),Livro,Biblioteca Setorial Prof. Rodolfo Helinski - Escola Agrícola de Jundiaí - EAJ - Macaiba,4,3,0,0,3,6,1.5
167525,Java :,"Deitel, Paul J.,",Java (Linguagem de programação de computador),Livro,Biblioteca Setorial Prof. Rodolfo Helinski - Escola Agrícola de Jundiaí - EAJ - Macaiba,5,1,7,0,0,8,1.6
176487,Entendendo e dominando o hardware :,"Lacerda, Ivan Max Freire de",Hardware,Livro,Biblioteca Setorial Prof. Rodolfo Helinski - Escola Agrícola de Jundiaí - EAJ - Macaiba,8,2,9,1,2,14,1.75
148994,Use a cabeça! Java,"Sierra, Kathy.",Java (Linguagem de programação de computador),Livro,Biblioteca Setorial Prof. Rodolfo Helinski - Escola Agrícola de Jundiaí - EAJ - Macaiba,5,0,6,3,0,9,1.8
188803,Java :,"Deitel, Harvey M.,",Java (Linguagem de programação de computador),Livro,Biblioteca Setorial Prof. Rodolfo Helinski - Escola Agrícola de Jundiaí - EAJ - Macaiba,5,2,7,0,0,9,1.8
152364,Treinamento em linguagem C++,"Mizrahi, Victorine Viviane.",C++ (Linguagem de programação de computador),Livro,Biblioteca Setorial Prof. Rodolfo Helinski - Escola Agrícola de Jundiaí - EAJ - Macaiba,6,1,1,9,0,11,1.83
176620,Inteligência artificial,"Coppin, Ben.",Inteligência artificial,Livro,Biblioteca Setorial Prof. Rodolfo Helinski - Escola Agrícola de Jundiaí - EAJ - Macaiba,6,3,8,0,0,11,1.83
202185,Guia de consulta rápida C++,"Saade, Joel",C++,Livro,Biblioteca Setorial Prof. Rodolfo Helinski - Escola Agrícola de Jundiaí - EAJ - Macaiba,2,1,0,0,3,4,2.0
208126,MATLAB : versão do estudante :,,MATLAB (Programa de computador),Livro,Biblioteca Setorial Prof. Rodolfo Helinski - Escola Agrícola de Jundiaí - EAJ - Macaiba,1,2,0,0,0,2,2.0
218854,Fundamentos de processamento digital de imagens :,"Solomon, Chris",Programa de Computador -,Livro,Biblioteca Setorial Prof. Rodolfo Helinski - Escola Agrícola de Jundiaí - EAJ - Macaiba,6,4,3,0,5,12,2.0
225982,Algoritmos :,"Manzano, Jose Augusto N. G.",Programação (Computadores),Livro,Biblioteca Setorial Prof. Rodolfo Helinski - Escola Agrícola de Jundiaí - EAJ - Macaiba,1,1,0,1,0,2,2.0
231119,Estrutura de dados e técnicas de programação,,Programação (Computadores),Livro,Biblioteca Setorial Prof. Rodolfo Helinski - Escola Agrícola de Jundiaí - EAJ - Macaiba,3,1,4,1,0,6,2.0
248866,Use a cabeça! HTML com CSS e XHTML,"Freeman, Elisabeth.",HTML (Linguagem de programação de computador),Livro,Biblioteca Setorial Prof. Rodolfo Helinski - Escola Agrícola de Jundiaí - EAJ - Macaiba,1,1,1,0,0,2,2.0
248868,C# 2008 para leigos,"Sphar, Chuck,",C# (Linguagem de programação de computador),Livro,Biblioteca Setorial Prof. Rodolfo Helinski - Escola Agrícola de Jundiaí - EAJ - Macaiba,1,1,1,0,0,2,2.0
248876,Guia de consulta rápida javascript,"Damiani, Edgard B.",Java,Livro,Biblioteca Setorial Prof. Rodolfo Helinski - Escola Agrícola de Jundiaí - EAJ - Macaiba,1,0,0,0,2,2,2.0
248885,Criando páginas web com CSS - soluções avançadas para padrões web,"Budd, Andy",CSS (Linguagem de Programação),Livro,Biblioteca Setorial Prof. Rodolfo Helinski - Escola Agrícola de Jundiaí - EAJ - Macaiba,1,0,1,0,1,2,2.0
182356,Servidores Linux :,"Morimoto, Carlos E.",Linux (Sistema operacional de computador),Livro,Biblioteca Setorial Prof. Rodolfo Helinski - Escola Agrícola de Jundiaí - EAJ - Macaiba,8,16,2,0,1,19,2.38
117345,C++ como programar,"Deitel, Harvey M.,",C++ (Linguagem de programação de computador),Livro,Biblioteca Setorial Prof. Rodolfo Helinski - Escola Agrícola de Jundiaí - EAJ - Macaiba,2,0,0,2,3,5,2.5
120432,Programming Netscape plug-ins,"Oliphant, Zan",Linguagem de programação (Computadores),Livro,Biblioteca Setorial Prof. Rodolfo Helinski - Escola Agrícola de Jundiaí - EAJ - Macaiba,3,2,0,6,0,8,2.67
77278,Microcomputadores e microprocessadores,"Malvino, Albert Paul.",Microcomputadores,Livro,Biblioteca Setorial Prof. Rodolfo Helinski - Escola Agrícola de Jundiaí - EAJ - Macaiba,1,0,0,0,3,3,3.0
256522,MS-DOS 6.2,"Ramalho, José Antonio Alves",Sistema Operacional,Livro,Biblioteca Setorial Prof. Rodolfo Helinski - Escola Agrícola de Jundiaí - EAJ - Macaiba,1,0,0,0,3,3,3.0
91840,Algoritmos e programação :,"Medina, Marco,",Algoritmos,Livro,Biblioteca Setorial Prof. Rodolfo Helinski - Escola Agrícola de Jundiaí - EAJ - Macaiba,10,12,15,3,2,32,3.2
242807,Arduino básico,"McRoberts, Michael",Linguagem de programação (Computadores),Livro,Biblioteca Setorial Prof. Rodolfo Helinski - Escola Agrícola de Jundiaí - EAJ - Macaiba,7,8,11,4,1,24,3.43
238351,Programando em C/C ++ :,"Jamsa, Kris A.,",C (Linguagem de programação de computador),Livro,Biblioteca Setorial Prof. Rodolfo Helinski - Escola Agrícola de Jundiaí - EAJ - Macaiba,1,1,1,1,1,4,4.0
248867,Use a cabeça :,"Morrison, Michael.",JavaScript (Linguagem de programação de computador),Livro,Biblioteca Setorial Prof. Rodolfo Helinski - Escola Agrícola de Jundiaí - EAJ - Macaiba,1,1,1,1,2,5,5.0
248288,MS-DOS programação avançada,"Young, Michael J.",MS-DOS (Sistema operacional de computador),Livro,Biblioteca Setorial Prof. Rodolfo Helinski - Escola Agrícola de Jundiaí - EAJ - Macaiba,1,1,2,0,3,6,6.0
248884,c++ ansi (iso/iec14882:1998) :,"Manzano, José Augusto Navarro Garcia",C++ (Linguagem de Programação para Computadores),Livro,Biblioteca Setorial Prof. Rodolfo Helinski - Escola Agrícola de Jundiaí - EAJ - Macaiba,1,0,2,0,4,6,6.0
228882,Linguagem c:,"Backes, André",Linguagem de Programação de Computador,Livro,Biblioteca Setorial Prof. Rodolfo Helinski - Escola Agrícola de Jundiaí - EAJ - Macaiba,10,73,99,10,1,183,18.3
5245,Guia para programadores,"Bohl, Marilyn,",Programação (Computadores),Livro,Biblioteca Setorial Prof. Ronaldo Xavier de Arruda - CCET,1,0,0,0,0,0,0.0
8126,Programação e técnicas :,"Grillo, Maria Celia Arruda.",Turbo Pascal (Linguagem de programação de computador),Livro,Biblioteca Setorial Prof. Ronaldo Xavier de Arruda - CCET,1,0,0,0,0,0,0.0
8534,Turbo pascal avançado,"Schildt, Herbert,",Turbo Pascal (Linguagem de programação de computador),Livro,Biblioteca Setorial Prof. Ronaldo Xavier de Arruda - CCET,1,0,0,0,0,0,0.0
9550,Treinamento em Linguagem C :,"Mizrahi, Victorine Viviane.",C (Linguagem de programação de computador),Livro,Biblioteca Setorial Prof. Ronaldo Xavier de Arruda - CCET,1,0,0,0,0,0,0.0
10966,C :,"Kernighan, Brian W.,",Linguagem de programação (Computadores),Livro,Biblioteca Setorial Prof. Ronaldo Xavier de Arruda - CCET,1,0,0,0,0,0,0.0
12728,Statistical modelling in GLIM,,Modelos lineares -,Livro,Biblioteca Setorial Prof. Ronaldo Xavier de Arruda - CCET,2,0,0,0,0,0,0.0
18388,Programação e métodos computacionais,"Pacitti, Tercio,",Programação (Computadores),Livro,Biblioteca Setorial Prof. Ronaldo Xavier de Arruda - CCET,1,0,0,0,0,0,0.0
22467,Introduction to algorithms,"Cormen, Thomas H.",Algoritmos de computador,Livro,Biblioteca Setorial Prof. Ronaldo Xavier de Arruda - CCET,1,0,0,0,0,0,0.0
57007,C Library bibliotecas,"Jamsa, Kris A.,",C (Linguagem de programação de computador),Livro,Biblioteca Setorial Prof. Ronaldo Xavier de Arruda - CCET,1,0,0,0,0,0,0.0
57008,Dominando o microsoft visual C++ - versão 2.0 :,,Visual C++ (Programa de computador),Livro,Biblioteca Setorial Prof. Ronaldo Xavier de Arruda - CCET,1,0,0,0,0,0,0.0
57011,Linguagem C :,Módulo Consultoria e Informática,C (Linguagem de programação de computador),Livro,Biblioteca Setorial Prof. Ronaldo Xavier de Arruda - CCET,1,0,0,0,0,0,0.0
57012,C avançado :,"Schildt, Herbert,",C (Linguagem de programação de computador),Livro,Biblioteca Setorial Prof. Ronaldo Xavier de Arruda - CCET,4,0,0,0,0,0,0.0
57014,TURBO C : guia de referência básica,"Schildt, Herbert,",Turbo C (Linguagem de programação de computador),Livro,Biblioteca Setorial Prof. Ronaldo Xavier de Arruda - CCET,1,0,0,0,0,0,0.0
57117,PASCAL e tecnicas de programação,"Schmitz, Eber Assis.",PASCAL (Linguagem de programação de computador),Livro,Biblioteca Setorial Prof. Ronaldo Xavier de Arruda - CCET,2,0,0,0,0,0,0.0
57205,Técnicas gráficas avançadas em C,"Gomes, Carlos Augusto Pereira,",C (Linguagem de programação de computador),Livro,Biblioteca Setorial Prof. Ronaldo Xavier de Arruda - CCET,1,0,0,0,0,0,0.0
57207,C :,"Kernighan, Brian W.,",C (Linguagem de programação de computador),Livro,Biblioteca Setorial Prof. Ronaldo Xavier de Arruda - CCET,1,0,0,0,0,0,0.0
57214,Manual de linguagem C,"Hancock, Les.",C (Linguagem de programação de computador),Livro,Biblioteca Setorial Prof. Ronaldo Xavier de Arruda - CCET,1,0,0,0,0,0,0.0
57220,Digital computing and numerical methods :,"Carnahan, Brice.",Computadores digitais,Livro,Biblioteca Setorial Prof. Ronaldo Xavier de Arruda - CCET,1,0,0,0,0,0,0.0
57232,Programação estruturada com estudos de casos em Pascal,"Collins, Willian.",PASCAL (Linguagem de programação de computador),Livro,Biblioteca Setorial Prof. Ronaldo Xavier de Arruda - CCET,1,0,0,0,0,0,0.0
57254,Realidade virtual em casa,"Jacobson, Linda.",Interação homem-máquina,Livro,Biblioteca Setorial Prof. Ronaldo Xavier de Arruda - CCET,1,0,0,0,0,0,0.0
57598,Windows NT in a nutshell :,"Pearce, Eric.",Sistema operacional -,Livro,Biblioteca Setorial Prof. Ronaldo Xavier de Arruda - CCET,1,0,0,0,0,0,0.0
59448,Metodologia estatística na solução do problema do caixeiro viajante e na avaliação de algoritmos :,"Ramos, Iloneide Carlos de Oliveira.",Problema do caixeiro viajante -,Tese,Biblioteca Setorial Prof. Ronaldo Xavier de Arruda - CCET,1,0,0,0,0,0,0.0
62313,Metodologias para desenvolvimento de sistemas dinâmicos :,"Souza, Leonilda Maria M. de.",Modelagem -,Dissertação,Biblioteca Setorial Prof. Ronaldo Xavier de Arruda - CCET,1,0,0,0,0,0,0.0
62834,Anais do VIII Simpósio Brasileiro de Concepção de Circuitos Integrados,"Simpósio Brasileiro de Concepção de Circuitos Integrados (8. : 1994 : Gramado, RS).",Simpósio Brasileiro de Concepção de Circuitos Integrados,Livro,Biblioteca Setorial Prof. Ronaldo Xavier de Arruda - CCET,2,0,0,0,0,0,0.0
62944,Anais [do] XVIII Congresso Nacional da Sociedade Brasileira de Computação :,"Congresso Nacional da Sociedade Brasileira de Computação (18. : 1998 : Belo Horizonte, MG).",Congresso Nacional da Sociedade Brasileira de Computação,Livro,Biblioteca Setorial Prof. Ronaldo Xavier de Arruda - CCET,3,0,0,0,0,0,0.0
63004,Anais [do] II Workshop de Teses e Dissertações defendidas em Ciências da Computação e Matemática Computacional,"Workshop de Teses e Dissertações defendidas em Ciências da Computação e Matemática Computacional (2. : 1996 : São Carlos, SP).",Workshop de Teses e Dissertações defendidas em Ciências da Computação e Matemática Computacional,Livro,Biblioteca Setorial Prof. Ronaldo Xavier de Arruda - CCET,2,0,0,0,0,0,0.0
63037,Anais [do] XII Congresso da Sociedade Brasileira de Computação,"Congresso da Sociedade Brasileira de Computação (12. : 1992 : Rio de Janeiro, RJ).",Congresso da Sociedade Brasileira de Computação,Livro,Biblioteca Setorial Prof. Ronaldo Xavier de Arruda - CCET,1,0,0,0,0,0,0.0
63038,Anais [do] VI Congresso da Sociedade Brasileira de Computação,"Congresso da Sociedade Brasileira de Computação (6. : 1986 : Recife, PE).",Congresso da Sociedade Brasileira de Computação,Livro,Biblioteca Setorial Prof. Ronaldo Xavier de Arruda - CCET,1,0,0,0,0,0,0.0
63039,Anais [do] VIII Congresso da Sociedade Brasileira de Computação,"Congresso da Sociedade Brasileira de Computação (8. : 1988 : Rio de Janeiro, RJ).",Congresso da Sociedade Brasileira de Computação,Livro,Biblioteca Setorial Prof. Ronaldo Xavier de Arruda - CCET,1,0,0,0,0,0,0.0
63043,Anais [do] V Simpósio Brasileiro de Engenharia de Software,"Simpósio Brasileiro de Engenharia de Software (5. : 1991 : Ouro Preto, MG).",Simpósio Brasileiro de Engenharia de Software,Livro,Biblioteca Setorial Prof. Ronaldo Xavier de Arruda - CCET,1,0,0,0,0,0,0.0
63045,Anais do VII Simpósio Brasileiro de Concepção de Circuitos Integrados,"Simpósio Brasileiro de Concepção de Circuitos Integrados (7. : 1992 : Rio de Janeiro, RJ).",Simpósio Brasileiro de Concepção de Circuitos Integrados,Livro,Biblioteca Setorial Prof. Ronaldo Xavier de Arruda - CCET,1,0,0,0,0,0,0.0
63046,Anais [do] Simpósio Brasileiro de Redes de Computadores,"Simpósio Brasileiro de Redes de Computadores (13. : 1995 : Belo Horizonte, MG).",Simpósio Brasileiro de Redes de Computadores,Livro,Biblioteca Setorial Prof. Ronaldo Xavier de Arruda - CCET,1,0,0,0,0,0,0.0
63048,Anais [do] VII Simpósio Brasileiro de Arquitetura de Computadores e Processamento de Alto Desempenho,"Simpósio Brasileiro de Arquitetura de Computadores - Processamento de Alto Desempenho (7. : 1995 : Canela, RS).",Ciência da Computação -,Livro,Biblioteca Setorial Prof. Ronaldo Xavier de Arruda - CCET,1,0,0,0,0,0,0.0
63051,Anais [do] Seminário de Supercomputação Aplicada,"Seminário de Supercomputação Aplicada (1. : 1994 : Porto Alegre, RS).",Seminário de Supercomputação Aplicada,Livro,Biblioteca Setorial Prof. Ronaldo Xavier de Arruda - CCET,1,0,0,0,0,0,0.0
63109,Anais [do] XIV Congresso da Sociedade Brasileira de Computação,"Congresso da Sociedade Brasileira de Computação (14. : 1994 : Caxambu, MG).",Congresso da Sociedade Brasileira de Computação,Livro,Biblioteca Setorial Prof. Ronaldo Xavier de Arruda - CCET,1,0,0,0,0,0,0.0
63215,Fundamentos de geometria computacional,"Rezende, Pedro J. de.",Escola de Computação,Livro,Biblioteca Setorial Prof. Ronaldo Xavier de Arruda - CCET,1,0,0,0,0,0,0.0
63217,"Esparsidade, estrutura, estabilidade e escalonamento em álgebra linear computacional","Stern, Julio M.",Escola de Computação,Livro,Biblioteca Setorial Prof. Ronaldo Xavier de Arruda - CCET,1,0,0,0,0,0,0.0
63262,SIGGRAPH 98 :,Conference Abstracts and Applications (1998 : Orlando).,Conference Abstracts and Applications,Livro,Biblioteca Setorial Prof. Ronaldo Xavier de Arruda - CCET,1,0,0,0,0,0,0.0
63318,Introdução à programação de computadores,"Silva, Heloisa V. R. Corrêa,",Programação (Computadores),Livro,Biblioteca Setorial Prof. Ronaldo Xavier de Arruda - CCET,1,0,0,0,0,0,0.0
63891,Livro texto,"Escola de Informática (11. : 2003 : Lages, SC).",Escola de Informática,Livro,Biblioteca Setorial Prof. Ronaldo Xavier de Arruda - CCET,1,0,0,0,0,0,0.0
63893,Anais [do] XVI Simpósio Brasileiro de Redes de Computadores,"Simpósio Brasileiro de Redes de Computadores (16. : 1998 : Rio de Janeiro, RJ).",Simpósio Brasileiro de Redes de Computadores,Livro,Biblioteca Setorial Prof. Ronaldo Xavier de Arruda - CCET,1,0,0,0,0,0,0.0
63925,Anais [do] XXIV Seminário Integrado de Software e Hardware :,"Seminário Integrado de Software e Hardware (24. : 1997 : Brasília, DF)",Programas de computador -,Livro,Biblioteca Setorial Prof. Ronaldo Xavier de Arruda - CCET,1,0,0,0,0,0,0.0
63926,Anais [do] XXIII Seminário Integrado de Software e Hardware :,"Seminário Integrado de Software e Hardware (23. : 1996 : Recife, PE).",Programas de computador -,Livro,Biblioteca Setorial Prof. Ronaldo Xavier de Arruda - CCET,1,0,0,0,0,0,0.0
63927,Anais do XXII Congresso da Sociedade Brasileira de Computação,"Congresso da Sociedade Brasileira de Computação (22. : 2002 : Florianópolis, SC).",Congresso da Sociedade Brasileira de Computação,Livro,Biblioteca Setorial Prof. Ronaldo Xavier de Arruda - CCET,1,0,0,0,0,0,0.0
63928,Anais do XIX Congresso Nacional da Sociedade Brasileira de Computação :,"Congresso Nacional da Sociedade Brasileira de Computação  (19. : 1999 : Rio de Janeiro, RJ).",Congresso Nacional da Sociedade Brasileira de Computação,Livro,Biblioteca Setorial Prof. Ronaldo Xavier de Arruda - CCET,4,0,0,0,0,0,0.0
63996,Anais da I Jornada de Estudos em Computação de Piracicaba e Região,"Jornada de Estudos em Computação de Piracicaba e Região (1. : 2000 : Piracicaba, SP).",Ciência da Computação -,Livro,Biblioteca Setorial Prof. Ronaldo Xavier de Arruda - CCET,1,0,0,0,0,0,0.0
63999,Anais [do] XXV Seminário de Computação na Universidade,"Seminário de Computação na Universidade (25. : 1995 : Canela, RS).",Ciência da Computação -,Livro,Biblioteca Setorial Prof. Ronaldo Xavier de Arruda - CCET,1,0,0,0,0,0,0.0
64001,Anais [do] XII Simpósio Brasileiro de Engenharia de Software,"Simpósio Brasileiro de Engenharia de Software (12. : 1998 : Maringá, PR).",Engenharia de software -,Livro,Biblioteca Setorial Prof. Ronaldo Xavier de Arruda - CCET,1,0,0,0,0,0,0.0
64002,Anais [do] IV Simpósio Brasileiro de Engenharia de Software,"Simpósio Brasileiro de Engenharia de Software (4. : 1990 : Águas de São Pedro, SP).",Engenharia de software -,Livro,Biblioteca Setorial Prof. Ronaldo Xavier de Arruda - CCET,1,0,0,0,0,0,0.0
64003,Anais [do] X Simpósio Brasileiro de Arquitetura de Computadores e Processamento de Alto Desempenho,"Simpósio Brasileiro de Arquitetura de Computadores - Processamento de Alto Desempenho (10 : 1998 : Búzios, RJ).",Ciência da Computação -,Livro,Biblioteca Setorial Prof. Ronaldo Xavier de Arruda - CCET,1,0,0,0,0,0,0.0
64004,Anais [do] IX Simpósio Brasileiro de Arquitetura de Computadores e Processamento de Alto Desempenho,"Simpósio Brasileiro de Arquitetura de Computadores - Processamento de Alto Desempenho (9 : 1997 : Campos de Jordão, SP).",Ciência da Computação -,Livro,Biblioteca Setorial Prof. Ronaldo Xavier de Arruda - CCET,1,0,0,0,0,0,0.0
64005,Anais [do] VIII Simpósio Brasileiro de Arquitetura de Computadores e Processamento de Alto Desempenho,"Simpósio Brasileiro de Arquitetura de Computadores - Processamento de Alto Desempenho (8 : 1996 : Recife, PE).",Ciência da Computação -,Livro,Biblioteca Setorial Prof. Ronaldo Xavier de Arruda - CCET,1,0,0,0,0,0,0.0
64006,Anais [do] IV Simpósio Brasileiro de Arquitetura de Computadores e Processamento de Alto Desempenho,"Simpósio Brasileiro de Arquitetura de Computadores - Processamento de Alto Desempenho (4 : 1992 : São Paulo, SP).",Ciência da Computação -,Livro,Biblioteca Setorial Prof. Ronaldo Xavier de Arruda - CCET,1,0,0,0,0,0,0.0
64008,Anais da II Escola Regional de Informática da SBC - Regional São Paulo,"Escola Regional de Informática (2. : 1997 : Piracicaba, SP).",Informática -,Livro,Biblioteca Setorial Prof. Ronaldo Xavier de Arruda - CCET,1,0,0,0,0,0,0.0
64047,Anais [da] VII Semana de Informática da UFBA,"Semana de Informática da UFBA (7. : 1998 : Salvador, BA).",Informática -,Livro,Biblioteca Setorial Prof. Ronaldo Xavier de Arruda - CCET,1,0,0,0,0,0,0.0
64048,Anais [do] Workshop sobre Software Livre WSL2000,"Workshop sobre Software Livre (1. : 2000 : Porto Alegre, RS).",Software -,Livro,Biblioteca Setorial Prof. Ronaldo Xavier de Arruda - CCET,1,0,0,0,0,0,0.0
64049,Anais [do] Encontro de Estudantes de Informática do Estado do Tocantins,"Encontro de Estudantes de Informática do Estado do Tocantins (5. : 2003 : Palmas, TO).",Informática -,Livro,Biblioteca Setorial Prof. Ronaldo Xavier de Arruda - CCET,1,0,0,0,0,0,0.0
64050,Anais [da] VIII Conferência Internacional de Tecnologia de Software :,"Conferência Internacional de Tecnologia de Software  (8. : 1997 : Curitiba, PR).",Software,Livro,Biblioteca Setorial Prof. Ronaldo Xavier de Arruda - CCET,1,0,0,0,0,0,0.0
64051,Anais [da] IX Conferência Internacional de Tecnologia de Software :,"Conferência Internacional de Tecnologia de Software (9. : 1998 : Curitiba, PR).",Software -,Livro,Biblioteca Setorial Prof. Ronaldo Xavier de Arruda - CCET,1,0,0,0,0,0,0.0
64052,Anais [do] XI Seminário Regional de Informática,"Seminário Regional de Informática (11. : 2001 : Santo Ângelo, RS).",Informática -,Livro,Biblioteca Setorial Prof. Ronaldo Xavier de Arruda - CCET,1,0,0,0,0,0,0.0
64053,Anais [do] XII Seminário Regional de Informática,"Seminário Regional de Informática (12. : 2002 : Santo Ângelo, RS).",Informática -,Livro,Biblioteca Setorial Prof. Ronaldo Xavier de Arruda - CCET,1,0,0,0,0,0,0.0
64054,Anais [do] XIV Simpósio Brasileiro de Banco de Dados=Proceedings of the 14th Brazilian Symposium on Data Bases,"Simpósio Brasileiro de Banco de Dados (14. : 1999 : Florianópolis, SC).",Banco de dados -,Livro,Biblioteca Setorial Prof. Ronaldo Xavier de Arruda - CCET,1,0,0,0,0,0,0.0
64056,Anais [do] Workshop de Teses em Engenharia de Software,"Workshop de Teses em Engenharia de Software (1. : 1999 : Florianópolis, SC).",Engenharia de software -,Livro,Biblioteca Setorial Prof. Ronaldo Xavier de Arruda - CCET,1,0,0,0,0,0,0.0
64057,Caderno de ferramentas,"Simpósio Brasileiro de Engenharia de Software (13. : 1999 : Florianópolis, SC).",Engenharia de software -,Livro,Biblioteca Setorial Prof. Ronaldo Xavier de Arruda - CCET,1,0,0,0,0,0,0.0
64058,Anais [do] XIII Simpósio Brasileiro de Banco de Dados,"Simpósio Brasileiro de Banco de Dados (13. : 1998 : Maringá, PR).",Banco de dados -,Livro,Biblioteca Setorial Prof. Ronaldo Xavier de Arruda - CCET,1,0,0,0,0,0,0.0
64064,Anais [do] XIV Simpósio Brasileiro de Engenharia de Software,"Simpósio Brasileiro de Engenharia de Software  (14. : 2000 : João Pessoa, PB).",Engenharia de software -,Livro,Biblioteca Setorial Prof. Ronaldo Xavier de Arruda - CCET,1,0,0,0,0,0,0.0
64067,Anais [do] XV Simpósio Brasileiro de Banco de Dados,"Simpósio Brasileiro de Banco de Dados (15. : 2000 : João Pessoa, PB).",Banco de dados -,Livro,Biblioteca Setorial Prof. Ronaldo Xavier de Arruda - CCET,1,0,0,0,0,0,0.0
64074,Anais [do] IV Simpósio Brasileiro de Linguagens de Programação,"Simpósio Brasileiro de Linguagens de Programação (4. : 2000 : Recife, PE).",Linguagem de programação (Computadores) -,Livro,Biblioteca Setorial Prof. Ronaldo Xavier de Arruda - CCET,1,0,0,0,0,0,0.0
64127,SIGGRAPH 2000 Conference Abstracts and Applications,"Conference Abstracts and Applications (2000 : New Orleans, Louisiana).",Computação gráfica -,Livro,Biblioteca Setorial Prof. Ronaldo Xavier de Arruda - CCET,1,0,0,0,0,0,0.0
64137,Proceedings ACM multimedia 2000 workshops,"ACM Multimedia 2000 Workshops (2000 : Los Angeles, CA).",Multimídia (Ciência da computação) -,Livro,Biblioteca Setorial Prof. Ronaldo Xavier de Arruda - CCET,1,0,0,0,0,0,0.0
64141,Proceedings ACM multimedia 98,"ACM Multimedia 98 (1998 : Bristol, England).",Multimídia (Ciência da computação) -,Livro,Biblioteca Setorial Prof. Ronaldo Xavier de Arruda - CCET,1,0,0,0,0,0,0.0
64142,Proceedings ACM multimedia 2001,"ACM Multimedia 2001 (2001 : Ottawa, Canada).",Multimídia (Ciência da computação) -,Livro,Biblioteca Setorial Prof. Ronaldo Xavier de Arruda - CCET,1,0,0,0,0,0,0.0
64144,Multimedia information retrieval,"ACM Multimedia 2001 Workshops (2001 : Ottawa, Canada).",Multimídia (Ciência da computação) -,Livro,Biblioteca Setorial Prof. Ronaldo Xavier de Arruda - CCET,1,0,0,0,0,0,0.0
64181,Proceedings of the second ACM International Workshop on Mobile Commerce,"ACM International Workshop on Mobile Commerce (2. : 2002 : Atlanta, Georgia).",Informática -,Livro,Biblioteca Setorial Prof. Ronaldo Xavier de Arruda - CCET,1,0,0,0,0,0,0.0
64183,Proceedings of the seventh Annual International Conference on Mobile Computing and Networking,"Annual International Conference on Mobile Computing and Networking (7. : 2001 : Rome, Italy).",Computação móvel -,Livro,Biblioteca Setorial Prof. Ronaldo Xavier de Arruda - CCET,1,0,0,0,0,0,0.0
64184,Proceedings of the eighth Annual International Conference on Mobile Computing and Networking,"Annual International Conference on Mobile Computing and Networking (8. : 2002 : Atlanta, Georgia).",Computação móvel -,Livro,Biblioteca Setorial Prof. Ronaldo Xavier de Arruda - CCET,1,0,0,0,0,0,0.0
64186,Proceedings of the third ACM International Symposium on Mobile Ad Hoc Networking and Computing,"ACM International Symposium on Mobile Ad Hoc Networking and Computing (3. : 2002 : Lausanne, Switzerland).",Ciência da Computação -,Livro,Biblioteca Setorial Prof. Ronaldo Xavier de Arruda - CCET,1,0,0,0,0,0,0.0
64263,"Proceedings of the 4th ACM International Workshop on Modeling, Analysis and Simulation of Wireless and Mobile Systems","ACM International Workshop on Modeling, Analysis and Simulation of Wireless and Mobile Systems (4. : 2001 : Rome, Italy).",Comunicação entre computadores -,Livro,Biblioteca Setorial Prof. Ronaldo Xavier de Arruda - CCET,1,0,0,0,0,0,0.0
64265,Proceedings of the 12th ACM Great Lakes Symposium on VLSI,ACM Great Lakes Symposium on VLSI (12. : 2002 : New York).,Ciência da Computação -,Livro,Biblioteca Setorial Prof. Ronaldo Xavier de Arruda - CCET,1,0,0,0,0,0,0.0
64268,Proceedings of the second ACM International Workshop on Data Engineering for Wireless and Mobile Access,"ACM International Workshop on Data Engineering for Wireless and Mobile Access (2. : 2001 : Santa Barbara, California).",Comunicação entre computadores -,Livro,Biblioteca Setorial Prof. Ronaldo Xavier de Arruda - CCET,1,0,0,0,0,0,0.0
64326,Proceedings of the third Symposium on Operating Systems :,"Symposium on Operating Systems (3. : 1999 : New Orleans, Louisiana).",Sistema operacional -,Livro,Biblioteca Setorial Prof. Ronaldo Xavier de Arruda - CCET,1,0,0,0,0,0,0.0
64327,Proceedings of the 2nd International ACM SIGPLAN conference on principles and practice of declarative programming (PPDP'00),"International ACM SIGPLAN Conference on Principles and Practice of Declarative Programming (2. : 2000 : Montreal, Canada).",Programação (Computadores) -,Livro,Biblioteca Setorial Prof. Ronaldo Xavier de Arruda - CCET,1,0,0,0,0,0,0.0
64328,Proceedings of the 3rd International ACM SIGPLAN conference on principles and practice of declarative programming (PPDP'01),"International ACM SIGPLAN Conference on Principles and Practice of Declarative Programming (3. : 2001 : Florence, Italy).",Programação (Computadores) -,Livro,Biblioteca Setorial Prof. Ronaldo Xavier de Arruda - CCET,1,0,0,0,0,0,0.0
64331,Proceedings of the tenth International Conference on Information and Knowledge Management,"International Conference on Information and Knowledge Management (10. : 2001 : Atlanta, Georgia).",Sistemas de informação -,Livro,Biblioteca Setorial Prof. Ronaldo Xavier de Arruda - CCET,1,0,0,0,0,0,0.0
64333,Proceedings of the 1998 ACM CIKM International Conference on Information and Knowledge Management,"International Conference on Information and Knowledge Management (7. : 1998 : Bethesda, Maryland).",Sistemas de informação -,Livro,Biblioteca Setorial Prof. Ronaldo Xavier de Arruda - CCET,1,0,0,0,0,0,0.0
64483,CVE 2002 :,"International Conference on Collaborative Virtual Environments (4. : 2002 : Bonn, Germany).",Interação homem-computador -,Livro,Biblioteca Setorial Prof. Ronaldo Xavier de Arruda - CCET,1,0,0,0,0,0,0.0
64491,Proceedings of the ISPD´01 :,"International Symposium on Physical Design (2001 : Sonoma, California).",Automação -,Livro,Biblioteca Setorial Prof. Ronaldo Xavier de Arruda - CCET,1,0,0,0,0,0,0.0
64495,Proceedings of the sixteenth ACM Symposium on Operating Systems Principles,"ACM Symposium on Operating Systems Principles (6. : 1997 : Saint-Malo, France).",Sistema operacional -,Livro,Biblioteca Setorial Prof. Ronaldo Xavier de Arruda - CCET,2,0,0,0,0,0,0.0
64501,Proceedings Visualization'99,"Visualization´99 (1999 : San Francisco, California).",Visualização -,Livro,Biblioteca Setorial Prof. Ronaldo Xavier de Arruda - CCET,1,0,0,0,0,0,0.0
64595,Proceedings of the First ACM International Workshop on Wireless Sensor Networks & Applications :,"ACM International Workshop on Wireless Sensor Networks & Applications  (1. : 2002 : Atlanta, Georgia).",Redes de computação -,Livro,Biblioteca Setorial Prof. Ronaldo Xavier de Arruda - CCET,1,0,0,0,0,0,0.0
64600,Oficina de Multímidia e Geoprocessamento,"Oficina de Multimídia e Geoprocessamento (2. : 1999 : Pelotas, RS).",Multimídia (Ciência da computação) -,Livro,Biblioteca Setorial Prof. Ronaldo Xavier de Arruda - CCET,1,0,0,0,0,0,0.0
64608,Proceedings [of the] Wollic´2003 :,"Workshop on Logic, Language, Information and Computation (10. : 2003 : Ouro Preto, MG).",Ciência da Computação -,Livro,Biblioteca Setorial Prof. Ronaldo Xavier de Arruda - CCET,1,0,0,0,0,0,0.0
64648,Proceedings of the 2000 ACM SIGCPR conference,"ACM SIGCPR Conference (2000 : Chicago, Illinois).",Indústria de software de computador -,Livro,Biblioteca Setorial Prof. Ronaldo Xavier de Arruda - CCET,1,0,0,0,0,0,0.0
64649,Proceedings of the 2001 ACM SIGCPR conference,"ACM SIGCPR Conference (2001 : San Diego, California).",Indústria de software de computador -,Livro,Biblioteca Setorial Prof. Ronaldo Xavier de Arruda - CCET,1,0,0,0,0,0,0.0
64682,Proceedings of the thirty second Annual ACM Symposium on Theory of Computing,"Annual ACM Symposium on Theory of Computing (32. : 2000 : Portland, Oregon).",Ciência da Computação -,Livro,Biblioteca Setorial Prof. Ronaldo Xavier de Arruda - CCET,1,0,0,0,0,0,0.0
64685,Proceedings of the fifth ACM SIGKDD international conference on knowledge discovery and data mining,"ACM SIGKDD International Conference on Knowledge Discovery and Data Mining (5. : 1999 : San Diego, California).",Exploração de dados -,Livro,Biblioteca Setorial Prof. Ronaldo Xavier de Arruda - CCET,1,0,0,0,0,0,0.0
64691,Proceedings of ACM SIGGRAPH 2002,ACM SIGGRAPH (2002 : San Antonio).,Computação gráfica -,Livro,Biblioteca Setorial Prof. Ronaldo Xavier de Arruda - CCET,1,0,0,0,0,0,0.0
64693,DIS 2000 :,ACM Conference on Designing Interactive Systems (2000 : New York).,Sistema de computador interativo -,Livro,Biblioteca Setorial Prof. Ronaldo Xavier de Arruda - CCET,1,0,0,0,0,0,0.0
64699,Proceedings of the nineteenth Annual ACM Symposium on Principles of Distributed Computing,"Annual ACM Symposium on Principles of Distributed Computing (19. : 2000 : Portland, Oregon).",Sistemas distribuídos (Ciência da computação) -,Livro,Biblioteca Setorial Prof. Ronaldo Xavier de Arruda - CCET,1,0,0,0,0,0,0.0
64701,Proceedings of the twentieth Annual ACM Symposium on Principles of Distributed Computing,"Annual ACM Symposium on Principles of Distributed Computing (20. : 2001 : Newport, Rhode Island).",Sistemas distribuídos (Ciência da computação) -,Livro,Biblioteca Setorial Prof. Ronaldo Xavier de Arruda - CCET,1,0,0,0,0,0,0.0
64705,"Proceedings of the twenty-first ACM SIGMOD-SIGACT-SIGART symposium on principles of database systems, PODS 2002","ACM SIGMOD-SIGACT-SIGART Symposium on Principles of Database Systems (21. : 2002 : Madison, Wisconsin).",Sistemas de banco de dados -,Livro,Biblioteca Setorial Prof. Ronaldo Xavier de Arruda - CCET,1,0,0,0,0,0,0.0
64707,Proceedings of the ACM SIGMOD International Conference on Management of Data,"ACM SIGMOD International Conference on Management of Data (2002 : Madison, Wisconsin).",Gerenciamento de Dados -,Livro,Biblioteca Setorial Prof. Ronaldo Xavier de Arruda - CCET,1,0,0,0,0,0,0.0
64751,Proceedings of the 24th International Conference on Software Engineering :,"International Conference on Software Engineering (24. : 2002 : Orlando, Florida).",Programas de computador -,Livro,Biblioteca Setorial Prof. Ronaldo Xavier de Arruda - CCET,1,0,0,0,0,0,0.0
64756,Proceedings of the IOPADS :,"Workshop on I/O in Parallel and Distributed Systems (6. : 1999 : Atlanta, Georgia).",Sistemas distribuídos (Ciência da computação) -,Livro,Biblioteca Setorial Prof. Ronaldo Xavier de Arruda - CCET,1,0,0,0,0,0,0.0
64761,Anais [do] WSCAD´00 :,"Workshop em Sistemas Computacionais de Alto Desempenho (1. : 2000 : São Pedro, SP).",Processamento de alto desempenho -,Livro,Biblioteca Setorial Prof. Ronaldo Xavier de Arruda - CCET,1,0,0,0,0,0,0.0
64766,FPGA'00 ACM/SIGDA ninth International Symposium on Field Programmable Gate Arrays,"International Symposium on Field Programmable Gate Arrays (9. : 2001 : Monterey, California).",Circuitos lógicos -,Livro,Biblioteca Setorial Prof. Ronaldo Xavier de Arruda - CCET,1,0,0,0,0,0,0.0
64786,Proceedings of the first International Workshop on Software and Performance :,"International Workshop on Software and Performance (1. : 1998 : Santa Fe, New Mexico).",Programa de computador -,Livro,Biblioteca Setorial Prof. Ronaldo Xavier de Arruda - CCET,1,0,0,0,0,0,0.0
64789,Proceedings of the third International Workshop on Software and Performance :,"International Workshop on Software and Performance (3. : 2002 : Rome, Italy).",Programa de computador -,Livro,Biblioteca Setorial Prof. Ronaldo Xavier de Arruda - CCET,1,0,0,0,0,0,0.0
64908,Informática :,"Bauer, Marcelo.",Informática,Livro,Biblioteca Setorial Prof. Ronaldo Xavier de Arruda - CCET,1,0,0,0,0,0,0.0
64910,Telecomunicações :,"Soares Neto, Vicente,",Cabos de telecomunicação,Livro,Biblioteca Setorial Prof. Ronaldo Xavier de Arruda - CCET,1,0,0,0,0,0,0.0
65054,Rendering techniques 2000 :,"Eurographics Workshop on Rendering Techniques (11. : 2000 : Brno, Czech Republic).",Computação gráfica -,Livro,Biblioteca Setorial Prof. Ronaldo Xavier de Arruda - CCET,1,0,0,0,0,0,0.0
65098,Introdução à geometria computacional,"Figueiredo, Luiz Henrique de.",Geometria computacional,Livro,Biblioteca Setorial Prof. Ronaldo Xavier de Arruda - CCET,2,0,0,0,0,0,0.0
65196,Bases da modelagem geométrica,"Persiano, Ronaldo Marinho.",Geometria -,Livro,Biblioteca Setorial Prof. Ronaldo Xavier de Arruda - CCET,1,0,0,0,0,0,0.0
70495,Spice :,"Leitão, Flávio Roberto Petit.",Qualidade de software -,Monografia,Biblioteca Setorial Prof. Ronaldo Xavier de Arruda - CCET,1,0,0,0,0,0,0.0
70497,Modelagem conceitual como ferramenta para o desenvolvimento de sistemas computacionais,"Silva, Lyrene Fernandes da.",Modelagem de sistemas -,Monografia,Biblioteca Setorial Prof. Ronaldo Xavier de Arruda - CCET,1,0,0,0,0,0,0.0
70502,Modelagem dos mecanismos de referência e contra-referência no Programa Saúde da Família,"Nóbrega, Lane Íris de Melo.",Bases de dados -,Monografia,Biblioteca Setorial Prof. Ronaldo Xavier de Arruda - CCET,1,0,0,0,0,0,0.0
70504,Otimização do roteamento de veículos heterogêneos aplicado à distribuição de gás em um contexto com múltiplos depósitos,"Azevedo, Thiago Leiros de.",Algoritmos -,Monografia,Biblioteca Setorial Prof. Ronaldo Xavier de Arruda - CCET,1,0,0,0,0,0,0.0
70562,POO/IGU e ambiente TOOL,"Faria, Luciana Mariz de.",Linguagem de programação -,Monografia,Biblioteca Setorial Prof. Ronaldo Xavier de Arruda - CCET,1,0,0,0,0,0,0.0
70570,Localização de objetos em ambientes distribuídos,"Morais, José Neilton Dias de.",Programação de computadores -,Monografia,Biblioteca Setorial Prof. Ronaldo Xavier de Arruda - CCET,1,0,0,0,0,0,0.0
70573,Otimização da frota de veículos na distribuição de gás,"Lima, Carlos Magno Reinert da Rocha.",Algoritmos -,Monografia,Biblioteca Setorial Prof. Ronaldo Xavier de Arruda - CCET,1,0,0,0,0,0,0.0
70584,IPv6 :,"Luna, André Henrique de Arruda.",Internet -,Monografia,Biblioteca Setorial Prof. Ronaldo Xavier de Arruda - CCET,1,0,0,0,0,0,0.0
70593,Análise e especificação de um sistema de informações para o Departamento de Serviços Gerais da UFRN usando a metodologia orientada a objetos,"Araújo, Alberlia Bezerra de.",Análise de sistemas -,Monografia,Biblioteca Setorial Prof. Ronaldo Xavier de Arruda - CCET,1,0,0,0,0,0,0.0
70596,IPSec,"Marques Júnior, Francisco Daladier.",Segurança de redes -,Monografia,Biblioteca Setorial Prof. Ronaldo Xavier de Arruda - CCET,1,0,0,0,0,0,0.0
70741,Modelagem de um agente de inferência,"Melo, Édipo Elder Fernandes de.",Modelagem de sistemas -,Monografia,Biblioteca Setorial Prof. Ronaldo Xavier de Arruda - CCET,1,0,0,0,0,0,0.0
70742,Concepção do processo de aquisição automática de conhecimento por multi-agentes,"Siqueira, Anne Christine Leite.",Engenharia de sistemas -,Monografia,Biblioteca Setorial Prof. Ronaldo Xavier de Arruda - CCET,1,0,0,0,0,0,0.0
70743,Jules :,"Gomes Júnior, Manuel Ferreira.",Inteligência artificial -,Monografia,Biblioteca Setorial Prof. Ronaldo Xavier de Arruda - CCET,1,0,0,0,0,0,0.0
70750,Estudo comparativo entre a plataforma família e o cartão nacional de saúde,"Lucena, Luciene da Silva.",Plataforma família -,Monografia,Biblioteca Setorial Prof. Ronaldo Xavier de Arruda - CCET,1,0,0,0,0,0,0.0
70756,Estudo de tecnologias de acesso a bancos de dados via web,"Figueirêdo, Bruno César Barreto de.",Bases de dados -,Monografia,Biblioteca Setorial Prof. Ronaldo Xavier de Arruda - CCET,1,0,0,0,0,0,0.0
70827,Soluções evolucionárias para o problema da cogeração de energia,"Medeiros Neto, Francisco Dantas de.",Algoritmo -,Monografia,Biblioteca Setorial Prof. Ronaldo Xavier de Arruda - CCET,1,0,0,0,0,0,0.0
70870,Implementação de jogos inteligentes utilizando sistemas neuro-simbólicos,"Costa, Umberto Souza da.",Redes neurais -,Monografia,Biblioteca Setorial Prof. Ronaldo Xavier de Arruda - CCET,1,0,0,0,0,0,0.0
70872,Sênior :,"Pereira, Normando Bertão.",Inteligência artificial -,Monografia,Biblioteca Setorial Prof. Ronaldo Xavier de Arruda - CCET,1,0,0,0,0,0,0.0
70873,Segurança no comércio eletrônico,"Batista, Caio Sérgio de Vasconcelos.",Internet -,Monografia,Biblioteca Setorial Prof. Ronaldo Xavier de Arruda - CCET,1,0,0,0,0,0,0.0
70874,Análise e implementação de uma política de segurança,"Baracho, Gerluce Lemos de Luna.",Segurança em computador -,Monografia,Biblioteca Setorial Prof. Ronaldo Xavier de Arruda - CCET,1,0,0,0,0,0,0.0
70894,WAP :,"Coêlho, Clarice Monteiro.",Internet -,Monografia,Biblioteca Setorial Prof. Ronaldo Xavier de Arruda - CCET,1,0,0,0,0,0,0.0
70895,Reconhecimento de impressões digitais utilizando redes neurais artificiais,"Fernandes, Everlandio Rebouças Queiroz.",Inteligência artificial -,Monografia,Biblioteca Setorial Prof. Ronaldo Xavier de Arruda - CCET,1,0,0,0,0,0,0.0
70936,Lettera :,"Nunes, Maria das Graças Volpe.",Sintaxe e semântica de programas -,Monografia,Biblioteca Setorial Prof. Ronaldo Xavier de Arruda - CCET,1,0,0,0,0,0,0.0
71006,Biblioteca em C++ para aplicações em teoria dos grafos :,"Carmo, Luiz Henrique Pinheiro do.",Algoritmo -,Monografia,Biblioteca Setorial Prof. Ronaldo Xavier de Arruda - CCET,1,0,0,0,0,0,0.0
71009,Um programa de compactação/descompactação de arquivos em ambiente gráfico de janelas desenvolvido em linguagem de alto nível,"Diniz, Carlos Henrique Grilo.",Compressão de dados -,Monografia,Biblioteca Setorial Prof. Ronaldo Xavier de Arruda - CCET,1,0,0,0,0,0,0.0
71010,Plano de negócios da Webmarketing.com :,"Costa, Izaac Shallon Gomes.",Internet -,Monografia,Biblioteca Setorial Prof. Ronaldo Xavier de Arruda - CCET,1,0,0,0,0,0,0.0
71014,Um sistema de leilão reverso em JSP,"Araújo, Marcelo Santos de.",Internet -,Monografia,Biblioteca Setorial Prof. Ronaldo Xavier de Arruda - CCET,1,0,0,0,0,0,0.0
71019,Qualiplus :,"Sousa, Elias Alves de.",Modelagem de objetos -,Monografia,Biblioteca Setorial Prof. Ronaldo Xavier de Arruda - CCET,1,0,0,0,0,0,0.0
71020,Tutores inteligentes revolucionando a aprendizagem :,"Rodrigues, Andréa dos Santos.",Inteligência artificial -,Monografia,Biblioteca Setorial Prof. Ronaldo Xavier de Arruda - CCET,1,0,0,0,0,0,0.0
71029,Uma abordagem preliminar sobre modelagem no desenvolvimento de sistemas computacionais,"Lopes, Maximiliano Araújo da Silva.",Modelagem de sistemas -,Monografia,Biblioteca Setorial Prof. Ronaldo Xavier de Arruda - CCET,1,0,0,0,0,0,0.0
71030,Documentação e gerência da rede de computadores do Centro de Ciências Sociais Aplicadas da UFPB,"Leite, Alisson Estevan de Carvalho.",Redes de computadores -,Monografia,Biblioteca Setorial Prof. Ronaldo Xavier de Arruda - CCET,1,0,0,0,0,0,0.0
71068,Segurança das informações :,"Oliveira, Jorge Luiz Paiva.",Redes de computadores -,Monografia,Biblioteca Setorial Prof. Ronaldo Xavier de Arruda - CCET,1,0,0,0,0,0,0.0
71072,Interface de auxílio ao uso do CDS-ISIS FAC-ISIS,"Aquino, Ana Cláudia Dantas de.",Software -,Monografia,Biblioteca Setorial Prof. Ronaldo Xavier de Arruda - CCET,1,0,0,0,0,0,0.0
71075,Simvest :,"Silva, José Frank Viana da.",Software -,Relatório Acadêmico,Biblioteca Setorial Prof. Ronaldo Xavier de Arruda - CCET,1,0,0,0,0,0,0.0
71078,Estudo e desenvolvimento de uma Subrede IPV6,"Rodrigues, Alexandre Carvalho.",Internet -,Relatório Acadêmico,Biblioteca Setorial Prof. Ronaldo Xavier de Arruda - CCET,1,0,0,0,0,0,0.0
71081,Paralelização da metaheurística VNS para o problema de otimização do emprego de sondas de produção terrestre,"Rocha, Caroline Thennecy de Medeiros.",Algoritmo -,Relatório Acadêmico,Biblioteca Setorial Prof. Ronaldo Xavier de Arruda - CCET,1,0,0,0,0,0,0.0
71106,Um framework para provisão de qualidade de serviço em redes IP,"Rocha, Carlos Gustavo Araújo da.",Internet -,Relatório Acadêmico,Biblioteca Setorial Prof. Ronaldo Xavier de Arruda - CCET,1,0,0,0,0,0,0.0
71111,Geração e publicação de conteúdo sobre ADLs (Linguagens de descrição arquiteturais),"Ribeiro, Wagner Bezerra.",Engenharia de software -,Relatório Acadêmico,Biblioteca Setorial Prof. Ronaldo Xavier de Arruda - CCET,1,0,0,0,0,0,0.0
71121,Simple network management protocol (SNMPV2) :,"Santana, Kátia Cristina.",Internet -,Relatório Acadêmico,Biblioteca Setorial Prof. Ronaldo Xavier de Arruda - CCET,1,0,0,0,0,0,0.0
71126,Estudo de programação orientada a objeto e suas aplicações,"Rodrigues, Márcia Jacyntha Nunes.",Programação de computadores -,Relatório Acadêmico,Biblioteca Setorial Prof. Ronaldo Xavier de Arruda - CCET,1,0,0,0,0,0,0.0
71136,Validação integrada de serviços multimídia em ambiente JAVA,"Oliveira, João Paulo Bessa de.",Multimídia -,Relatório Acadêmico,Biblioteca Setorial Prof. Ronaldo Xavier de Arruda - CCET,1,0,0,0,0,0,0.0
71185,A implementação de agentes para o sistema multiAgente do ICSpace,"Simonetti, Clístenes Oliveira.",Internet -,Relatório Acadêmico,Biblioteca Setorial Prof. Ronaldo Xavier de Arruda - CCET,1,0,0,0,0,0,0.0
71194,Design e avaliação comparativa da usabilidade da interface de usuário do ASK2000,"Silva, Salerno Ferreira Sousa.",Interface do usuário -,Relatório Acadêmico,Biblioteca Setorial Prof. Ronaldo Xavier de Arruda - CCET,1,0,0,0,0,0,0.0
71197,Estudo comparativo de ferramentas Data Mining aplicadas a inteligência competitiva,"Paiva, Kleber Eufrásio.",Inteligência artificial -,Relatório Acadêmico,Biblioteca Setorial Prof. Ronaldo Xavier de Arruda - CCET,1,0,0,0,0,0,0.0
71224,Concepção e implementação de um processador de um bit,"Pinheiro, Joseane Alves.",Processador de um bit -,Relatório Acadêmico,Biblioteca Setorial Prof. Ronaldo Xavier de Arruda - CCET,1,0,0,0,0,0,0.0
71229,Avaliação de parsers para processamento de documento XML,"Potier, Ronald Wallace.",Internet -,Relatório Acadêmico,Biblioteca Setorial Prof. Ronaldo Xavier de Arruda - CCET,1,0,0,0,0,0,0.0
71239,Modelagem e implementação de um sistema de envio eletrônico de pauta e ata de distribuição da Justiça Federal/RN,"Oliveira, Diogenes Alves.",Internet -,Relatório Acadêmico,Biblioteca Setorial Prof. Ronaldo Xavier de Arruda - CCET,1,0,0,0,0,0,0.0
71247,"Implementação dos módulos de controle de processos, disciplinas e professores do SIDIMAP","Silva, Wend Jeishon Mesquita e.",Internet -,Relatório Acadêmico,Biblioteca Setorial Prof. Ronaldo Xavier de Arruda - CCET,1,0,0,0,0,0,0.0
71273,Geoboard :,"Costa Júnior, Antônio Carlos Theóphilo.",Sistemas de processamento distribuído -,Relatório Acadêmico,Biblioteca Setorial Prof. Ronaldo Xavier de Arruda - CCET,1,0,0,0,0,0,0.0
71279,ICSpace :,"Araújo, Anderson Souza de.",Internet -,Relatório Acadêmico,Biblioteca Setorial Prof. Ronaldo Xavier de Arruda - CCET,1,0,0,0,0,0,0.0
71292,Compilador Pascal Visual :,"Freire, Marília Aranha.",Compiladores (Computadores) -,Relatório Acadêmico,Biblioteca Setorial Prof. Ronaldo Xavier de Arruda - CCET,1,0,0,0,0,0,0.0
71295,Uma arquitetura de implementação para dispositivos virtuais de captura e apresentação multimídia em ambiente Java,"Azevedo, Márcio Cavalcante de.",Multimídia -,Relatório Acadêmico,Biblioteca Setorial Prof. Ronaldo Xavier de Arruda - CCET,1,0,0,0,0,0,0.0
71297,Vixnu :,"Burlamaqui, Aquiles Medeiros Filgueira.",Internet -,Relatório Acadêmico,Biblioteca Setorial Prof. Ronaldo Xavier de Arruda - CCET,1,0,0,0,0,0,0.0
71306,Projeto lógico :,"Cid, Liza Ferreira Vilela.",Projeto de sistemas -,Relatório Acadêmico,Biblioteca Setorial Prof. Ronaldo Xavier de Arruda - CCET,1,0,0,0,0,0,0.0
71328,Análise e estudo comparativo de ferramentas OLAP em ambiente de Data Warehouse,"Castro, Angélica Félix de.",Banco de dados -,Relatório Acadêmico,Biblioteca Setorial Prof. Ronaldo Xavier de Arruda - CCET,1,0,0,0,0,0,0.0
71363,Suporte à implementação de agentes inteligentes em Java,"Camara, Tarcisio Pinto.",Agentes inteligentes -,Relatório Acadêmico,Biblioteca Setorial Prof. Ronaldo Xavier de Arruda - CCET,1,0,0,0,0,0,0.0
71368,"Desenvolvimento de um ""software"" educativo para visualização do crescimento de macromoléculas (Polímeros for Windows) :","Nascimento, Hugo Alexandre Dantas do.",Software -,Relatório Acadêmico,Biblioteca Setorial Prof. Ronaldo Xavier de Arruda - CCET,1,0,0,0,0,0,0.0
71376,O problema do caixeiro viajante,"Nobre, Anna Cláudia dos Santos.",Algoritmo -,Relatório Acadêmico,Biblioteca Setorial Prof. Ronaldo Xavier de Arruda - CCET,1,0,0,0,0,0,0.0
71378,Tupi :,"Nascimento, Teresa Raquel Souza do.",Modelagem de sistemas -,Relatório Acadêmico,Biblioteca Setorial Prof. Ronaldo Xavier de Arruda - CCET,1,0,0,0,0,0,0.0
71384,FaultModeler :,"Nascimento, Fernando Ney da Costa.",Modelagem de sistemas -,Relatório Acadêmico,Biblioteca Setorial Prof. Ronaldo Xavier de Arruda - CCET,1,0,0,0,0,0,0.0
71387,Implementação da DCT 2D em ambiente de desenvolvimento de aplicações para sistemas embutidos,"Moura, Germman Albuquerque de.",Compressão de imagens -,Relatório Acadêmico,Biblioteca Setorial Prof. Ronaldo Xavier de Arruda - CCET,1,0,0,0,0,0,0.0
71391,Qualidade na engenharia de software :,"Moraes, Simone Teixeira de.",Qualidade de software -,Relatório Acadêmico,Biblioteca Setorial Prof. Ronaldo Xavier de Arruda - CCET,1,0,0,0,0,0,0.0
71398,Implementação de uma interface de comunicação com bancos de dados via Internet utilizando a API JDBC,"Oliveira, Clayton Queiroz de.",Banco de dados -,Relatório Acadêmico,Biblioteca Setorial Prof. Ronaldo Xavier de Arruda - CCET,1,0,0,0,0,0,0.0
71427,Projeto ÔXEnet,"Siqueira, André Henrique de.",Redes -,Relatório Acadêmico,Biblioteca Setorial Prof. Ronaldo Xavier de Arruda - CCET,1,0,0,0,0,0,0.0
71431,Central de jogos educativos :,"Oliveira, Eufrásio Henrique Goes de.",Software -,Relatório Acadêmico,Biblioteca Setorial Prof. Ronaldo Xavier de Arruda - CCET,1,0,0,0,0,0,0.0
71432,Concepção e implementação da plataforma básica de comunicação do Sistema SAGRI,"Madeira, Charles Andryê Galvão.",Interface do usuário -,Relatório Acadêmico,Biblioteca Setorial Prof. Ronaldo Xavier de Arruda - CCET,1,0,0,0,0,0,0.0
71488,Interface em linguagem natural controlada para um sistema de criação e manutenção de bibliotecas de componentes reutilizáveis,"Gonçalves, Marcus Vinícius G.",Interface do usuário -,Relatório Acadêmico,Biblioteca Setorial Prof. Ronaldo Xavier de Arruda - CCET,1,0,0,0,0,0,0.0
71491,Criação do site intranet do Serpro-Natal,"Souza Júnior, Alcir Dantas de.",Redes -,Relatório Acadêmico,Biblioteca Setorial Prof. Ronaldo Xavier de Arruda - CCET,1,0,0,0,0,0,0.0
71495,Analisador de tráfego TCP/IP,"Lima, Rommel Wladimir de.",Internet -,Relatório Acadêmico,Biblioteca Setorial Prof. Ronaldo Xavier de Arruda - CCET,1,0,0,0,0,0,0.0
71499,Concepção e modelagem de um sistema tutor inteligente (STI) para suporte ao ensino de informática básica,"Moura, Adriano de Andrade.",Inteligência artificial -,Relatório Acadêmico,Biblioteca Setorial Prof. Ronaldo Xavier de Arruda - CCET,1,0,0,0,0,0,0.0
71531,Modelagem e implementação do site da intranet e do sistema de memorandos - DETRAN/RN,"Soares, Anderson Luís de Farias.",Internet -,Relatório Acadêmico,Biblioteca Setorial Prof. Ronaldo Xavier de Arruda - CCET,1,0,0,0,0,0,0.0
71649,Modelagem UML de sites de leilão virtual,"Freire, Leonardo Borges.",Internet -,Relatório Acadêmico,Biblioteca Setorial Prof. Ronaldo Xavier de Arruda - CCET,1,0,0,0,0,0,0.0
71660,Uma arquitetura de implementação para grupos de objetos em aplicações multimídia distribuídas baseadas no PREMO,"Noronha, Danielle Coelho Mavignier de.",Multimídia -,Relatório Acadêmico,Biblioteca Setorial Prof. Ronaldo Xavier de Arruda - CCET,1,0,0,0,0,0,0.0
71686,Comunicação entre agentes inteligentes,"Tavares, João Manuel de Sousa Baptista.",Inteligência artificial -,Relatório Acadêmico,Biblioteca Setorial Prof. Ronaldo Xavier de Arruda - CCET,1,0,0,0,0,0,0.0
71711,Um overview de linguagens para programação paralela,"Souza, Joilma Silva de.",Linguagem de programação -,Relatório Acadêmico,Biblioteca Setorial Prof. Ronaldo Xavier de Arruda - CCET,1,0,0,0,0,0,0.0
71717,Modelagem UML de sistema para estudo de acordes musicais,"Souza, Adriano Pereira de.",Modelagem de sistemas -,Relatório Acadêmico,Biblioteca Setorial Prof. Ronaldo Xavier de Arruda - CCET,1,0,0,0,0,0,0.0
71719,Análise do uso de sistema eletrônico de compras como uma ferramenta de gestão,"Martins, Daniel de Araújo.",Internet -,Relatório Acadêmico,Biblioteca Setorial Prof. Ronaldo Xavier de Arruda - CCET,1,0,0,0,0,0,0.0
71721,Sistema administrativo do setor de estágios do IEL,"Matos, Daniel Nascimento de.",Software -,Relatório Acadêmico,Biblioteca Setorial Prof. Ronaldo Xavier de Arruda - CCET,1,0,0,0,0,0,0.0
71722,Compilador Pascal Visual :,"Melo, Helena Maria Leandro de.",Compiladores (Computadores) -,Relatório Acadêmico,Biblioteca Setorial Prof. Ronaldo Xavier de Arruda - CCET,1,0,0,0,0,0,0.0
71768,SSOC :,"Trindade, Ciro Cirne.",Software -,Relatório Acadêmico,Biblioteca Setorial Prof. Ronaldo Xavier de Arruda - CCET,1,0,0,0,0,0,0.0
71771,Relatório de estágio supervisionado,"Xavier, Carlos Eduardo.",Software -,Relatório Acadêmico,Biblioteca Setorial Prof. Ronaldo Xavier de Arruda - CCET,1,0,0,0,0,0,0.0
71777,Integração da linguagem de descrição de arquitetura de software ZCL com UML,"Maranhão, Dina Márcia de Vasconcelos.",Arquitetura de software -,Relatório Acadêmico,Biblioteca Setorial Prof. Ronaldo Xavier de Arruda - CCET,1,0,0,0,0,0,0.0
71806,Um ambiente integrado de administração UNIX,"Xavier, Danise Víctor.",Interface do usuário -,Relatório Acadêmico,Biblioteca Setorial Prof. Ronaldo Xavier de Arruda - CCET,1,0,0,0,0,0,0.0
71853,Simple network management protocol (SNMPV2) :,"Souza, Juraneide da Fonsêca Tinôco de.",Internet -,Relatório Acadêmico,Biblioteca Setorial Prof. Ronaldo Xavier de Arruda - CCET,1,0,0,0,0,0,0.0
71857,Segurança de dados no www,"Rodrigues, Adriano Almeida.",Internet -,Relatório Acadêmico,Biblioteca Setorial Prof. Ronaldo Xavier de Arruda - CCET,1,0,0,0,0,0,0.0
71869,Sigenal :,"Souza, Geraldo Marcelo Cabral de.",Gerador de números aleatórios -,Relatório Acadêmico,Biblioteca Setorial Prof. Ronaldo Xavier de Arruda - CCET,1,0,0,0,0,0,0.0
71883,Sistema de advocacia :,"Oliveira, Auridan Trindade de.",Sistemas (Computação) -,Relatório Acadêmico,Biblioteca Setorial Prof. Ronaldo Xavier de Arruda - CCET,1,0,0,0,0,0,0.0
71916,Implementação e análise de técnicas para realçamento e segmentação de mamografias,"Dantas, Hugo de Santana Ribeiro.",Processamento de imagem -,Monografia,Biblioteca Setorial Prof. Ronaldo Xavier de Arruda - CCET,1,0,0,0,0,0,0.0
71918,"Uma estrutura de dados para FERUS, uma ferramenta para a criação de bibliotecas de componentes reutilizáveis","Freire, George André Alves.",Arquitetura de software -,Monografia,Biblioteca Setorial Prof. Ronaldo Xavier de Arruda - CCET,1,0,0,0,0,0,0.0
71919,"Estudo, especificação e projeto de um sistema aplicado à alocação acadêmica","Oliveira, Alex Martins de.",Modelagem de sistemas -,Monografia,Biblioteca Setorial Prof. Ronaldo Xavier de Arruda - CCET,1,0,0,0,0,0,0.0
71930,Análise e projeto orientados a objetos de um sistema de informações da COSERN,"Araújo, Antônio Carlos de Medeiros.",Modelagem de sistemas -,Monografia,Biblioteca Setorial Prof. Ronaldo Xavier de Arruda - CCET,1,0,0,0,0,0,0.0
71940,Projeto e implementação de uma heurística O (n log n) unidimensional para o problema de empacotamento de bins com capacidade diferentes,"Ferreira, Rildo Machado.",Algoritmo -,Monografia,Biblioteca Setorial Prof. Ronaldo Xavier de Arruda - CCET,1,0,0,0,0,0,0.0
71947,Sistema de engenharia de facilidade e equipamentos - SEFE,"Castro, Yasnaia Christianne de Paiva.",Internet -,Monografia,Biblioteca Setorial Prof. Ronaldo Xavier de Arruda - CCET,1,0,0,0,0,0,0.0
71948,Projeto de intranet,"Molina, Cristian Guimarães.",Internet -,Monografia,Biblioteca Setorial Prof. Ronaldo Xavier de Arruda - CCET,1,0,0,0,0,0,0.0
71951,Um estudo de downsizing na delegacia da Receita Federal em Natal/RN,"Santos, Christian Gomes Bezerra dos.",Redes de computadores -,Monografia,Biblioteca Setorial Prof. Ronaldo Xavier de Arruda - CCET,1,0,0,0,0,0,0.0
71953,MEPA :,"Serra, Tatiana Gadelha.",Arquitetura de computadores -,Monografia,Biblioteca Setorial Prof. Ronaldo Xavier de Arruda - CCET,1,0,0,0,0,0,0.0
71957,Auxílio à generalização de especificações algébricas,"Maia, Glaudson Marcel Nunes.",Engenharia de software -,Monografia,Biblioteca Setorial Prof. Ronaldo Xavier de Arruda - CCET,1,0,0,0,0,0,0.0
71962,Estudo do modelo hipertextual de informações do servidor www,"Amaral, Flávio Marcelo Cavalcante Bandeira do.",Internet -,Monografia,Biblioteca Setorial Prof. Ronaldo Xavier de Arruda - CCET,1,0,0,0,0,0,0.0
71994,Reticulados de permutações (posets),"Nogueira, Antonio Saturnino.",Algoritmo -,Monografia,Biblioteca Setorial Prof. Ronaldo Xavier de Arruda - CCET,1,0,0,0,0,0,0.0
71995,Redes neurais artificiais :,"Cândido, Nádja Rogéria Araújo.",Redes neurais artificiais -,Monografia,Biblioteca Setorial Prof. Ronaldo Xavier de Arruda - CCET,1,0,0,0,0,0,0.0
71997,Implementação de uma interface gráfica para um cliente FTP,"Barros, Luciana Silveira de Medeiros.",Interface gráfica -,Monografia,Biblioteca Setorial Prof. Ronaldo Xavier de Arruda - CCET,1,0,0,0,0,0,0.0
72000,Requisitos tecnológicos e humanos para o desenvolvimento de groupwares,"Araújo, Marivaldo Dantas de.",Comunicação entre computadores -,Monografia,Biblioteca Setorial Prof. Ronaldo Xavier de Arruda - CCET,1,0,0,0,0,0,0.0
72005,Implementação de serviço de cadastro e busca de vídeos em banco de dados multimídia,"Araújo, Chiarlan E. Silva.",Comunicação entre computadores -,Monografia,Biblioteca Setorial Prof. Ronaldo Xavier de Arruda - CCET,1,0,0,0,0,0,0.0
72008,Plano de negócio,"Melo, Felipe Lopes.",Engenharia de software -,Monografia,Biblioteca Setorial Prof. Ronaldo Xavier de Arruda - CCET,1,0,0,0,0,0,0.0
72015,Modelo de recuperação de informações em sistemas de banco de dados heterogêneos utilizando o paradigma multiagentes,"Medeiros Júnior, Josué Vitor de.",Banco de dados -,Relatório Acadêmico,Biblioteca Setorial Prof. Ronaldo Xavier de Arruda - CCET,1,0,0,0,0,0,0.0
72023,Otimização de código objeto,"Assunção Júnior, Milton Vieira de.",Otimização de códigos -,Relatório Acadêmico,Biblioteca Setorial Prof. Ronaldo Xavier de Arruda - CCET,1,0,0,0,0,0,0.0
72026,Geração e publicação de conteúdo sobrea arquitetura de software e framework de publicação dinâmica na Web Cocoon,"Fernando, Henriques.",Arquitetura de software -,Relatório Acadêmico,Biblioteca Setorial Prof. Ronaldo Xavier de Arruda - CCET,1,0,0,0,0,0,0.0
72065,Gerenciamento do novell netware,"Nascimento Filho, Jarbas Fernando M. do.",Redes -,Relatório Acadêmico,Biblioteca Setorial Prof. Ronaldo Xavier de Arruda - CCET,1,0,0,0,0,0,0.0
72069,Desenvolvimento de um sistema de informações na web utilizando JDBC,"Freitas, Marcos Rogério Silva de.",Internet -,Relatório Acadêmico,Biblioteca Setorial Prof. Ronaldo Xavier de Arruda - CCET,1,0,0,0,0,0,0.0
72072,Otimização na distribuição de gás através de redes fixas e frotas de veículos,"Alves Filho, Sebastião Emidio.",Algoritmo -,Relatório Acadêmico,Biblioteca Setorial Prof. Ronaldo Xavier de Arruda - CCET,1,0,0,0,0,0,0.0
72085,Recomendações para melhoria de interfaces de software para usuários idosos,"Fernandes Filho, Manoel Nazareno.",Interação homem-máquina -,Relatório Acadêmico,Biblioteca Setorial Prof. Ronaldo Xavier de Arruda - CCET,1,0,0,0,0,0,0.0
72106,Simulador de redes de Petri assistida,"Mendes Filho, Luiz Augusto Machado.",Redes -,Relatório Acadêmico,Biblioteca Setorial Prof. Ronaldo Xavier de Arruda - CCET,1,0,0,0,0,0,0.0
72121,Introdução à computação móvel :,"Lima, Leonilde Antonieta Tavares de.",Redes -,Relatório Acadêmico,Biblioteca Setorial Prof. Ronaldo Xavier de Arruda - CCET,1,0,0,0,0,0,0.0
72122,Especificação e implementação de um sistema de informação para acompanhamento do Plano Plurianual do governo do Estado do Rio Grande do Norte,"Silva Júnior, José Maria Amora da.",Software -,Relatório Acadêmico,Biblioteca Setorial Prof. Ronaldo Xavier de Arruda - CCET,1,0,0,0,0,0,0.0
72150,Desenvolvimento de um ambiente gráfico de compilação para a linguagem CL - GraphCL,"Cunha, Mateus Fernandes da.",Compiladores (Computadores) -,Relatório Acadêmico,Biblioteca Setorial Prof. Ronaldo Xavier de Arruda - CCET,1,0,0,0,0,0,0.0
72155,Simple network management protocol SNMPV2 :,"Dasmaceno, Márcia dos Santos.",Internet -,Relatório Acadêmico,Biblioteca Setorial Prof. Ronaldo Xavier de Arruda - CCET,1,0,0,0,0,0,0.0
72175,Modelos arquiteturais :,"Dantas, Ana Patrícia Galvão.",Linguagem de programação -,Relatório Acadêmico,Biblioteca Setorial Prof. Ronaldo Xavier de Arruda - CCET,1,0,0,0,0,0,0.0
72185,Uma interface de usuário para o módulo de videoconferência do Sistema InfraVida,"Duarte, Daniel Carvalho Sodré.",Interface do usuário -,Relatório Acadêmico,Biblioteca Setorial Prof. Ronaldo Xavier de Arruda - CCET,1,0,0,0,0,0,0.0
72387,Um estudo de tecnologias Java para conexão com banco de dados,"Feijó, Marcelo Heider Barros.",Banco de dados -,Relatório Acadêmico,Biblioteca Setorial Prof. Ronaldo Xavier de Arruda - CCET,1,0,0,0,0,0,0.0
72393,Uma ferramenta gráfica para filtragem de strings com iptables,"Galvão, Ricardo Kléber Martins.",Interface gráfica -,Relatório Acadêmico,Biblioteca Setorial Prof. Ronaldo Xavier de Arruda - CCET,1,0,0,0,0,0,0.0
72394,Criptografia computacional,"Leite, Daliana Cascudo Roberti.",Segurança em computador -,Relatório Acadêmico,Biblioteca Setorial Prof. Ronaldo Xavier de Arruda - CCET,1,0,0,0,0,0,0.0
72396,Sistema gerenciador de licitações SGL,"Costa, Sanderson Lelis de Macedo.",Engenharia de software -,Relatório Acadêmico,Biblioteca Setorial Prof. Ronaldo Xavier de Arruda - CCET,1,0,0,0,0,0,0.0
72455,SAP :,"Silva, Carlos Alexandre Queiroz Batista da.",Acesso remoto -,Relatório Acadêmico,Biblioteca Setorial Prof. Ronaldo Xavier de Arruda - CCET,1,0,0,0,0,0,0.0
72461,Simulador de rotas turísticas :,"Santana, Jonas Bernardino de.",Simulação de sistemas -,Relatório Acadêmico,Biblioteca Setorial Prof. Ronaldo Xavier de Arruda - CCET,1,0,0,0,0,0,0.0
72477,Cálculo de ajuste de lançador para foguetes balísticos,"Oliveira, Maria Gracilene Carvalho de.",Software -,Relatório Acadêmico,Biblioteca Setorial Prof. Ronaldo Xavier de Arruda - CCET,1,0,0,0,0,0,0.0
72479,Novo software para os terminais gráficos do sistema de visualização de trajetória do Centro de Lançamento da Barreira do Inferno,"Costa, Jairo de Carvalho.",Software -,Relatório Acadêmico,Biblioteca Setorial Prof. Ronaldo Xavier de Arruda - CCET,1,0,0,0,0,0,0.0
72480,Um ambiente para treinamento da fala,"Costa, Fábio Rodrigues.",Interação homem-máquina -,Relatório Acadêmico,Biblioteca Setorial Prof. Ronaldo Xavier de Arruda - CCET,1,0,0,0,0,0,0.0
72831,Uma proposta de procedimento para avaliação de qualidade de software,"Galdino, Carlos Alberto Bezerra.",Análise estatística -,Monografia,Biblioteca Setorial Prof. Ronaldo Xavier de Arruda - CCET,1,0,0,0,0,0,0.0
74068,Advances in artificial intelligence :,"Simpósio Brasileiro de Inteligência Artificial (13. : 1996 : Curitiba, Brasil).",Inteligência artificial -,Livro,Biblioteca Setorial Prof. Ronaldo Xavier de Arruda - CCET,1,0,0,0,0,0,0.0
74071,Advances in artificial intelligence :,"Simpósio Brasileiro de Inteligência Artificial (14. : 1998 : Porto Alegre, Brasil).",Inteligência artificial -,Livro,Biblioteca Setorial Prof. Ronaldo Xavier de Arruda - CCET,1,0,0,0,0,0,0.0
74192,Teach yourself Delphi 2 in 21 days,"Osier, Dan.",Software -,Livro,Biblioteca Setorial Prof. Ronaldo Xavier de Arruda - CCET,1,0,0,0,0,0,0.0
74205,The Waite Group´s turbo C bible,"Barkakati, Nabajyoti.",TURBO C (Linguagem de programação de computador),Livro,Biblioteca Setorial Prof. Ronaldo Xavier de Arruda - CCET,1,0,0,0,0,0,0.0
74232,Programando banco de dados em Java,"Jepson, Brian.",Banco de dados,Livro,Biblioteca Setorial Prof. Ronaldo Xavier de Arruda - CCET,1,0,0,0,0,0,0.0
74238,Autocad para desenhos de engenharia,"Kalameja, Alan J.",Computação gráfica,Livro,Biblioteca Setorial Prof. Ronaldo Xavier de Arruda - CCET,1,0,0,0,0,0,0.0
74277,Técnicas avançadas de computação,"Ishida, Toshinobu.",Computação,Livro,Biblioteca Setorial Prof. Ronaldo Xavier de Arruda - CCET,1,0,0,0,0,0,0.0
74279,Técnicas avançadas de computação,"Ishida, Toshinobu.",Computação,Livro,Biblioteca Setorial Prof. Ronaldo Xavier de Arruda - CCET,1,0,0,0,0,0,0.0
74284,Dominando o Delphi 2,"Cantú, Marco.",Delphi (Programa de computador),Livro,Biblioteca Setorial Prof. Ronaldo Xavier de Arruda - CCET,2,0,0,0,0,0,0.0
74287,Dominando o Visual Basic 6 :,"Petroutsos, Evangelos.",Visual Basic (Programa de computador),Livro,Biblioteca Setorial Prof. Ronaldo Xavier de Arruda - CCET,1,0,0,0,0,0,0.0
85714,Borland C++ :,,Borland C++ (Linguagem de programação),Livro,Biblioteca Setorial Prof. Ronaldo Xavier de Arruda - CCET,1,0,0,0,0,0,0.0
87766,Introdução à programação PROLOG,"Palazzo, Luíz A. M.",PROLOG (Linguagem de programação),Livro,Biblioteca Setorial Prof. Ronaldo Xavier de Arruda - CCET,1,0,0,0,0,0,0.0
93310,Analysis of integrated and cointegrated time series with R,"Pfaff, Bernhard.",Séries temporais -,Livro,Biblioteca Setorial Prof. Ronaldo Xavier de Arruda - CCET,1,0,0,0,0,0,0.0
103922,PC a fundo,"Correntgé, Joan Lesán.",Informática,Folheto,Biblioteca Setorial Prof. Ronaldo Xavier de Arruda - CCET,45,0,0,0,0,0,0.0
121543,Animação em 3ds Max 6,"Fox, Barrett.",Computação gráfica,Livro,Biblioteca Setorial Prof. Ronaldo Xavier de Arruda - CCET,1,0,0,0,0,0,0.0
121625,3ds max 7:,"Silva, João Carlos da,",Computação gráfica,Livro,Biblioteca Setorial Prof. Ronaldo Xavier de Arruda - CCET,1,0,0,0,0,0,0.0
191926,Algoritmos genéticos,"Linden, Ricardo.",Computação evolutiva,Livro,Biblioteca Setorial Prof. Ronaldo Xavier de Arruda - CCET,1,0,0,0,0,0,0.0
220673,Generalized Voronoi diagram :,,Geometria -,Livro,Biblioteca Setorial Prof. Ronaldo Xavier de Arruda - CCET,2,0,0,0,0,0,0.0
229528,Advances in network analysis and its applications,,Matemática -,Livro,Biblioteca Setorial Prof. Ronaldo Xavier de Arruda - CCET,1,0,0,0,0,0,0.0
241780,Introdução aos espaços de escala,"Teixeira, Ralph.",Computação gráfica,Livro,Biblioteca Setorial Prof. Ronaldo Xavier de Arruda - CCET,1,0,0,0,0,0,0.0
261051,Introdução à álgebra abstrata:,"Evaristo, Jaime.",Álgebra -,Livro,Biblioteca Setorial Prof. Ronaldo Xavier de Arruda - CCET,1,0,0,0,0,0,0.0
277713,Algoritmos e lógica de programação:,,Algoritmos de computador,Livro,Biblioteca Setorial Prof. Ronaldo Xavier de Arruda - CCET,5,0,0,0,0,0,0.0
170086,Algoritmos em linguagem C,"Feofiloff, Paulo,",Algoritmos de computador,Livro,Biblioteca Setorial Prof. Ronaldo Xavier de Arruda - CCET,5,0,0,0,1,1,0.2
99309,Guide to LATEX,"Kopka, Helmut.",LaTeX (Arquivo de computador),Livro,Biblioteca Setorial Prof. Ronaldo Xavier de Arruda - CCET,4,1,0,0,0,1,0.25
71713,Um ambiente web para personalização de sites dinâmicos,"Souza, Giordano Flávio Avelino de.",Internet -,Relatório Acadêmico,Biblioteca Setorial Prof. Ronaldo Xavier de Arruda - CCET,1,0,1,0,0,1,1.0
128311,Informática para concursos :,"Antonio, João.",Informática,Livro,Biblioteca Setorial Prof. Ronaldo Xavier de Arruda - CCET,2,2,0,0,0,2,1.0
91840,Algoritmos e programação :,"Medina, Marco,",Algoritmos,Livro,Biblioteca Setorial Prof. Ronaldo Xavier de Arruda - CCET,3,4,0,0,0,4,1.33
191906,Algoritmos e programação de computadores,,Algoritmos de computador,Livro,Biblioteca Setorial Prof. Ronaldo Xavier de Arruda - CCET,2,3,0,0,0,3,1.5
166745,Treinamento em linguagem C,"Mizrahi, Victorine Viviane.",C (Linguagem de programação de computador),Livro,Biblioteca Setorial Prof. Ronaldo Xavier de Arruda - CCET,5,0,9,0,1,10,2.0
85434,C completo e total,"Schildt, Herbert,",C (Linguagem de programação de computador),Livro,Biblioteca Setorial Prof. Ronaldo Xavier de Arruda - CCET,5,4,7,0,0,11,2.2
153463,Introdução à programação :,"Lopes, Anita.",Informática,Livro,Biblioteca Setorial Prof. Ronaldo Xavier de Arruda - CCET,3,7,7,0,0,14,4.67
44080,Sistemas de Informação :,"Laudon, Kenneth C.",Internet (Redes de computação),Livro,Biblioteca Setorial Profª. Maria José Mamede Galvão - FELCS - Currais Novos,1,0,0,0,0,0,0.0
68493,Sistemas de informação e as decisões gerenciais na era da internet,"O'Brien, James A.,",Sistemas de informação gerencial,Livro,Biblioteca Setorial Profª. Maria José Mamede Galvão - FELCS - Currais Novos,1,0,0,0,0,0,0.0
70330,Informática na educação :,"Tajra , Sanmya Feitosa,",Educação -,Livro,Biblioteca Setorial Profª. Maria José Mamede Galvão - FELCS - Currais Novos,5,0,0,0,0,0,0.0
84136,Arquitetura de computadores :,"Wanderley Netto, Eduardo Bráulio.",Arquitetura de computadores,Livro,Biblioteca Setorial Profª. Maria José Mamede Galvão - FELCS - Currais Novos,1,0,0,0,0,0,0.0
89828,Meios eletrônicos e educação :,"Setzer, Valdemar W.",Educação -,Livro,Biblioteca Setorial Profª. Maria José Mamede Galvão - FELCS - Currais Novos,5,0,0,0,0,0,0.0
93340,Sistemas de informação :,"Boghi, Cláudio.",Banco de dados,Livro,Biblioteca Setorial Profª. Maria José Mamede Galvão - FELCS - Currais Novos,1,0,0,0,0,0,0.0
97408,Formatando teses e monografias com Microsoft Word,"Morgado, Flavio",Word (Programa de computador),Livro,Biblioteca Setorial Profª. Maria José Mamede Galvão - FELCS - Currais Novos,5,0,0,0,0,0,0.0
119099,Competitividade e negócios eletrônicos:,,Comércio eletrônico,Livro,Biblioteca Setorial Profª. Maria José Mamede Galvão - FELCS - Currais Novos,10,0,0,0,0,0,0.0
128238,Usabilidade na Web :,"Nielsen, Jakob.",Internet (Redes de computação),Livro,Biblioteca Setorial Profª. Maria José Mamede Galvão - FELCS - Currais Novos,8,0,0,0,0,0,0.0
152676,Estruturas de dados e algoritmos :,"Preiss, Bruno R.",Algoritmos,Livro,Biblioteca Setorial Profª. Maria José Mamede Galvão - FELCS - Currais Novos,1,0,0,0,0,0,0.0
153469,Informática na educação :,"Tajra, Sanmya Feitosa.",Educação -,Livro,Biblioteca Setorial Profª. Maria José Mamede Galvão - FELCS - Currais Novos,1,0,0,0,0,0,0.0
160270,Clusters empresariais no Brasil :,,Estudo de casos,Livro,Biblioteca Setorial Profª. Maria José Mamede Galvão - FELCS - Currais Novos,1,0,0,0,0,0,0.0
168844,Estudo dirigido de informática básica,"Manzano, André Luiz N. G.",Informática,Livro,Biblioteca Setorial Profª. Maria José Mamede Galvão - FELCS - Currais Novos,1,0,0,0,0,0,0.0
171885,Sistemas informáticos aplicados al turismo,,Informática aplicada ao turismo,Livro,Biblioteca Setorial Profª. Maria José Mamede Galvão - FELCS - Currais Novos,8,0,0,0,0,0,0.0
176726,Gestão da inovação tecnológica,"Andreassi, Tales.",Inovação tecnológica,Livro,Biblioteca Setorial Profª. Maria José Mamede Galvão - FELCS - Currais Novos,1,0,0,0,0,0,0.0
179868,A tecnologia da informação nas agências de viagens :,"Silva, Mayara Cibelly de Medeiros.",Tecnologia da informação -,Monografia,Biblioteca Setorial Profª. Maria José Mamede Galvão - FELCS - Currais Novos,1,0,0,0,0,0,0.0
188084,Excel avançado,"Cinto, Antonio Fernando.",Microsoft excel (programa de computador),Livro,Biblioteca Setorial Profª. Maria José Mamede Galvão - FELCS - Currais Novos,10,0,0,0,0,0,0.0
189682,Microsoft powerpoint 2010:,"Cox, Joyce.",Programa de computador,Livro,Biblioteca Setorial Profª. Maria José Mamede Galvão - FELCS - Currais Novos,10,0,0,0,0,0,0.0
189818,Estratégias 2.0 para a mídia digital:,"Saad, Beth.",Mídia digital,Livro,Biblioteca Setorial Profª. Maria José Mamede Galvão - FELCS - Currais Novos,5,0,0,0,0,0,0.0
189821,Criando aplicações para redes sociais,"Bell, Gavin.",Desenvolvimento web site,Livro,Biblioteca Setorial Profª. Maria José Mamede Galvão - FELCS - Currais Novos,10,0,0,0,0,0,0.0
200710,Proposta de utilização do laboratório de informática do PROINFO na escola estadual Lions Clube,"Silva, Dalton Alexsandro dos Santos.",Informática na educação -,Monografia,Biblioteca Setorial Profª. Maria José Mamede Galvão - FELCS - Currais Novos,1,0,0,0,0,0,0.0
201553,MATLAB com aplicações de engenharia,"Gilat, Amos.",MATLAB (programa de computador),Livro,Biblioteca Setorial Profª. Maria José Mamede Galvão - FELCS - Currais Novos,10,0,0,0,0,0,0.0
201760,Comércio eletrônico :,"Albertin, Alberto Luiz.",Comércio -,Livro,Biblioteca Setorial Profª. Maria José Mamede Galvão - FELCS - Currais Novos,9,0,0,0,0,0,0.0
208966,O mundo segundo Mark Zuckerberg :,"Beahm, George.","Zukerberg, Mark,",Livro,Biblioteca Setorial Profª. Maria José Mamede Galvão - FELCS - Currais Novos,8,0,0,0,0,0,0.0
221414,Inclusão digital nas escolas públicas :,"Silva, Maria Aparecida Ramos da.",Inclusão digital,Livro,Biblioteca Setorial Profª. Maria José Mamede Galvão - FELCS - Currais Novos,1,0,0,0,0,0,0.0
224377,"Discurso e argumentação no blog ""fatos e dados"" da Petrobras","Lemos, Daniel Dantas.",Linguística aplicada,Livro,Biblioteca Setorial Profª. Maria José Mamede Galvão - FELCS - Currais Novos,1,0,0,0,0,0,0.0
243544,Análise e projeto de sistemas,"Dennis, Alan.",Projeto de sistema,Livro,Biblioteca Setorial Profª. Maria José Mamede Galvão - FELCS - Currais Novos,1,0,0,0,0,0,0.0
256125,O & M integrado à informática,"Chinelato Filho, João.",Centros de processamento de dados -,Livro,Biblioteca Setorial Profª. Maria José Mamede Galvão - FELCS - Currais Novos,1,0,0,0,0,0,0.0
260982,O poder da informação:,"Weitzen, H. Skip.",Banco de dados -,Livro,Biblioteca Setorial Profª. Maria José Mamede Galvão - FELCS - Currais Novos,1,0,0,0,0,0,0.0
278027,Algoritmos :,"Manzano, José Augusto N. G.",Programação (Computadores),Livro,Biblioteca Setorial Profª. Maria José Mamede Galvão - FELCS - Currais Novos,3,0,0,0,0,0,0.0
288023,Fuzzy logic and neural network handbook,,Redes neurais (Computação),Livro,Biblioteca Setorial Profª. Maria José Mamede Galvão - FELCS - Currais Novos,1,0,0,0,0,0,0.0
229294,Fundamentos da privacidade digital :,"Cherry, Denny.",Processamento de dados,Livro,Biblioteca Setorial Profª. Maria José Mamede Galvão - FELCS - Currais Novos,14,1,0,0,0,1,0.07
189675,Fórmulas e funções :,"Mcfedries, Paul.",Excel (programa de computador),Livro,Biblioteca Setorial Profª. Maria José Mamede Galvão - FELCS - Currais Novos,10,0,1,0,0,1,0.1
208965,O mundo segundo Bill Gates :,"Rogak, Lisa.","Gates, Bill",Livro,Biblioteca Setorial Profª. Maria José Mamede Galvão - FELCS - Currais Novos,9,0,0,0,1,1,0.11
173753,Política de segurança de informações :,"Albertin, Alberto Luiz.",Sistemas de informação -,Livro,Biblioteca Setorial Profª. Maria José Mamede Galvão - FELCS - Currais Novos,8,1,0,0,0,1,0.12
174626,Introdução à computação para administradores,"Silva, Flávio S. Corrêa da.",Administração de empresas,Livro,Biblioteca Setorial Profª. Maria José Mamede Galvão - FELCS - Currais Novos,8,0,1,0,0,1,0.12
174632,Conhecimento em TI :,"Weill, Peter.",Administração,Livro,Biblioteca Setorial Profª. Maria José Mamede Galvão - FELCS - Currais Novos,8,1,0,0,0,1,0.12
208967,O mundo segundo Steve Jobs :,"Beahm, George.","Jobs, Steven,",Livro,Biblioteca Setorial Profª. Maria José Mamede Galvão - FELCS - Currais Novos,8,0,0,0,1,1,0.12
229305,Estruturas de dados com jogos,,Programação de computadores -,Livro,Biblioteca Setorial Profª. Maria José Mamede Galvão - FELCS - Currais Novos,15,0,0,0,2,2,0.13
134588,Não me faça pensar :,"Krug, Steve.",World Wide Web (Sistema de recuperação da informação),Livro,Biblioteca Setorial Profª. Maria José Mamede Galvão - FELCS - Currais Novos,10,0,0,0,2,2,0.2
186899,E-turismo :,"Guimarães, André Sathler.",Turismo -,Livro,Biblioteca Setorial Profª. Maria José Mamede Galvão - FELCS - Currais Novos,10,2,0,0,0,2,0.2
189683,Microsoft excel 2010:,"Frye, Curtis D.",Programa de computador,Livro,Biblioteca Setorial Profª. Maria José Mamede Galvão - FELCS - Currais Novos,10,2,0,0,0,2,0.2
205424,Informática na educação :,"Tajra, Sanmya Feitosa,",Educação -,Livro,Biblioteca Setorial Profª. Maria José Mamede Galvão - FELCS - Currais Novos,5,1,0,0,0,1,0.2
210591,Informática para administradores,"Almeida, Mário de Souza.",Informática -,Livro,Biblioteca Setorial Profª. Maria José Mamede Galvão - FELCS - Currais Novos,5,1,0,0,0,1,0.2
186328,Excel para profissionais de finanças,"Correia Neto, Jocildo Figueiredo.",EXCEL (Programa de Computador),Livro,Biblioteca Setorial Profª. Maria José Mamede Galvão - FELCS - Currais Novos,14,1,2,0,0,3,0.21
228297,Documentos empresariais :,"Costa, Nelson Pereira da.",Administração de empresas -,Livro,Biblioteca Setorial Profª. Maria José Mamede Galvão - FELCS - Currais Novos,10,0,3,0,1,4,0.4
189673,Use a cabeça! excel,"Milton, Michael.",Excel (programa de computador),Livro,Biblioteca Setorial Profª. Maria José Mamede Galvão - FELCS - Currais Novos,10,2,4,1,2,9,0.9
191906,Algoritmos e programação de computadores,,Algoritmos de computador,Livro,Biblioteca Setorial Profª. Maria José Mamede Galvão - FELCS - Currais Novos,3,0,0,0,3,3,1.0
208042,Negócios eletrônicos :,"Costa, Gilberto Cezar Gutierrez da.",Comércio eletrônico,Livro,Biblioteca Setorial Profª. Maria José Mamede Galvão - FELCS - Currais Novos,10,12,3,0,1,16,1.6
229752,Python para desenvolvedores,"Borges, Luiz Eduardop.",Python (Linguagem de programação de computador),Livro,Biblioteca Setorial Profª. Maria José Mamede Galvão - FELCS - Currais Novos,10,9,12,0,6,27,2.7
9854,Data Structures And Algorithms,"Aho, Alfred V.,",Estruturas de dados (Computação),Livro,Biblioteca Setorial Profª. Maria Lúcia da Costa Bezerra - ­CERES­ - Caicó,5,0,0,0,0,0,0.0
9862,Algorithmic :,"Chaitin, Gregory J.",Algoritmos,Livro,Biblioteca Setorial Profª. Maria Lúcia da Costa Bezerra - ­CERES­ - Caicó,3,0,0,0,0,0,0.0
21064,TCP/IP illustrated,"Stevens, W. Richard.",TCP/IP (Protocolo de rede de computador),Livro,Biblioteca Setorial Profª. Maria Lúcia da Costa Bezerra - ­CERES­ - Caicó,15,0,0,0,0,0,0.0
21167,Design patterns elements of reusable object-oriented software,,Linguagem orientada a objetos (Computação),Livro,Biblioteca Setorial Profª. Maria Lúcia da Costa Bezerra - ­CERES­ - Caicó,8,0,0,0,0,0,0.0
23724,Compiler construction :,"Louden, Kenneth C.",Compiladores (Programas de computador),Livro,Biblioteca Setorial Profª. Maria Lúcia da Costa Bezerra - ­CERES­ - Caicó,8,0,0,0,0,0,0.0
24710,Tabu search,"Glover, Fred.",Inteligência artificial,Livro,Biblioteca Setorial Profª. Maria Lúcia da Costa Bezerra - ­CERES­ - Caicó,2,0,0,0,0,0,0.0
24919,Redes de computadores,"Tanenbaum, Andrew S.,",Redes de computação,Livro,Biblioteca Setorial Profª. Maria Lúcia da Costa Bezerra - ­CERES­ - Caicó,7,0,0,0,0,0,0.0
35518,Fundamentals of algorithmics,"Brassard, Gilles,",Algoritmos,Livro,Biblioteca Setorial Profª. Maria Lúcia da Costa Bezerra - ­CERES­ - Caicó,8,0,0,0,0,0,0.0
36606,An introduction to database systems,"Date, C. J.",Banco de dados -,Livro,Biblioteca Setorial Profª. Maria Lúcia da Costa Bezerra - ­CERES­ - Caicó,1,0,0,0,0,0,0.0
39003,Designing and building parallel programs :,"Foster, Ian T.,",Programação paralela (Computação),Livro,Biblioteca Setorial Profª. Maria Lúcia da Costa Bezerra - ­CERES­ - Caicó,5,0,0,0,0,0,0.0
57659,Metamagical themas :,"Hofstadter, Douglas R.,",Inteligência artificial,Livro,Biblioteca Setorial Profª. Maria Lúcia da Costa Bezerra - ­CERES­ - Caicó,3,0,0,0,0,0,0.0
68127,Algoritmos :,,Algoritmos,Livro,Biblioteca Setorial Profª. Maria Lúcia da Costa Bezerra - ­CERES­ - Caicó,1,0,0,0,0,0,0.0
68217,"Introdução à teoria de autômatos, linguagens e computação","Hopcroft, John E.,",Teoria dos autômatos,Livro,Biblioteca Setorial Profª. Maria Lúcia da Costa Bezerra - ­CERES­ - Caicó,5,0,0,0,0,0,0.0
69131,S programming,"Venables, W. N.",S (linguagem de programação de computador),Livro,Biblioteca Setorial Profª. Maria Lúcia da Costa Bezerra - ­CERES­ - Caicó,3,0,0,0,0,0,0.0
86014,Programming challenges :,"Skiena, Steven S.",Programação de computador,Livro,Biblioteca Setorial Profª. Maria Lúcia da Costa Bezerra - ­CERES­ - Caicó,5,0,0,0,0,0,0.0
87718,Distributed algorithms,"Lynch, Nancy A.,",Algoritmos (Computadores),Livro,Biblioteca Setorial Profª. Maria Lúcia da Costa Bezerra - ­CERES­ - Caicó,3,0,0,0,0,0,0.0
87999,Algoritmos e lógica de programação,,Algoritmos (Computador),Livro,Biblioteca Setorial Profª. Maria Lúcia da Costa Bezerra - ­CERES­ - Caicó,7,0,0,0,0,0,0.0
88128,Programming with data :,"Chambers, John M.",S (Linguagem de programação de computador),Livro,Biblioteca Setorial Profª. Maria Lúcia da Costa Bezerra - ­CERES­ - Caicó,3,0,0,0,0,0,0.0
88386,Artificial intelligence :,"Negnevitsky, Michael.",Inteligência artificial,Livro,Biblioteca Setorial Profª. Maria Lúcia da Costa Bezerra - ­CERES­ - Caicó,4,0,0,0,0,0,0.0
88409,"Concepts, techniques, and models of computer programming","Van-Roy, Peter.",Programação (Computadores),Livro,Biblioteca Setorial Profª. Maria Lúcia da Costa Bezerra - ­CERES­ - Caicó,4,0,0,0,0,0,0.0
88427,Types and programming languages,"Pierce, Benjamin C.",Linguagem de programação (Computadores),Livro,Biblioteca Setorial Profª. Maria Lúcia da Costa Bezerra - ­CERES­ - Caicó,5,0,0,0,0,0,0.0
89586,Combining pattern classifiers :,"Kuncheva, Ludmila I.",Sistema de reconhecimento de padrões,Livro,Biblioteca Setorial Profª. Maria Lúcia da Costa Bezerra - ­CERES­ - Caicó,6,0,0,0,0,0,0.0
91583,Algoritmos,"Salvetti, Dirceu Douglas.",Algoritmos,Livro,Biblioteca Setorial Profª. Maria Lúcia da Costa Bezerra - ­CERES­ - Caicó,7,0,0,0,0,0,0.0
92639,The art of computer programming,"Knuth, Donald Ervin,",Programação (Computadores),Livro,Biblioteca Setorial Profª. Maria Lúcia da Costa Bezerra - ­CERES­ - Caicó,10,0,0,0,0,0,0.0
93066,Software systems architecture :,"Rozanski, Nick.",Software (Informática),Livro,Biblioteca Setorial Profª. Maria Lúcia da Costa Bezerra - ­CERES­ - Caicó,3,0,0,0,0,0,0.0
95931,Introdução à ciência da Computação,"Fedeli, Ricardo Daniel",Informática,Livro,Biblioteca Setorial Profª. Maria Lúcia da Costa Bezerra - ­CERES­ - Caicó,4,0,0,0,0,0,0.0
95993,Introdução a informatica,"Norton, Peter,",Informática,Livro,Biblioteca Setorial Profª. Maria Lúcia da Costa Bezerra - ­CERES­ - Caicó,2,0,0,0,0,0,0.0
96749,Informática na educação,"Tajra, Sanmya Feitosa.",Educação -,Livro,Biblioteca Setorial Profª. Maria Lúcia da Costa Bezerra - ­CERES­ - Caicó,2,0,0,0,0,0,0.0
96798,Internet na educação :,"Tajra, Sanmya Feitosa,",Educação -,Livro,Biblioteca Setorial Profª. Maria Lúcia da Costa Bezerra - ­CERES­ - Caicó,2,0,0,0,0,0,0.0
97001,Projetos em sala de aula :,"Tajra, Sanmya Feitosa,",Educação -,Livro,Biblioteca Setorial Profª. Maria Lúcia da Costa Bezerra - ­CERES­ - Caicó,4,0,0,0,0,0,0.0
97003,Projetos em sala de aula :,"Tajra, Sanmya Feitosa,",Educação -,Livro,Biblioteca Setorial Profª. Maria Lúcia da Costa Bezerra - ­CERES­ - Caicó,2,0,0,0,0,0,0.0
97006,Projetos em sala de aula :,"Tajra, Sanmya Feitosa,",Educação -,Livro,Biblioteca Setorial Profª. Maria Lúcia da Costa Bezerra - ­CERES­ - Caicó,2,0,0,0,0,0,0.0
97029,Certificação Microsoft :,"Battisti, Júlio",Redes de computação -,Livro,Biblioteca Setorial Profª. Maria Lúcia da Costa Bezerra - ­CERES­ - Caicó,2,0,0,0,0,0,0.0
97042,Informática :,"Silva, Mário Gomes da,",Excel (Programa de computador),Livro,Biblioteca Setorial Profª. Maria Lúcia da Costa Bezerra - ­CERES­ - Caicó,8,0,0,0,0,0,0.0
98042,Banco de dados :,Universidade Federal do Rio Grande do Norte.,Universidade Federal do Rio Grande do Norte -,Livro,Biblioteca Setorial Profª. Maria Lúcia da Costa Bezerra - ­CERES­ - Caicó,1,0,0,0,0,0,0.0
100283,Purely functional data structures,"Okasaki, Chris.",Estruturas de dados,Livro,Biblioteca Setorial Profª. Maria Lúcia da Costa Bezerra - ­CERES­ - Caicó,5,0,0,0,0,0,0.0
102934,Advanced topics in types and programming languages,,Linguagem de programação (Computadores),Livro,Biblioteca Setorial Profª. Maria Lúcia da Costa Bezerra - ­CERES­ - Caicó,5,0,0,0,0,0,0.0
106401,Garantia da qualidade de software,"Bartié, Alexandre.",Engenharia de software,Livro,Biblioteca Setorial Profª. Maria Lúcia da Costa Bezerra - ­CERES­ - Caicó,9,0,0,0,0,0,0.0
113039,Introdução aos fundamentos da computação :,"Vieira, Newton Jose.",Processamento de linguagem natural (Computação),Livro,Biblioteca Setorial Profª. Maria Lúcia da Costa Bezerra - ­CERES­ - Caicó,25,0,0,0,0,0,0.0
113094,Introdução à teoria da computação,"Sipser, Michael.",Matemática computacional,Livro,Biblioteca Setorial Profª. Maria Lúcia da Costa Bezerra - ­CERES­ - Caicó,3,0,0,0,0,0,0.0
115907,Principles of data mining,"Bramer, M. A.",Banco de dados,Livro,Biblioteca Setorial Profª. Maria Lúcia da Costa Bezerra - ­CERES­ - Caicó,2,0,0,0,0,0,0.0
117345,C++ como programar,"Deitel, Harvey M.,",C++ (Linguagem de programação de computador),Livro,Biblioteca Setorial Profª. Maria Lúcia da Costa Bezerra - ­CERES­ - Caicó,1,0,0,0,0,0,0.0
124965,Concepts of programming languages,"Sebesta, Robert W.",Linguagem de programação (Computadores),Livro,Biblioteca Setorial Profª. Maria Lúcia da Costa Bezerra - ­CERES­ - Caicó,3,0,0,0,0,0,0.0
126569,Hypercomputation :,"Syropoulos, Apostolos.",Inteligência artificial,Livro,Biblioteca Setorial Profª. Maria Lúcia da Costa Bezerra - ­CERES­ - Caicó,2,0,0,0,0,0,0.0
126571,Knowledge processing with interval and soft computing,,Representação do conhecimento (Teoria da informação),Livro,Biblioteca Setorial Profª. Maria Lúcia da Costa Bezerra - ­CERES­ - Caicó,2,0,0,0,0,0,0.0
126680,Automated theorem proving :,"Newborn, Monty.",Inteligência artificial,Livro,Biblioteca Setorial Profª. Maria Lúcia da Costa Bezerra - ­CERES­ - Caicó,2,0,0,0,0,0,0.0
128240,Computação gráfica :,"Conci, Aura,",Computação gráfica,Livro,Biblioteca Setorial Profª. Maria Lúcia da Costa Bezerra - ­CERES­ - Caicó,6,0,0,0,0,0,0.0
130135,Information dashboard design :,"Few, Stephen.",Sistemas de gestão da informação,Livro,Biblioteca Setorial Profª. Maria Lúcia da Costa Bezerra - ­CERES­ - Caicó,6,0,0,0,0,0,0.0
133233,CMMI :,"Couto, Ana Brasil.",Modelos de capacitação e maturidade (Software),Livro,Biblioteca Setorial Profª. Maria Lúcia da Costa Bezerra - ­CERES­ - Caicó,1,0,0,0,0,0,0.0
134509,Redes de computadores,"Carissimi, Alexandre da Silva,",Redes de computadores,Livro,Biblioteca Setorial Profª. Maria Lúcia da Costa Bezerra - ­CERES­ - Caicó,11,0,0,0,0,0,0.0
135297,Java concurrency in practice,"Goetz, Brian",Java (Linguagem de programação de computador),Livro,Biblioteca Setorial Profª. Maria Lúcia da Costa Bezerra - ­CERES­ - Caicó,5,0,0,0,0,0,0.0
135954,Handbook of research on artificial immune systems and natural computing :,,Processamento da linguagem natural (Computação) -,Livro,Biblioteca Setorial Profª. Maria Lúcia da Costa Bezerra - ­CERES­ - Caicó,2,0,0,0,0,0,0.0
137070,The art computer systems performance analysis :,"Jain, Raj.",Redes de computadores,Livro,Biblioteca Setorial Profª. Maria Lúcia da Costa Bezerra - ­CERES­ - Caicó,13,0,0,0,0,0,0.0
145747,Direito & internet :,,Internet -,Livro,Biblioteca Setorial Profª. Maria Lúcia da Costa Bezerra - ­CERES­ - Caicó,1,0,0,0,0,0,0.0
149978,Sistema de banco de dados,"Silberschatz, Abraham.",Ciência da Computação,Livro,Biblioteca Setorial Profª. Maria Lúcia da Costa Bezerra - ­CERES­ - Caicó,2,0,0,0,0,0,0.0
152364,Treinamento em linguagem C++,"Mizrahi, Victorine Viviane.",C++ (Linguagem de programação de computador),Livro,Biblioteca Setorial Profª. Maria Lúcia da Costa Bezerra - ­CERES­ - Caicó,16,0,0,0,0,0,0.0
152443,Use a cabeça :,"Pilone, Dan.",Software -,Livro,Biblioteca Setorial Profª. Maria Lúcia da Costa Bezerra - ­CERES­ - Caicó,3,0,0,0,0,0,0.0
153204,Data mining :,"Han, Jiawei.",Banco de dados,Livro,Biblioteca Setorial Profª. Maria Lúcia da Costa Bezerra - ­CERES­ - Caicó,2,0,0,0,0,0,0.0
153375,Engenharia de software :,"Tonsig, Sérgio Luiz,",Engenharia de sistemas,Livro,Biblioteca Setorial Profª. Maria Lúcia da Costa Bezerra - ­CERES­ - Caicó,2,0,0,0,0,0,0.0
153422,Data mining :,"Witten, Ian H.",Mineração de dados (Computação),Livro,Biblioteca Setorial Profª. Maria Lúcia da Costa Bezerra - ­CERES­ - Caicó,3,0,0,0,0,0,0.0
153469,Informática na educação :,"Tajra, Sanmya Feitosa.",Educação -,Livro,Biblioteca Setorial Profª. Maria Lúcia da Costa Bezerra - ­CERES­ - Caicó,1,0,0,0,0,0,0.0
160526,Excel para profissionais de finanças :,"Correia Neto, Jocildo Figueiredo,",Excel (Programa de computador),Livro,Biblioteca Setorial Profª. Maria Lúcia da Costa Bezerra - ­CERES­ - Caicó,6,0,0,0,0,0,0.0
161810,Computer security :,"Stallings, William,",Computadores -,Livro,Biblioteca Setorial Profª. Maria Lúcia da Costa Bezerra - ­CERES­ - Caicó,1,0,0,0,0,0,0.0
162109,Programming pearls,"Bentley, Jon Louis.",Programação (Computadores),Livro,Biblioteca Setorial Profª. Maria Lúcia da Costa Bezerra - ­CERES­ - Caicó,5,0,0,0,0,0,0.0
162149,Knowledge-based clustering :,"Pedrycz, Witold,",Computação granular,Livro,Biblioteca Setorial Profª. Maria Lúcia da Costa Bezerra - ­CERES­ - Caicó,2,0,0,0,0,0,0.0
162191,Introduction to parallel computing,,Processamento paralelo (Computadores),Livro,Biblioteca Setorial Profª. Maria Lúcia da Costa Bezerra - ­CERES­ - Caicó,5,0,0,0,0,0,0.0
162387,Handbook of practical logic and automated reasoning,"Harrison, J.",Raciocínio,Livro,Biblioteca Setorial Profª. Maria Lúcia da Costa Bezerra - ­CERES­ - Caicó,2,0,0,0,0,0,0.0
162543,UNIX network programming :,"Stevens, W. Richard.",Redes de computação,Livro,Biblioteca Setorial Profª. Maria Lúcia da Costa Bezerra - ­CERES­ - Caicó,8,0,0,0,0,0,0.0
165745,Projeto e modelagem de bancos de dados,"Teorey, Toby",Banco de dados,Livro,Biblioteca Setorial Profª. Maria Lúcia da Costa Bezerra - ­CERES­ - Caicó,6,0,0,0,0,0,0.0
165814,UML na prática :,"Cardoso, Caíque",UML (Linguagem de modelagem padrão),Livro,Biblioteca Setorial Profª. Maria Lúcia da Costa Bezerra - ­CERES­ - Caicó,8,0,0,0,0,0,0.0
166744,Métricas para desenvolvedores,"Anselmo, Fernando",Software,Livro,Biblioteca Setorial Profª. Maria Lúcia da Costa Bezerra - ­CERES­ - Caicó,3,0,0,0,0,0,0.0
166849,O mitico homem-mês :,"Brooks, Frederick P.",Engenharia de software -,Livro,Biblioteca Setorial Profª. Maria Lúcia da Costa Bezerra - ­CERES­ - Caicó,8,0,0,0,0,0,0.0
166978,Cloud computing :,"Taurion, Cezar.",Computação em nuvem,Livro,Biblioteca Setorial Profª. Maria Lúcia da Costa Bezerra - ­CERES­ - Caicó,10,0,0,0,0,0,0.0
169993,Cryptography and network security :,"Stallings, William,",Criptografia,Livro,Biblioteca Setorial Profª. Maria Lúcia da Costa Bezerra - ­CERES­ - Caicó,4,0,0,0,0,0,0.0
170064,Software engineering :,"Pfleeger, Shari Lawrence.",Engenharia de programas de computadores,Livro,Biblioteca Setorial Profª. Maria Lúcia da Costa Bezerra - ­CERES­ - Caicó,8,0,0,0,0,0,0.0
170148,The Craft of Prolog,"O'Keefe, Richard A.",Linguagem de programação de computador,Livro,Biblioteca Setorial Profª. Maria Lúcia da Costa Bezerra - ­CERES­ - Caicó,4,0,0,0,0,0,0.0
170153,The practice of Prolog,,Linguagem de programação de computador,Livro,Biblioteca Setorial Profª. Maria Lúcia da Costa Bezerra - ­CERES­ - Caicó,4,0,0,0,0,0,0.0
171245,The (new) turing omnibus :,"Dewdney, A. K.",Processamento eletrônico de dados,Livro,Biblioteca Setorial Profª. Maria Lúcia da Costa Bezerra - ­CERES­ - Caicó,4,0,0,0,0,0,0.0
171248,Information security :,"Stamp, Mark.",Computadores -,Livro,Biblioteca Setorial Profª. Maria Lúcia da Costa Bezerra - ­CERES­ - Caicó,4,0,0,0,0,0,0.0
171350,The C programming language,"Kernighan, Brian W.,",C (Linguagem de programação de computador),Livro,Biblioteca Setorial Profª. Maria Lúcia da Costa Bezerra - ­CERES­ - Caicó,8,0,0,0,0,0,0.0
171362,The practice of programming,"Kernighan, Brian W.,",Programação (Computadores),Livro,Biblioteca Setorial Profª. Maria Lúcia da Costa Bezerra - ­CERES­ - Caicó,6,0,0,0,0,0,0.0
171363,The C++ programming language,"Stroustroup, Bjarne.",C (Linguagem de programação de computador),Livro,Biblioteca Setorial Profª. Maria Lúcia da Costa Bezerra - ­CERES­ - Caicó,8,0,0,0,0,0,0.0
171427,History of programming languages II,,Linguagem de programação (Computadores),Livro,Biblioteca Setorial Profª. Maria Lúcia da Costa Bezerra - ­CERES­ - Caicó,4,0,0,0,0,0,0.0
171429,Compilers :,,Compiladores (Programa para programas),Livro,Biblioteca Setorial Profª. Maria Lúcia da Costa Bezerra - ­CERES­ - Caicó,4,0,0,0,0,0,0.0
171443,Feature extraction and image processing,"Nixon, Mark S.",Computação gráfica,Livro,Biblioteca Setorial Profª. Maria Lúcia da Costa Bezerra - ­CERES­ - Caicó,4,0,0,0,0,0,0.0
171832,C++ primer plus,"Prata, Stephen.",C (Linguagem de programação de computador),Livro,Biblioteca Setorial Profª. Maria Lúcia da Costa Bezerra - ­CERES­ - Caicó,6,0,0,0,0,0,0.0
172288,Operating systems :,"Stallings, William.",Sistemas operacionais (Computadores),Livro,Biblioteca Setorial Profª. Maria Lúcia da Costa Bezerra - ­CERES­ - Caicó,5,0,0,0,0,0,0.0
172299,Data and computer communications,"Stallings, William.",Sistema de transmissão da dados,Livro,Biblioteca Setorial Profª. Maria Lúcia da Costa Bezerra - ­CERES­ - Caicó,5,0,0,0,0,0,0.0
172473,Programming :,"Stroustrup, Bjarne.",C (Linguagem de programação de computador),Livro,Biblioteca Setorial Profª. Maria Lúcia da Costa Bezerra - ­CERES­ - Caicó,6,0,0,0,0,0,0.0
172714,Programming in prolog,"Clocksin, Willian F.",Prolog (Linguagem de programação de computador),Livro,Biblioteca Setorial Profª. Maria Lúcia da Costa Bezerra - ­CERES­ - Caicó,4,0,0,0,0,0,0.0
174178,O projeto do projeto :,"Brooks Jr., Frederick P.",Projetos de engenharia,Livro,Biblioteca Setorial Profª. Maria Lúcia da Costa Bezerra - ­CERES­ - Caicó,6,0,0,0,0,0,0.0
175499,Information visualization :,"Ware, Colin.",Percepção visual,Livro,Biblioteca Setorial Profª. Maria Lúcia da Costa Bezerra - ­CERES­ - Caicó,3,0,0,0,0,0,0.0
175500,Fuzzy modeling and genetic algorithms for data mining and exploration,"Cox, Earl.",Mineração de dados (Computação),Livro,Biblioteca Setorial Profª. Maria Lúcia da Costa Bezerra - ­CERES­ - Caicó,5,0,0,0,0,0,0.0
176078,Cloud computing :,"Velte, Anthony T.",Computação em nuvem,Livro,Biblioteca Setorial Profª. Maria Lúcia da Costa Bezerra - ­CERES­ - Caicó,7,0,0,0,0,0,0.0
176122,Use a cabeça! Desenvolvendo para iphone,"Pilone, Dan.",Desenvolvimento de software -,Livro,Biblioteca Setorial Profª. Maria Lúcia da Costa Bezerra - ­CERES­ - Caicó,3,0,0,0,0,0,0.0
176167,Dominando Linux Firewall Iptables,Urubatan Neto.,Linux (Sistema operacional de computador),Livro,Biblioteca Setorial Profª. Maria Lúcia da Costa Bezerra - ­CERES­ - Caicó,5,0,0,0,0,0,0.0
176170,Data mining :,"Kantardzic, Mehmed.",Tratamento de dados,Livro,Biblioteca Setorial Profª. Maria Lúcia da Costa Bezerra - ­CERES­ - Caicó,1,0,0,0,0,0,0.0
176172,Gerenciamento de identidades :,"Santos, Alfredo Luiz dos.",Segurança da informação,Livro,Biblioteca Setorial Profª. Maria Lúcia da Costa Bezerra - ­CERES­ - Caicó,8,0,0,0,0,0,0.0
176226,O futuro da Internet :,"Lemos, André.",Internet -,Livro,Biblioteca Setorial Profª. Maria Lúcia da Costa Bezerra - ­CERES­ - Caicó,3,0,0,0,0,0,0.0
176228,Data mining methods and models,"Larose, Daniel T.",Tratamento de dados,Livro,Biblioteca Setorial Profª. Maria Lúcia da Costa Bezerra - ­CERES­ - Caicó,1,0,0,0,0,0,0.0
176231,Clustering for data mining :,"Mirkin, B. G.",Tratamento de dados,Livro,Biblioteca Setorial Profª. Maria Lúcia da Costa Bezerra - ­CERES­ - Caicó,3,0,0,0,0,0,0.0
176248,Qualidade em software :,"Mecenas, Ivan.",Software -,Livro,Biblioteca Setorial Profª. Maria Lúcia da Costa Bezerra - ­CERES­ - Caicó,3,0,0,0,0,0,0.0
176253,Algorithms :,"Heineman, Goorge T.",Algoritmos,Livro,Biblioteca Setorial Profª. Maria Lúcia da Costa Bezerra - ­CERES­ - Caicó,8,0,0,0,0,0,0.0
176476,Building wireless sensor networks,,Rede de computadores,Livro,Biblioteca Setorial Profª. Maria Lúcia da Costa Bezerra - ­CERES­ - Caicó,5,0,0,0,0,0,0.0
176586,Rails 3 básico,"Carneiro Jr., Cloves.",Ruby (Linguagem de programação de computador),Livro,Biblioteca Setorial Profª. Maria Lúcia da Costa Bezerra - ­CERES­ - Caicó,6,0,0,0,0,0,0.0
176706,Use a cabeça! :,"Griffiths, David.",Ruby (Linguagem de programação de computador),Livro,Biblioteca Setorial Profª. Maria Lúcia da Costa Bezerra - ­CERES­ - Caicó,3,0,0,0,0,0,0.0
176803,Paradigms of artificial intelligence programming :,"Norvig, Peter.",Inteligência artificial,Livro,Biblioteca Setorial Profª. Maria Lúcia da Costa Bezerra - ­CERES­ - Caicó,5,0,0,0,0,0,0.0
176805,Genetic programming :,,Inteligência artificial,Livro,Biblioteca Setorial Profª. Maria Lúcia da Costa Bezerra - ­CERES­ - Caicó,7,0,0,0,0,0,0.0
176806,Digital watermarking,"Cox, Ingemar J.",Computadores -,Livro,Biblioteca Setorial Profª. Maria Lúcia da Costa Bezerra - ­CERES­ - Caicó,5,0,0,0,0,0,0.0
176899,Pearls of functional algorithm design,"Bird, Richard.",Algoritmos,Livro,Biblioteca Setorial Profª. Maria Lúcia da Costa Bezerra - ­CERES­ - Caicó,5,0,0,0,0,0,0.0
176900,Java data mining :,"Hornick, Mark F.",Data mining -,Livro,Biblioteca Setorial Profª. Maria Lúcia da Costa Bezerra - ­CERES­ - Caicó,3,0,0,0,0,0,0.0
176952,Steganography in digital media :,"Fridrich, Jessica.",Segurança da informação (Computação),Livro,Biblioteca Setorial Profª. Maria Lúcia da Costa Bezerra - ­CERES­ - Caicó,5,0,0,0,0,0,0.0
177028,Teoria da computação :,"Diverio, Tiarajú Asmuz.",Ciência da Computação -,Livro,Biblioteca Setorial Profª. Maria Lúcia da Costa Bezerra - ­CERES­ - Caicó,8,0,0,0,0,0,0.0
177101,An introduction to multiagent systems,"Wooldridge, Michael.",Agentes inteligentes (Software de computador),Livro,Biblioteca Setorial Profª. Maria Lúcia da Costa Bezerra - ­CERES­ - Caicó,4,0,0,0,0,0,0.0
177102,Multiagent systems :,"Shoham, Yoav.",Agentes inteligentes (Software de computador),Livro,Biblioteca Setorial Profª. Maria Lúcia da Costa Bezerra - ­CERES­ - Caicó,5,0,0,0,0,0,0.0
177173,Learn java for android development,"Friesen, Jeff.",Java (Linguagem de programação de computador),Livro,Biblioteca Setorial Profª. Maria Lúcia da Costa Bezerra - ­CERES­ - Caicó,3,0,0,0,0,0,0.0
177176,Programação de games com java,"Harbour, Jonathan S.",Java (Linguagem de programação de computador),Livro,Biblioteca Setorial Profª. Maria Lúcia da Costa Bezerra - ­CERES­ - Caicó,6,0,0,0,0,0,0.0
177187,Quality of service architectures for wireless networks :,,Internet sem fio,Livro,Biblioteca Setorial Profª. Maria Lúcia da Costa Bezerra - ­CERES­ - Caicó,7,0,0,0,0,0,0.0
177265,Segurança da informação :,"Alves, Gustavo Alberto.",Segurança da informação (computação) -,Livro,Biblioteca Setorial Profª. Maria Lúcia da Costa Bezerra - ­CERES­ - Caicó,8,0,0,0,0,0,0.0
177288,Reversing :,"Eilam, Eldad.",Segurança da informação (Computação),Livro,Biblioteca Setorial Profª. Maria Lúcia da Costa Bezerra - ­CERES­ - Caicó,5,0,0,0,0,0,0.0
177289,Modern cryptanalysis :,"Swenson, Christopher,",Criptografia,Livro,Biblioteca Setorial Profª. Maria Lúcia da Costa Bezerra - ­CERES­ - Caicó,1,0,0,0,0,0,0.0
177296,Crimes de computador e segurança computacional,"Lima, Paulo Marco Ferreira.",Crimes de computador,Livro,Biblioteca Setorial Profª. Maria Lúcia da Costa Bezerra - ­CERES­ - Caicó,3,0,0,0,0,0,0.0
178416,Mining the social web,"Russell, Matthew A.",Tratamento de dados (Data mining),Livro,Biblioteca Setorial Profª. Maria Lúcia da Costa Bezerra - ­CERES­ - Caicó,3,0,0,0,0,0,0.0
178425,Programando a inteligência coletiva :,"Segaran, Toby.",Inteligência artificial,Livro,Biblioteca Setorial Profª. Maria Lúcia da Costa Bezerra - ­CERES­ - Caicó,3,0,0,0,0,0,0.0
178484,The psychology of human-computer interaction,"Card, Stuart K.",Sistemas de computação interativos -,Livro,Biblioteca Setorial Profª. Maria Lúcia da Costa Bezerra - ­CERES­ - Caicó,3,0,0,0,0,0,0.0
178509,Multiple view geometry in computer vision,"Hartley, Richard.",Visão por computador,Livro,Biblioteca Setorial Profª. Maria Lúcia da Costa Bezerra - ­CERES­ - Caicó,5,0,0,0,0,0,0.0
178744,Cryptanalysis :,"Gaines, Helen Fouché.",Segurança da informação (Computação),Livro,Biblioteca Setorial Profª. Maria Lúcia da Costa Bezerra - ­CERES­ - Caicó,8,0,0,0,0,0,0.0
178827,Introduction to languages and the theory of computation,"Martin, John C.",Teoria da computação,Livro,Biblioteca Setorial Profª. Maria Lúcia da Costa Bezerra - ­CERES­ - Caicó,5,0,0,0,0,0,0.0
178829,An introduction to functional programming through lambda calculus,"Michaelson, Greg.",Programação funcional,Livro,Biblioteca Setorial Profª. Maria Lúcia da Costa Bezerra - ­CERES­ - Caicó,5,0,0,0,0,0,0.0
178861,Genetic programming :,"Koza, John R.",Inteligência artificial,Livro,Biblioteca Setorial Profª. Maria Lúcia da Costa Bezerra - ­CERES­ - Caicó,10,0,0,0,0,0,0.0
178875,Desenvolvimento web ágil com rails,"Thomas, Dave.",Ruby (Linguagem de programação de computador),Livro,Biblioteca Setorial Profª. Maria Lúcia da Costa Bezerra - ­CERES­ - Caicó,6,0,0,0,0,0,0.0
178877,Handbook of applied cryptography,"Menezes, A. J.",Computadores -,Livro,Biblioteca Setorial Profª. Maria Lúcia da Costa Bezerra - ­CERES­ - Caicó,3,0,0,0,0,0,0.0
178946,The algorithm design manual,"Skiena, Steven S.",Algoritmos,Livro,Biblioteca Setorial Profª. Maria Lúcia da Costa Bezerra - ­CERES­ - Caicó,6,0,0,0,0,0,0.0
179760,Principles of concurrent and distributed programming,"Ben-Ari, M.,",Programação (Computadores),Livro,Biblioteca Setorial Profª. Maria Lúcia da Costa Bezerra - ­CERES­ - Caicó,6,0,0,0,0,0,0.0
180052,Algoritmos,"Dasgupta, Sanjoy.",Algoritmos,Livro,Biblioteca Setorial Profª. Maria Lúcia da Costa Bezerra - ­CERES­ - Caicó,3,0,0,0,0,0,0.0
180548,Sistemas colaborativos,,Engenharia de software,Livro,Biblioteca Setorial Profª. Maria Lúcia da Costa Bezerra - ­CERES­ - Caicó,12,0,0,0,0,0,0.0
180640,Dominando joomla! :,"Rahmel, Dan.",Website -,Livro,Biblioteca Setorial Profª. Maria Lúcia da Costa Bezerra - ­CERES­ - Caicó,3,0,0,0,0,0,0.0
180645,Joomla! 1.5 :,"North, Barrie M.",Websites -,Livro,Biblioteca Setorial Profª. Maria Lúcia da Costa Bezerra - ­CERES­ - Caicó,3,0,0,0,0,0,0.0
181073,Pattern recognition and machine learning,"Bishop, Christopher M.",Aprendizado do computador,Livro,Biblioteca Setorial Profª. Maria Lúcia da Costa Bezerra - ­CERES­ - Caicó,5,0,0,0,0,0,0.0
181124,Wireless sensor networks,"Akyildiz, Ian F.",Redes de computadores,Livro,Biblioteca Setorial Profª. Maria Lúcia da Costa Bezerra - ­CERES­ - Caicó,1,0,0,0,0,0,0.0
181730,Direito internacional eletrônico :,"Costa, Ligia Maura.",Direito internacional eletrônico,Livro,Biblioteca Setorial Profª. Maria Lúcia da Costa Bezerra - ­CERES­ - Caicó,1,0,0,0,0,0,0.0
182697,Semantic web for the working ontologist :,"Allemang, Dean.",Web semântica,Livro,Biblioteca Setorial Profª. Maria Lúcia da Costa Bezerra - ­CERES­ - Caicó,8,0,0,0,0,0,0.0
182779,Prática de projeto em AutoCad :,"Pereira, Jailson dos Santos",Informática,Livro,Biblioteca Setorial Profª. Maria Lúcia da Costa Bezerra - ­CERES­ - Caicó,1,0,0,0,0,0,0.0
183373,Programação em MATLAB para engenheiros,"Chapman, Stephen P.",Análise numérica -,Livro,Biblioteca Setorial Profª. Maria Lúcia da Costa Bezerra - ­CERES­ - Caicó,3,0,0,0,0,0,0.0
183492,Fuzzy reasoning in decision making and optimization,"Carlsson, C.",Processo decisório,Livro,Biblioteca Setorial Profª. Maria Lúcia da Costa Bezerra - ­CERES­ - Caicó,3,0,0,0,0,0,0.0
184050,Arduino básico,"McRoberts, Michael",Linguagem de programação (Computadores),Livro,Biblioteca Setorial Profª. Maria Lúcia da Costa Bezerra - ­CERES­ - Caicó,1,0,0,0,0,0,0.0
184198,Algorithms,"Sedgewick, Robert,",Algoritmos computacionais,Livro,Biblioteca Setorial Profª. Maria Lúcia da Costa Bezerra - ­CERES­ - Caicó,16,0,0,0,0,0,0.0
184382,Crimes digitais,"Crespo, Marcelo Xavier de Freitas",Crimes por computador,Livro,Biblioteca Setorial Profª. Maria Lúcia da Costa Bezerra - ­CERES­ - Caicó,3,0,0,0,0,0,0.0
184735,Process mining :,"Van der Aalst, Wil M.P.",Mineração de dados (Computação),Livro,Biblioteca Setorial Profª. Maria Lúcia da Costa Bezerra - ­CERES­ - Caicó,6,0,0,0,0,0,0.0
184738,Semantic web services,,Desenvolvimento web,Livro,Biblioteca Setorial Profª. Maria Lúcia da Costa Bezerra - ­CERES­ - Caicó,8,0,0,0,0,0,0.0
184739,A developer's guide to the semantic web,"Yu, Liyang.",Desenvolvimento web,Livro,Biblioteca Setorial Profª. Maria Lúcia da Costa Bezerra - ­CERES­ - Caicó,6,0,0,0,0,0,0.0
184740,Computer vision :,"Szeliski, Richard.",Visão computacional,Livro,Biblioteca Setorial Profª. Maria Lúcia da Costa Bezerra - ­CERES­ - Caicó,8,0,0,0,0,0,0.0
184807,More programming pearls :,"Bentley, Jon Louis.",Programação (Computadores),Livro,Biblioteca Setorial Profª. Maria Lúcia da Costa Bezerra - ­CERES­ - Caicó,3,0,0,0,0,0,0.0
184988,Polygon mesh processing,,Geometria -,Livro,Biblioteca Setorial Profª. Maria Lúcia da Costa Bezerra - ­CERES­ - Caicó,5,0,0,0,0,0,0.0
185089,Use a cabeça! :,"Milton, Michael.",Banco de dados,Livro,Biblioteca Setorial Profª. Maria Lúcia da Costa Bezerra - ­CERES­ - Caicó,9,0,0,0,0,0,0.0
185310,"P, NP, and NP-completeness :","Goldreich, Oded.",Complexidade computacional,Livro,Biblioteca Setorial Profª. Maria Lúcia da Costa Bezerra - ­CERES­ - Caicó,3,0,0,0,0,0,0.0
186078,Introdução a Sistemas de Informação :,"Rainer JR., R. Kelly.",Sistemas de recuperação da informação,Livro,Biblioteca Setorial Profª. Maria Lúcia da Costa Bezerra - ­CERES­ - Caicó,9,0,0,0,0,0,0.0
186104,Data mining :,,Mineração de dados (Computação),Livro,Biblioteca Setorial Profª. Maria Lúcia da Costa Bezerra - ­CERES­ - Caicó,3,0,0,0,0,0,0.0
186147,Privacy-aware knowledge discovery :,,Computadores -,Livro,Biblioteca Setorial Profª. Maria Lúcia da Costa Bezerra - ­CERES­ - Caicó,2,0,0,0,0,0,0.0
186153,Understanding cryptography :,"Paar, Christof.",Criptografia,Livro,Biblioteca Setorial Profª. Maria Lúcia da Costa Bezerra - ­CERES­ - Caicó,5,0,0,0,0,0,0.0
186159,Pro Android 3,"Komatineni, Satya.",Sistema operacional -,Livro,Biblioteca Setorial Profª. Maria Lúcia da Costa Bezerra - ­CERES­ - Caicó,6,0,0,0,0,0,0.0
186170,"Algorithms, sequential & parallel :","Miller, Russ.",Algoritmos,Livro,Biblioteca Setorial Profª. Maria Lúcia da Costa Bezerra - ­CERES­ - Caicó,1,0,0,0,0,0,0.0
186190,Business applications and computational intelligence,"Voges, Kevin E.",Administração de empresas -,Livro,Biblioteca Setorial Profª. Maria Lúcia da Costa Bezerra - ­CERES­ - Caicó,8,0,0,0,0,0,0.0
186191,Integrated and strategic advancements in decision making support systems,,Sistemas de apoio a decisão,Livro,Biblioteca Setorial Profª. Maria Lúcia da Costa Bezerra - ­CERES­ - Caicó,2,0,0,0,0,0,0.0
186248,Handbook cloud computing,"Furht, Borko.",Computação em nuvem,Livro,Biblioteca Setorial Profª. Maria Lúcia da Costa Bezerra - ­CERES­ - Caicó,2,0,0,0,0,0,0.0
186258,Computational intelligence :,"Rutkowski, Leszek.",Inteligência artificial,Livro,Biblioteca Setorial Profª. Maria Lúcia da Costa Bezerra - ­CERES­ - Caicó,9,0,0,0,0,0,0.0
186269,Community detection and mining in social media,"Tang, Lei.",Mineração de dados (Computação),Livro,Biblioteca Setorial Profª. Maria Lúcia da Costa Bezerra - ­CERES­ - Caicó,2,0,0,0,0,0,0.0
186302,Starting out with Alice,"Gaddis, Tony.",Alice (Linguagem de programação),Livro,Biblioteca Setorial Profª. Maria Lúcia da Costa Bezerra - ­CERES­ - Caicó,8,0,0,0,0,0,0.0
186382,Android for programmers :,,Android (Electronic resource),Livro,Biblioteca Setorial Profª. Maria Lúcia da Costa Bezerra - ­CERES­ - Caicó,3,0,0,0,0,0,0.0
186389,Distributed and cloud computing :,"Hwang, Kai.",Computação em nuvem,Livro,Biblioteca Setorial Profª. Maria Lúcia da Costa Bezerra - ­CERES­ - Caicó,3,0,0,0,0,0,0.0
186390,Decision support systems in the 21st century,"Marakas, George M.",Sistemas de suporte de decisão,Livro,Biblioteca Setorial Profª. Maria Lúcia da Costa Bezerra - ­CERES­ - Caicó,3,0,0,0,0,0,0.0
186417,Using OpenMP :,"Chapman, Barbara,",Programação paralela (Computação),Livro,Biblioteca Setorial Profª. Maria Lúcia da Costa Bezerra - ­CERES­ - Caicó,5,0,0,0,0,0,0.0
186422,Using MPI :,"Gropp, William.",Programação paralela (Computação),Livro,Biblioteca Setorial Profª. Maria Lúcia da Costa Bezerra - ­CERES­ - Caicó,5,0,0,0,0,0,0.0
186481,Ruby on rails 3 tutorial :,"Hartl, Michael.",Ruby on rails (Recursos eletrônicos),Livro,Biblioteca Setorial Profª. Maria Lúcia da Costa Bezerra - ­CERES­ - Caicó,3,0,0,0,0,0,0.0
186486,Barcodes for mobile devices,"Kato, Hiroko,",Processamento de imagens,Livro,Biblioteca Setorial Profª. Maria Lúcia da Costa Bezerra - ­CERES­ - Caicó,5,0,0,0,0,0,0.0
186497,Computational intelligence paradigms :,"Sumathi, S.,",Inteligência Computacional,Livro,Biblioteca Setorial Profª. Maria Lúcia da Costa Bezerra - ­CERES­ - Caicó,5,0,0,0,0,0,0.0
186498,Mining of massive datasets,"Rajaraman, Anand.",Mineração de dados (Data Mining),Livro,Biblioteca Setorial Profª. Maria Lúcia da Costa Bezerra - ­CERES­ - Caicó,3,0,0,0,0,0,0.0
186499,DNS and BIND,"Liu, Cricket.",Internet (Redes de computação),Livro,Biblioteca Setorial Profª. Maria Lúcia da Costa Bezerra - ­CERES­ - Caicó,5,0,0,0,0,0,0.0
186500,Learning rails 3,"St. Laurent, Simon.",Rails -,Livro,Biblioteca Setorial Profª. Maria Lúcia da Costa Bezerra - ­CERES­ - Caicó,3,0,0,0,0,0,0.0
186501,Understanding the Linux kernel,"Bovet, Daniel P.",Linux (Sistema operacional de computador),Livro,Biblioteca Setorial Profª. Maria Lúcia da Costa Bezerra - ­CERES­ - Caicó,4,0,0,0,0,0,0.0
186502,Computação gráfica :,"Conci, Aura.",Computação gráfica,Livro,Biblioteca Setorial Profª. Maria Lúcia da Costa Bezerra - ­CERES­ - Caicó,6,0,0,0,0,0,0.0
186504,Computational intelligence :,"Engelbrecht, Andries P.",Inteligência computacional,Livro,Biblioteca Setorial Profª. Maria Lúcia da Costa Bezerra - ­CERES­ - Caicó,3,0,0,0,0,0,0.0
186506,Data mining and statistics for decision making,"Tuffery, Stâephane.",Mineração de dados (Data mining),Livro,Biblioteca Setorial Profª. Maria Lúcia da Costa Bezerra - ­CERES­ - Caicó,6,0,0,0,0,0,0.0
186509,Click :,"Tancer, Bill.",Comportamento humano -,Livro,Biblioteca Setorial Profª. Maria Lúcia da Costa Bezerra - ­CERES­ - Caicó,3,0,0,0,0,0,0.0
186510,Linux :,"Corbet, Jonathan.",Linux (Sistema operacional de computador),Livro,Biblioteca Setorial Profª. Maria Lúcia da Costa Bezerra - ­CERES­ - Caicó,4,0,0,0,0,0,0.0
186511,The productive programmer,"Ford, Neal.",Programação (Computadores),Livro,Biblioteca Setorial Profª. Maria Lúcia da Costa Bezerra - ­CERES­ - Caicó,3,0,0,0,0,0,0.0
186532,Selected writings on computing :,"Dijkstra, Edsger Wybe,",Computadores -,Livro,Biblioteca Setorial Profª. Maria Lúcia da Costa Bezerra - ­CERES­ - Caicó,3,0,0,0,0,0,0.0
186538,Knowledge discovery practices and emerging applications of data mining :,"Kumar, A. V. Senthil.",Mineração de dados (Data mining),Livro,Biblioteca Setorial Profª. Maria Lúcia da Costa Bezerra - ­CERES­ - Caicó,2,0,0,0,0,0,0.0
186543,Social implications of data mining and information privacy :,"Eyob, Ephrem,",Mineração de dados (data mining) -,Livro,Biblioteca Setorial Profª. Maria Lúcia da Costa Bezerra - ­CERES­ - Caicó,2,0,0,0,0,0,0.0
186550,Computer games as educational and management tools :,"Cruz-Cunha, Maria Manuela,",Jogos (Programa de computador),Livro,Biblioteca Setorial Profª. Maria Lúcia da Costa Bezerra - ­CERES­ - Caicó,2,0,0,0,0,0,0.0
186552,Artificial cognition systems,"Loula, Angelo,",Inteligência artificial,Livro,Biblioteca Setorial Profª. Maria Lúcia da Costa Bezerra - ­CERES­ - Caicó,3,0,0,0,0,0,0.0
186553,Data mining applications for empowering knowledge societies,"Rahman, Hakikur,",Mineração de dados (Data mining) -,Livro,Biblioteca Setorial Profª. Maria Lúcia da Costa Bezerra - ­CERES­ - Caicó,3,0,0,0,0,0,0.0
186563,Continuous authentication using biometrics :,"Traore, Issa,",Autenticação (Informática),Livro,Biblioteca Setorial Profª. Maria Lúcia da Costa Bezerra - ­CERES­ - Caicó,2,0,0,0,0,0,0.0
186566,"Social network mining, analysis, and research trends :","Ting, I-Hsien.",Mineração de dados (Data mining),Livro,Biblioteca Setorial Profª. Maria Lúcia da Costa Bezerra - ­CERES­ - Caicó,2,0,0,0,0,0,0.0
186568,Intelligent support systems :,"Sugumaran, Vijayan.",Sistemas inteligentes,Livro,Biblioteca Setorial Profª. Maria Lúcia da Costa Bezerra - ­CERES­ - Caicó,2,0,0,0,0,0,0.0
186571,Decision theory models for applications in artificial intelligence :,"Sucar, L. Enrique,",Inteligência artificial -,Livro,Biblioteca Setorial Profª. Maria Lúcia da Costa Bezerra - ­CERES­ - Caicó,4,0,0,0,0,0,0.0
186584,Grid and cloud computing :,,Grid computacional,Livro,Biblioteca Setorial Profª. Maria Lúcia da Costa Bezerra - ­CERES­ - Caicó,4,0,0,0,0,0,0.0
186589,Handbook of research on improving learning and motivation through educational games :,"Felicia, Patrick.",Jogos por computador,Livro,Biblioteca Setorial Profª. Maria Lúcia da Costa Bezerra - ­CERES­ - Caicó,4,0,0,0,0,0,0.0
186621,The art of compiler design :,"Pittman, Thomas.",Compiladores (Programas de Computadores),Livro,Biblioteca Setorial Profª. Maria Lúcia da Costa Bezerra - ­CERES­ - Caicó,9,0,0,0,0,0,0.0
186625,Beginning Android application development,"Lee, Wei-Meng.",Android (Sistema operacional) -,Livro,Biblioteca Setorial Profª. Maria Lúcia da Costa Bezerra - ­CERES­ - Caicó,1,0,0,0,0,0,0.0
186628,Beginning Android tablet application development,"Lee, Wei-Meng.",Tablet -,Livro,Biblioteca Setorial Profª. Maria Lúcia da Costa Bezerra - ­CERES­ - Caicó,3,0,0,0,0,0,0.0
186635,Projeto de banco da dados com XML,"Graves, Mark.",Banco de dados -,Livro,Biblioteca Setorial Profª. Maria Lúcia da Costa Bezerra - ­CERES­ - Caicó,3,0,0,0,0,0,0.0
186646,Handbook of multibiometrics,"Ross, Arun A.",Autenticação (Informática),Livro,Biblioteca Setorial Profª. Maria Lúcia da Costa Bezerra - ­CERES­ - Caicó,3,0,0,0,0,0,0.0
186647,On intelligence,"Hawkins, Jeff.",Inteligência Artificial,Livro,Biblioteca Setorial Profª. Maria Lúcia da Costa Bezerra - ­CERES­ - Caicó,3,0,0,0,0,0,0.0
186648,System software :,"Beck, Leland L.",Programação de sistemas (Computação),Livro,Biblioteca Setorial Profª. Maria Lúcia da Costa Bezerra - ­CERES­ - Caicó,5,0,0,0,0,0,0.0
186650,Networks :,"Newman, M. E. J.",Redes de computadores,Livro,Biblioteca Setorial Profª. Maria Lúcia da Costa Bezerra - ­CERES­ - Caicó,3,0,0,0,0,0,0.0
186653,Private cloud computing :,"Smoot, Stephen R.",Arquitetura de computadores,Livro,Biblioteca Setorial Profª. Maria Lúcia da Costa Bezerra - ­CERES­ - Caicó,6,0,0,0,0,0,0.0
186659,Advanced programming in the Unix environment,"Stevens, W. Richard.",UNIX (Sistema operacional),Livro,Biblioteca Setorial Profª. Maria Lúcia da Costa Bezerra - ­CERES­ - Caicó,13,0,0,0,0,0,0.0
186660,Sourcebook of parallel computing,,Programação paralela (Computação),Livro,Biblioteca Setorial Profª. Maria Lúcia da Costa Bezerra - ­CERES­ - Caicó,3,0,0,0,0,0,0.0
186661,Recommender systems :,,Sistemas especialistas -,Livro,Biblioteca Setorial Profª. Maria Lúcia da Costa Bezerra - ­CERES­ - Caicó,6,0,0,0,0,0,0.0
186662,Encyclopedia of artificial intelligence,"Dopico, Juan Ramón Rabuñal.",Inteligência artificial -,Livro,Biblioteca Setorial Profª. Maria Lúcia da Costa Bezerra - ­CERES­ - Caicó,3,0,0,0,0,0,0.0
186666,Real-time systems :,"Kopetz, Hermann.",Processamento eletrônico de dados em tempo real,Livro,Biblioteca Setorial Profª. Maria Lúcia da Costa Bezerra - ­CERES­ - Caicó,8,0,0,0,0,0,0.0
186683,Designing gestural interfaces,"Saffer, Dan.",Interface de exibição -,Livro,Biblioteca Setorial Profª. Maria Lúcia da Costa Bezerra - ­CERES­ - Caicó,5,0,0,0,0,0,0.0
186691,Scan me :,"Winter, Mick.",Processamento de imagem,Livro,Biblioteca Setorial Profª. Maria Lúcia da Costa Bezerra - ­CERES­ - Caicó,3,0,0,0,0,0,0.0
186695,The science of programming,"Gries, David,",Programação (Computadores),Livro,Biblioteca Setorial Profª. Maria Lúcia da Costa Bezerra - ­CERES­ - Caicó,3,0,0,0,0,0,0.0
186736,Computational intellingence :,"Konar, Amit.",Inteligencia artificial,Livro,Biblioteca Setorial Profª. Maria Lúcia da Costa Bezerra - ­CERES­ - Caicó,6,0,0,0,0,0,0.0
186738,Parsing techniques :,"Grune, Dick,",Compiladores (Computação),Livro,Biblioteca Setorial Profª. Maria Lúcia da Costa Bezerra - ­CERES­ - Caicó,5,0,0,0,0,0,0.0
186743,Parallel programming :,"Rauber, Thomas.",Programação de computadores,Livro,Biblioteca Setorial Profª. Maria Lúcia da Costa Bezerra - ­CERES­ - Caicó,6,0,0,0,0,0,0.0
186747,Informática para concursos :,"Costa, Renato da.",Informática -,Livro,Biblioteca Setorial Profª. Maria Lúcia da Costa Bezerra - ­CERES­ - Caicó,1,0,0,0,0,0,0.0
186753,Managing and mining graph data,,Data mining,Livro,Biblioteca Setorial Profª. Maria Lúcia da Costa Bezerra - ­CERES­ - Caicó,6,0,0,0,0,0,0.0
186758,VoIP :,"Ross, Julio.",Tecnologia da informação,Livro,Biblioteca Setorial Profª. Maria Lúcia da Costa Bezerra - ­CERES­ - Caicó,3,0,0,0,0,0,0.0
186762,Cloud computing :,,Cloud computing -,Livro,Biblioteca Setorial Profª. Maria Lúcia da Costa Bezerra - ­CERES­ - Caicó,11,0,0,0,0,0,0.0
186766,Open source mobile learning :,"Chao, Lee,",Sistemas operacionais -,Livro,Biblioteca Setorial Profª. Maria Lúcia da Costa Bezerra - ­CERES­ - Caicó,2,0,0,0,0,0,0.0
186772,Programming game AI by example,"Buckland, Mat.",Jogos por computador -,Livro,Biblioteca Setorial Profª. Maria Lúcia da Costa Bezerra - ­CERES­ - Caicó,3,0,0,0,0,0,0.0
186774,Java :,"Schildt, Herbert,",Java (Linguagem de programação de computador),Livro,Biblioteca Setorial Profª. Maria Lúcia da Costa Bezerra - ­CERES­ - Caicó,8,0,0,0,0,0,0.0
186776,MIS cases :,"Miller, M. Lisa.",Sistemas de informação de gestão -,Livro,Biblioteca Setorial Profª. Maria Lúcia da Costa Bezerra - ­CERES­ - Caicó,3,0,0,0,0,0,0.0
186778,The social semantic web,"Breslin, John G.",Desenvolvimento web,Livro,Biblioteca Setorial Profª. Maria Lúcia da Costa Bezerra - ­CERES­ - Caicó,6,0,0,0,0,0,0.0
186781,Core concepts in data analysis :,"Mirkin, B. G.",Estrutura de dados -,Livro,Biblioteca Setorial Profª. Maria Lúcia da Costa Bezerra - ­CERES­ - Caicó,6,0,0,0,0,0,0.0
186783,The art of computer programming,"Knuth, Donald Ervin,",Programação (Computadores),Livro,Biblioteca Setorial Profª. Maria Lúcia da Costa Bezerra - ­CERES­ - Caicó,40,0,0,0,0,0,0.0
186786,Computer security,"Bishop, Matt",Computadores -,Livro,Biblioteca Setorial Profª. Maria Lúcia da Costa Bezerra - ­CERES­ - Caicó,8,0,0,0,0,0,0.0
186787,Programming the Semantic Web,"Segaran, Toby.",Web Semântica,Livro,Biblioteca Setorial Profª. Maria Lúcia da Costa Bezerra - ­CERES­ - Caicó,10,0,0,0,0,0,0.0
186789,Hacking the code :,"Burnett, Mark.",Computadores -,Livro,Biblioteca Setorial Profª. Maria Lúcia da Costa Bezerra - ­CERES­ - Caicó,3,0,0,0,0,0,0.0
186790,Programming Python,"Lutz, Mark.",Python (Linguagem de programação de computador),Livro,Biblioteca Setorial Profª. Maria Lúcia da Costa Bezerra - ­CERES­ - Caicó,6,0,0,0,0,0,0.0
186791,"Gerenciando projetos de desenvolvimento de software com PMI, RUP e UML","Martins, José Carlos Cordeiro.",Software -,Livro,Biblioteca Setorial Profª. Maria Lúcia da Costa Bezerra - ­CERES­ - Caicó,7,0,0,0,0,0,0.0
186792,Inteligência competitiva na internet :,"Oliveira, Alex Cabral de.",Concorrência,Livro,Biblioteca Setorial Profª. Maria Lúcia da Costa Bezerra - ­CERES­ - Caicó,3,0,0,0,0,0,0.0
186793,Introduction to computer security,"Bishop, Matt",Computadores -,Livro,Biblioteca Setorial Profª. Maria Lúcia da Costa Bezerra - ­CERES­ - Caicó,8,0,0,0,0,0,0.0
186813,Computer and Machine vision :,"Davies, E. R.",Visão por computador,Livro,Biblioteca Setorial Profª. Maria Lúcia da Costa Bezerra - ­CERES­ - Caicó,3,0,0,0,0,0,0.0
186842,"Universe, human immortality and future human evaluation","Bolonkin, Alexander.",Cosmologia,Livro,Biblioteca Setorial Profª. Maria Lúcia da Costa Bezerra - ­CERES­ - Caicó,3,0,0,0,0,0,0.0
186844,Data management for multimedia retrieval,"Candan, K. Selðcuk",Banco de dados -,Livro,Biblioteca Setorial Profª. Maria Lúcia da Costa Bezerra - ­CERES­ - Caicó,3,0,0,0,0,0,0.0
186845,Handbook of biometrics,,Biometria,Livro,Biblioteca Setorial Profª. Maria Lúcia da Costa Bezerra - ­CERES­ - Caicó,3,0,0,0,0,0,0.0
186847,Biometric system and data analysis :,"Dunstone, Ted.",Biometria,Livro,Biblioteca Setorial Profª. Maria Lúcia da Costa Bezerra - ­CERES­ - Caicó,3,0,0,0,0,0,0.0
186849,Biometric systems :,,Biometria,Livro,Biblioteca Setorial Profª. Maria Lúcia da Costa Bezerra - ­CERES­ - Caicó,3,0,0,0,0,0,0.0
186856,More python programming for the absolute beginner,"Harbour, Jonathan S.",Programação -,Livro,Biblioteca Setorial Profª. Maria Lúcia da Costa Bezerra - ­CERES­ - Caicó,8,0,0,0,0,0,0.0
186860,Computer vision,"Shapiro, Linda G.",Visão computacional,Livro,Biblioteca Setorial Profª. Maria Lúcia da Costa Bezerra - ­CERES­ - Caicó,8,0,0,0,0,0,0.0
186861,Decisões com B. I. :,"Primak, Fábio Vinícius,",Planejamento estratégico -,Livro,Biblioteca Setorial Profª. Maria Lúcia da Costa Bezerra - ­CERES­ - Caicó,3,0,0,0,0,0,0.0
186865,Introdução ao desenvolvimento de aplicativos para o Android,"Lee, Wei-Meng.",Programação -,Livro,Biblioteca Setorial Profª. Maria Lúcia da Costa Bezerra - ­CERES­ - Caicó,5,0,0,0,0,0,0.0
186868,Engineering human computer interaction and interactive systems :,"EHCI-DSVIS 2004  (2004 : Hamburg, Germany)",Interação humano-computador -,Livro,Biblioteca Setorial Profª. Maria Lúcia da Costa Bezerra - ­CERES­ - Caicó,5,0,0,0,0,0,0.0
186870,Intelligent decision-making  support systems :,,Sistemas especialistas,Livro,Biblioteca Setorial Profª. Maria Lúcia da Costa Bezerra - ­CERES­ - Caicó,6,0,0,0,0,0,0.0
186872,"Information intelligence systems, technology and management. icistm 2011. -",,Inteligência artificial -,Livro,Biblioteca Setorial Profª. Maria Lúcia da Costa Bezerra - ­CERES­ - Caicó,6,0,0,0,0,0,0.0
186873,Computational intelligence paradigms in advanced pattern classification,,Inteligência artificial,Livro,Biblioteca Setorial Profª. Maria Lúcia da Costa Bezerra - ­CERES­ - Caicó,6,0,0,0,0,0,0.0
186874,Social network data analytics,,Redes de computadores,Livro,Biblioteca Setorial Profª. Maria Lúcia da Costa Bezerra - ­CERES­ - Caicó,2,0,0,0,0,0,0.0
187510,Hardware II :,"Morimoto, Carlos E.",Hardware,Livro,Biblioteca Setorial Profª. Maria Lúcia da Costa Bezerra - ­CERES­ - Caicó,1,0,0,0,0,0,0.0
188945,Use a cabeça! :,"Watrall, Ethan",Sites da Web -,Livro,Biblioteca Setorial Profª. Maria Lúcia da Costa Bezerra - ­CERES­ - Caicó,2,0,0,0,0,0,0.0
188998,Google android :,"Lecheta, Ricardo R.",Android (Programa de computador),Livro,Biblioteca Setorial Profª. Maria Lúcia da Costa Bezerra - ­CERES­ - Caicó,1,0,0,0,0,0,0.0
189107,Desenvolvimento distribuído de software,"Audy, Jorge.",Engenharia de software,Livro,Biblioteca Setorial Profª. Maria Lúcia da Costa Bezerra - ­CERES­ - Caicó,5,0,0,0,0,0,0.0
189158,PHP-GTK :,"Dall'Oglio, Pablo.",PHP (Linguagem de programação de computador),Livro,Biblioteca Setorial Profª. Maria Lúcia da Costa Bezerra - ­CERES­ - Caicó,2,0,0,0,0,0,0.0
189189,Android application development for Java programmers,"Sheusi, James C.",Android (Sistema operacional para celular) -,Livro,Biblioteca Setorial Profª. Maria Lúcia da Costa Bezerra - ­CERES­ - Caicó,6,0,0,0,0,0,0.0
189525,MATLAB for neuroscientists :,,MATLAB (Programa de computador),Livro,Biblioteca Setorial Profª. Maria Lúcia da Costa Bezerra - ­CERES­ - Caicó,3,0,0,0,0,0,0.0
189821,Criando aplicações para redes sociais,"Bell, Gavin.",Desenvolvimento web site,Livro,Biblioteca Setorial Profª. Maria Lúcia da Costa Bezerra - ­CERES­ - Caicó,6,0,0,0,0,0,0.0
190534,Crafting a compiler,"Fischer, Charles N.",Compiladores (Programas de computador),Livro,Biblioteca Setorial Profª. Maria Lúcia da Costa Bezerra - ­CERES­ - Caicó,5,0,0,0,0,0,0.0
190537,Approximation algorithms,"Vazirani, Vijay V.",Algoritmos de computador,Livro,Biblioteca Setorial Profª. Maria Lúcia da Costa Bezerra - ­CERES­ - Caicó,10,0,0,0,0,0,0.0
190595,Brave NUI world :,"Wigdor, Daniel.",Interfaces de usuário (Computação),Livro,Biblioteca Setorial Profª. Maria Lúcia da Costa Bezerra - ­CERES­ - Caicó,8,0,0,0,0,0,0.0
190598,Computational intelligence :,"Eberhart, Russell C.",Inteligência computacional,Livro,Biblioteca Setorial Profª. Maria Lúcia da Costa Bezerra - ­CERES­ - Caicó,10,0,0,0,0,0,0.0
190658,Computational intelligence for engineering and manufacturing,,Inteligência computacional,Livro,Biblioteca Setorial Profª. Maria Lúcia da Costa Bezerra - ­CERES­ - Caicó,3,0,0,0,0,0,0.0
190659,Python programming :,"Zelle, John M.",Python (Linguagem de programação),Livro,Biblioteca Setorial Profª. Maria Lúcia da Costa Bezerra - ­CERES­ - Caicó,6,0,0,0,0,0,0.0
190661,Swarm intelligence,"Kennedy, James F.",Inteligência artificial,Livro,Biblioteca Setorial Profª. Maria Lúcia da Costa Bezerra - ­CERES­ - Caicó,3,0,0,0,0,0,0.0
190809,"Computability, complexity, and languages :","Davis, Martin,",Complexidade computacional,Livro,Biblioteca Setorial Profª. Maria Lúcia da Costa Bezerra - ­CERES­ - Caicó,8,0,0,0,0,0,0.0
190890,Web services SOAP em Java :,"Gomes, Daniel Adorno.",Java (Linguagem de programação de computador),Livro,Biblioteca Setorial Profª. Maria Lúcia da Costa Bezerra - ­CERES­ - Caicó,6,0,0,0,0,0,0.0
190928,Objective-C fundamentals,"Fairbairn K., Christopher.",Objective-C (linguagem de programação de computador),Livro,Biblioteca Setorial Profª. Maria Lúcia da Costa Bezerra - ­CERES­ - Caicó,3,0,0,0,0,0,0.0
190929,Iphone na prática :,"Marzullo, Fabio.",Iphone -,Livro,Biblioteca Setorial Profª. Maria Lúcia da Costa Bezerra - ­CERES­ - Caicó,3,0,0,0,0,0,0.0
190936,Data mining introductory and advanced topics,"Dunham, Margaret H.",Tratamento de dados (Data mining),Livro,Biblioteca Setorial Profª. Maria Lúcia da Costa Bezerra - ­CERES­ - Caicó,3,0,0,0,0,0,0.0
190939,Programming computer vision with Python,"Solem, Jan Erik.",Visão computacional,Livro,Biblioteca Setorial Profª. Maria Lúcia da Costa Bezerra - ­CERES­ - Caicó,3,0,0,0,0,0,0.0
190941,Parallel algorithms,"Casanova, Henri.",Algoritmos paralelos,Livro,Biblioteca Setorial Profª. Maria Lúcia da Costa Bezerra - ­CERES­ - Caicó,5,0,0,0,0,0,0.0
190957,Recommender systems handbook,,Sistemas especialistas -,Livro,Biblioteca Setorial Profª. Maria Lúcia da Costa Bezerra - ­CERES­ - Caicó,5,0,0,0,0,0,0.0
191073,Practical android 4 games development,"DiMarzio, J. F.",Android -,Livro,Biblioteca Setorial Profª. Maria Lúcia da Costa Bezerra - ­CERES­ - Caicó,3,0,0,0,0,0,0.0
191077,Parallel processing and parallel algorithms :,"Roosta, Seyed H.",Processamento paralelo (Computadores),Livro,Biblioteca Setorial Profª. Maria Lúcia da Costa Bezerra - ­CERES­ - Caicó,5,0,0,0,0,0,0.0
191270,Fundamentals of software engineering,"Ghezzi, Carlo.",Engenharia de software,Livro,Biblioteca Setorial Profª. Maria Lúcia da Costa Bezerra - ­CERES­ - Caicó,10,0,0,0,0,0,0.0
191271,A semantic web primer,,Web semântica,Livro,Biblioteca Setorial Profª. Maria Lúcia da Costa Bezerra - ­CERES­ - Caicó,7,0,0,0,0,0,0.0
191355,Java network programming,"Harold, Elliotte Rusty.",Java (Linguagem de programação de computador),Livro,Biblioteca Setorial Profª. Maria Lúcia da Costa Bezerra - ­CERES­ - Caicó,3,0,0,0,0,0,0.0
191356,Beautiful data,,Estruturas de dados (Computação),Livro,Biblioteca Setorial Profª. Maria Lúcia da Costa Bezerra - ­CERES­ - Caicó,3,0,0,0,0,0,0.0
191489,Certificado Sun para programador Java 6 :,"Sierra, Kathy.",Java (Linguagem de programação de computador),Livro,Biblioteca Setorial Profª. Maria Lúcia da Costa Bezerra - ­CERES­ - Caicó,6,0,0,0,0,0,0.0
191490,Eloquent Ruby,"Olsen, Russ.",Ruby (Linguagem de programação de computador),Livro,Biblioteca Setorial Profª. Maria Lúcia da Costa Bezerra - ­CERES­ - Caicó,3,0,0,0,0,0,0.0
191653,Generalized Voronoi diagram :,,Geometria -,Livro,Biblioteca Setorial Profª. Maria Lúcia da Costa Bezerra - ­CERES­ - Caicó,3,0,0,0,0,0,0.0
191895,Handbook of statistical analysis and data mining applications,"Nisbet, Robert.",Mineração de dados (Data mining),Livro,Biblioteca Setorial Profª. Maria Lúcia da Costa Bezerra - ­CERES­ - Caicó,3,0,0,0,0,0,0.0
191913,Super-recursive algorithms,"Burgin, M. S.",Algoritmos,Livro,Biblioteca Setorial Profª. Maria Lúcia da Costa Bezerra - ­CERES­ - Caicó,3,0,0,0,0,0,0.0
191916,Why new systems fail :,"Simon, Phil.",Computadores -,Livro,Biblioteca Setorial Profª. Maria Lúcia da Costa Bezerra - ­CERES­ - Caicó,3,0,0,0,0,0,0.0
191919,Machine learning for hackers,"Conway, Drew.",Aprendizado do computador,Livro,Biblioteca Setorial Profª. Maria Lúcia da Costa Bezerra - ­CERES­ - Caicó,6,0,0,0,0,0,0.0
191920,Evolutionary computation :,"De Jong, Kenneth A.",Programação evolutiva (Computação),Livro,Biblioteca Setorial Profª. Maria Lúcia da Costa Bezerra - ­CERES­ - Caicó,5,0,0,0,0,0,0.0
191921,The developer's guide to social programming :,"Hawker, Mark D.",Redes sociais online -,Livro,Biblioteca Setorial Profª. Maria Lúcia da Costa Bezerra - ­CERES­ - Caicó,3,0,0,0,0,0,0.0
191923,Foundations of statistical natural language processing,"Manning, Christopher D.,",Processamento de linguagem natural (Computação),Livro,Biblioteca Setorial Profª. Maria Lúcia da Costa Bezerra - ­CERES­ - Caicó,5,0,0,0,0,0,0.0
191924,Commonsense reasoning,"Mueller, Erik T.",Raciocínio do senso comum -,Livro,Biblioteca Setorial Profª. Maria Lúcia da Costa Bezerra - ­CERES­ - Caicó,3,0,0,0,0,0,0.0
191927,The emperor's new mind :,"Penrose, Roger.",Ciência da computação,Livro,Biblioteca Setorial Profª. Maria Lúcia da Costa Bezerra - ­CERES­ - Caicó,3,0,0,0,0,0,0.0
191929,Marketing para empresas e profissionais de software :,"Janones, Ramos de Souza.",Marketing -,Livro,Biblioteca Setorial Profª. Maria Lúcia da Costa Bezerra - ­CERES­ - Caicó,6,0,0,0,0,0,0.0
191935,Computer networks,"Tanenbaum, Andrew S.,",Redes de computação,Livro,Biblioteca Setorial Profª. Maria Lúcia da Costa Bezerra - ­CERES­ - Caicó,5,0,0,0,0,0,0.0
192033,Core Python applications programming,"Chun, Wesley.",Python ( Linguagem de programação de computador) -,Livro,Biblioteca Setorial Profª. Maria Lúcia da Costa Bezerra - ­CERES­ - Caicó,10,0,0,0,0,0,0.0
192106,Java threads,"Oaks, Scott.",Java (Linguagem de programação de computador),Livro,Biblioteca Setorial Profª. Maria Lúcia da Costa Bezerra - ­CERES­ - Caicó,3,0,0,0,0,0,0.0
192108,Reliable distributed systems :,"Birman, Kenneth P.",Processamento eletrônico de dados -,Livro,Biblioteca Setorial Profª. Maria Lúcia da Costa Bezerra - ­CERES­ - Caicó,10,0,0,0,0,0,0.0
192110,An introduction to parallel programming,"Pacheco, Peter S.",Programação paralela (Computação),Livro,Biblioteca Setorial Profª. Maria Lúcia da Costa Bezerra - ­CERES­ - Caicó,10,0,0,0,0,0,0.0
192456,Algoritmos :,"Manzano, Jose Augusto N. G.",Programação (Computadores),Livro,Biblioteca Setorial Profª. Maria Lúcia da Costa Bezerra - ­CERES­ - Caicó,1,0,0,0,0,0,0.0
192458,Planejamento de sistemas de informação e informática :,"Rezende, Denis Alcides.",Informática -,Livro,Biblioteca Setorial Profª. Maria Lúcia da Costa Bezerra - ­CERES­ - Caicó,1,0,0,0,0,0,0.0
192611,Aquisição de produtos e serviços de software,"Guerra, Ana Cervigni.",Software,Livro,Biblioteca Setorial Profª. Maria Lúcia da Costa Bezerra - ­CERES­ - Caicó,1,0,0,0,0,0,0.0
193738,Recursos didáticos tecnológicos :,"Melo, Mírya Lopes de.",Educação -,Monografia,Biblioteca Setorial Profª. Maria Lúcia da Costa Bezerra - ­CERES­ - Caicó,1,0,0,0,0,0,0.0
194170,Contabilidade na era digital :,"Nascimento, Cíntia Santos.",Contabilidade -,Monografia,Biblioteca Setorial Profª. Maria Lúcia da Costa Bezerra - ­CERES­ - Caicó,1,0,0,0,0,0,0.0
194179,Beautiful visualization,,Visualização de informação,Livro,Biblioteca Setorial Profª. Maria Lúcia da Costa Bezerra - ­CERES­ - Caicó,3,0,0,0,0,0,0.0
194184,Interconnecting smart objects with IP :,"Vasseur, Jean-Philippe.",Internet,Livro,Biblioteca Setorial Profª. Maria Lúcia da Costa Bezerra - ­CERES­ - Caicó,6,0,0,0,0,0,0.0
194191,Artificial intelligence :,"Nilsson, Nils J.",Inteligência computacional,Livro,Biblioteca Setorial Profª. Maria Lúcia da Costa Bezerra - ­CERES­ - Caicó,3,0,0,0,0,0,0.0
194359,Hacker's delight,"Warren, Henry S.",Programação (Computadores),Livro,Biblioteca Setorial Profª. Maria Lúcia da Costa Bezerra - ­CERES­ - Caicó,8,0,0,0,0,0,0.0
194360,"Handbook of research on computational intelligence for engineering, science, and business",,Inteligência computacional -,Livro,Biblioteca Setorial Profª. Maria Lúcia da Costa Bezerra - ­CERES­ - Caicó,6,0,0,0,0,0,0.0
194388,Prolog programming for artificial intelligence,"Bratko, Ivan,",Inteligência artificial -,Livro,Biblioteca Setorial Profª. Maria Lúcia da Costa Bezerra - ­CERES­ - Caicó,5,0,0,0,0,0,0.0
194460,Elements of programming,"Stepanov, Alexander A.",Estruturas algébricas ordenadas,Livro,Biblioteca Setorial Profª. Maria Lúcia da Costa Bezerra - ­CERES­ - Caicó,3,0,0,0,0,0,0.0
194461,The Rails 3 way,"Fernandez, Obie.",Ruby on Rails (Recurso eletrônico),Livro,Biblioteca Setorial Profª. Maria Lúcia da Costa Bezerra - ­CERES­ - Caicó,3,0,0,0,0,0,0.0
194464,Mobile applications and knowledge advancements in e-business,,Comércio Eletrônico,Livro,Biblioteca Setorial Profª. Maria Lúcia da Costa Bezerra - ­CERES­ - Caicó,3,0,0,0,0,0,0.0
198831,Cloud computing :,"Jamsa, Kris,",Computação em nuvens,Livro,Biblioteca Setorial Profª. Maria Lúcia da Costa Bezerra - ­CERES­ - Caicó,10,0,0,0,0,0,0.0
198859,Machine learning :,"Murphy, Kevin P.",Aprendizagem de máquina,Livro,Biblioteca Setorial Profª. Maria Lúcia da Costa Bezerra - ­CERES­ - Caicó,5,0,0,0,0,0,0.0
199073,Algorithmic geometry,"Boissonnat, J.-D.",Geometria -,Livro,Biblioteca Setorial Profª. Maria Lúcia da Costa Bezerra - ­CERES­ - Caicó,5,0,0,0,0,0,0.0
199075,Predicate calculus and program semantics,"Dijkstra, Edsger Wybe.",Programação (Computação),Livro,Biblioteca Setorial Profª. Maria Lúcia da Costa Bezerra - ­CERES­ - Caicó,1,0,0,0,0,0,0.0
199201,Arquitectura da gestão de sistemas de informação,"Varajão, João Eduardo Quintela.",Gestão de sistemas de informação,Livro,Biblioteca Setorial Profª. Maria Lúcia da Costa Bezerra - ­CERES­ - Caicó,1,0,0,0,0,0,0.0
199202,Designing solutions-based ubiquitous and pervasive computing :,,Computação ubíqua,Livro,Biblioteca Setorial Profª. Maria Lúcia da Costa Bezerra - ­CERES­ - Caicó,3,0,0,0,0,0,0.0
199209,Pervasive and ubiquitous technology innovations for ambient intelligence environments,,Computação ubíqua,Livro,Biblioteca Setorial Profª. Maria Lúcia da Costa Bezerra - ­CERES­ - Caicó,2,0,0,0,0,0,0.0
199211,Interdisciplinary applications of electronic collaboration approaches and technologies,,Computação colaborativa,Livro,Biblioteca Setorial Profª. Maria Lúcia da Costa Bezerra - ­CERES­ - Caicó,3,0,0,0,0,0,0.0
199238,Cuda by example :,"Sanders, Jason.",Programação (Computação),Livro,Biblioteca Setorial Profª. Maria Lúcia da Costa Bezerra - ­CERES­ - Caicó,3,0,0,0,0,0,0.0
200154,Graph drawing and applications for software and knowledge engineers,"Sugiyama, Kozo,",Computação gráfica,Livro,Biblioteca Setorial Profª. Maria Lúcia da Costa Bezerra - ­CERES­ - Caicó,3,0,0,0,0,0,0.0
200155,Scratch programming for teens,"Ford, Jerry Lee.",Programação (Computadores),Livro,Biblioteca Setorial Profª. Maria Lúcia da Costa Bezerra - ­CERES­ - Caicó,6,0,0,0,0,0,0.0
200482,Game physics,"Eberly, David H.",Jogos por computador -,Livro,Biblioteca Setorial Profª. Maria Lúcia da Costa Bezerra - ­CERES­ - Caicó,3,0,0,0,0,0,0.0
200484,The nature of computation,"Moore, Cristopher.",complexidade computacional,Livro,Biblioteca Setorial Profª. Maria Lúcia da Costa Bezerra - ­CERES­ - Caicó,5,0,0,0,0,0,0.0
200554,Evolutionary algorithms in theory and practice :,"Back, Thomas,",Algoritmos genéticos,Livro,Biblioteca Setorial Profª. Maria Lúcia da Costa Bezerra - ­CERES­ - Caicó,5,0,0,0,0,0,0.0
200661,Governança dos novos serviços de TI na copa,"Mansur, Ricardo.",Governança de Tecnologia de informação,Livro,Biblioteca Setorial Profª. Maria Lúcia da Costa Bezerra - ­CERES­ - Caicó,5,0,0,0,0,0,0.0
200668,ASP.NET 4.0 na prática,"Bochicchio, Daniele.",ASP.NET (Plataforma),Livro,Biblioteca Setorial Profª. Maria Lúcia da Costa Bezerra - ­CERES­ - Caicó,3,0,0,0,0,0,0.0
200790,Handbook on mobile and ubiquitous computing :,,Computação ubíqua,Livro,Biblioteca Setorial Profª. Maria Lúcia da Costa Bezerra - ­CERES­ - Caicó,5,0,0,0,0,0,0.0
200891,Desenvolvimento de aplicativos wireless para o android,"Darcey, Lauren.",Android -,Livro,Biblioteca Setorial Profª. Maria Lúcia da Costa Bezerra - ­CERES­ - Caicó,3,0,0,0,0,0,0.0
201306,PDF explicado,"Whitington, John.",Arquivo (computação) -,Livro,Biblioteca Setorial Profª. Maria Lúcia da Costa Bezerra - ­CERES­ - Caicó,3,0,0,0,0,0,0.0
201308,Programando para iphone e ipad :,"Milani, André.",Computação móvel,Livro,Biblioteca Setorial Profª. Maria Lúcia da Costa Bezerra - ­CERES­ - Caicó,3,0,0,0,0,0,0.0
201310,Desenvolvendo para iphone e ipad,"Lecheta, Ricardo R.",Computação móvel,Livro,Biblioteca Setorial Profª. Maria Lúcia da Costa Bezerra - ­CERES­ - Caicó,3,0,0,0,0,0,0.0
201314,Equipes de software :,"Fitzpatrick, Brian W.",Engenharia de software -,Livro,Biblioteca Setorial Profª. Maria Lúcia da Costa Bezerra - ­CERES­ - Caicó,3,0,0,0,0,0,0.0
201553,MATLAB com aplicações de engenharia,"Gilat, Amos.",MATLAB (programa de computador),Livro,Biblioteca Setorial Profª. Maria Lúcia da Costa Bezerra - ­CERES­ - Caicó,23,0,0,0,0,0,0.0
201598,Microsoft project 2010 :,"Chatfield, Carl.",Programa de computador,Livro,Biblioteca Setorial Profª. Maria Lúcia da Costa Bezerra - ­CERES­ - Caicó,3,0,0,0,0,0,0.0
201606,Conceitos de computação com java,"Horstmann, Cay.",Java (Linguagem de programação de computador),Livro,Biblioteca Setorial Profª. Maria Lúcia da Costa Bezerra - ­CERES­ - Caicó,6,0,0,0,0,0,0.0
201783,Administração de informática :,"Albertin, Alberto Luiz.",Informática,Livro,Biblioteca Setorial Profª. Maria Lúcia da Costa Bezerra - ­CERES­ - Caicó,5,0,0,0,0,0,0.0
203497,TDD na prática,"Lopes, Camilo.",Desenvolvimento dirigido por testes (TDD),Livro,Biblioteca Setorial Profª. Maria Lúcia da Costa Bezerra - ­CERES­ - Caicó,3,0,0,0,0,0,0.0
203499,Modelagem lógica de dados :,"Castro, Eduardo Bernardes.",Modelagem de dados (computação),Livro,Biblioteca Setorial Profª. Maria Lúcia da Costa Bezerra - ­CERES­ - Caicó,10,0,0,0,0,0,0.0
203667,R and data mining :,,R (linguagem de programação de computador),Livro,Biblioteca Setorial Profª. Maria Lúcia da Costa Bezerra - ­CERES­ - Caicó,3,0,0,0,0,0,0.0
203734,"Desenvolvimento de software orientado a objetos, guiado por testes","Freeman, Steve.",Desenvolvimento de software -,Livro,Biblioteca Setorial Profª. Maria Lúcia da Costa Bezerra - ­CERES­ - Caicó,6,0,0,0,0,0,0.0
204108,Everyware :,"Greenfield, Adam.",Computação ubíqua,Livro,Biblioteca Setorial Profª. Maria Lúcia da Costa Bezerra - ­CERES­ - Caicó,5,0,0,0,0,0,0.0
204109,Artificial intelligence :,"Poole, David L.",Inteligência computacional -,Livro,Biblioteca Setorial Profª. Maria Lúcia da Costa Bezerra - ­CERES­ - Caicó,3,0,0,0,0,0,0.0
204400,OpenGL programming guide :,"Shreiner, Dave.",Computação gráfica,Livro,Biblioteca Setorial Profª. Maria Lúcia da Costa Bezerra - ­CERES­ - Caicó,4,0,0,0,0,0,0.0
204401,OpenGL shading language,"Rost, Randi J.",Computação gráfica,Livro,Biblioteca Setorial Profª. Maria Lúcia da Costa Bezerra - ­CERES­ - Caicó,3,0,0,0,0,0,0.0
204402,The OpenGL ES 2.0 programming guide,"Munshi, Aaftab.",Computação gráfica -,Livro,Biblioteca Setorial Profª. Maria Lúcia da Costa Bezerra - ­CERES­ - Caicó,3,0,0,0,0,0,0.0
204404,OpenGL superbible,,Computação gráfica,Livro,Biblioteca Setorial Profª. Maria Lúcia da Costa Bezerra - ­CERES­ - Caicó,5,0,0,0,0,0,0.0
204405,Hacker's delight,"Warren, Henry S.",Programação (Computadores),Livro,Biblioteca Setorial Profª. Maria Lúcia da Costa Bezerra - ­CERES­ - Caicó,2,0,0,0,0,0,0.0
204415,Computability & unsolvability,"Davis, Martin,",Teoria da computação,Livro,Biblioteca Setorial Profª. Maria Lúcia da Costa Bezerra - ­CERES­ - Caicó,5,0,0,0,0,0,0.0
204416,Data mining and data visualization,,Mineração de dados (Data mining),Livro,Biblioteca Setorial Profª. Maria Lúcia da Costa Bezerra - ­CERES­ - Caicó,2,0,0,0,0,0,0.0
204448,Intersection :,"Guenther, Milan.",Interação humano-computador,Livro,Biblioteca Setorial Profª. Maria Lúcia da Costa Bezerra - ­CERES­ - Caicó,3,0,0,0,0,0,0.0
204451,Analyzing the social web,"Golbeck, Jennifer.",Web semântica,Livro,Biblioteca Setorial Profª. Maria Lúcia da Costa Bezerra - ­CERES­ - Caicó,3,0,0,0,0,0,0.0
204454,Probability and computing :,"Mitzenmacher, Michael,",Algoritmos aleatórios,Livro,Biblioteca Setorial Profª. Maria Lúcia da Costa Bezerra - ­CERES­ - Caicó,5,0,0,0,0,0,0.0
204456,Distributed computing :,"Kshemkalyani, Ajay D.",Sistemas distribuídos,Livro,Biblioteca Setorial Profª. Maria Lúcia da Costa Bezerra - ­CERES­ - Caicó,5,0,0,0,0,0,0.0
204672,Understanding complex datasets :,"Skillicorn, David B.",Mineração de dados (Computação),Livro,Biblioteca Setorial Profª. Maria Lúcia da Costa Bezerra - ­CERES­ - Caicó,2,0,0,0,0,0,0.0
205243,Metodologias ágeis :,"Sbrocco, José Henrique Teixeira de Carvalho.",Engenharia de software,Livro,Biblioteca Setorial Profª. Maria Lúcia da Costa Bezerra - ­CERES­ - Caicó,3,0,0,0,0,0,0.0
205257,Projetando para o iPad :,"Stevens, Chris,",iPad (Computador) -,Livro,Biblioteca Setorial Profª. Maria Lúcia da Costa Bezerra - ­CERES­ - Caicó,3,0,0,0,0,0,0.0
205981,Análise e design orientados a objetos,"Engholm Junior, Hélio.",Métodos orientados a objetos (Computação),Livro,Biblioteca Setorial Profª. Maria Lúcia da Costa Bezerra - ­CERES­ - Caicó,3,0,0,0,0,0,0.0
205987,Programando o raspberry pi  :,"Monk, Simon.",Programação (Computadores),Livro,Biblioteca Setorial Profª. Maria Lúcia da Costa Bezerra - ­CERES­ - Caicó,3,0,0,0,0,0,0.0
206024,Desenvolvendo para windows 8 :,"Lecheta, Ricardo R.",Windows (Sistema operacional de computador),Livro,Biblioteca Setorial Profª. Maria Lúcia da Costa Bezerra - ­CERES­ - Caicó,16,0,0,0,0,0,0.0
206045,Pro JSF e Ajax :,"Jacobi, Jonas.",Desenvolvimento web,Livro,Biblioteca Setorial Profª. Maria Lúcia da Costa Bezerra - ­CERES­ - Caicó,3,0,0,0,0,0,0.0
206046,"Dominando javaserver faces e facelets utilizando spring 2.5, hibernate eJPA","Gonçalves, Edson.",Java (Linguagem de programação de computador),Livro,Biblioteca Setorial Profª. Maria Lúcia da Costa Bezerra - ­CERES­ - Caicó,3,0,0,0,0,0,0.0
206082,Boosting :,"Schapire, Robert E.",Aprendizado de máquina,Livro,Biblioteca Setorial Profª. Maria Lúcia da Costa Bezerra - ­CERES­ - Caicó,5,0,0,0,0,0,0.0
206084,Network intrusion analysis :,,Segurança de redes,Livro,Biblioteca Setorial Profª. Maria Lúcia da Costa Bezerra - ­CERES­ - Caicó,4,0,0,0,0,0,0.0
206107,Network coding :,,Codificação de redes (Computação),Livro,Biblioteca Setorial Profª. Maria Lúcia da Costa Bezerra - ­CERES­ - Caicó,6,0,0,0,0,0,0.0
206109,Modern embedded computing :,"Barry, Peter.",Sistemas embarcados -,Livro,Biblioteca Setorial Profª. Maria Lúcia da Costa Bezerra - ­CERES­ - Caicó,5,0,0,0,0,0,0.0
206116,The universal computer :,"Davis, Martin,",Computadores digitais eletrônicos -,Livro,Biblioteca Setorial Profª. Maria Lúcia da Costa Bezerra - ­CERES­ - Caicó,5,0,0,0,0,0,0.0
206136,Backtrack linux  auditoria e teste de invasão em redes de computadores,"Giavaroto, Sílvio César Roxo.",Segurança de rede de computadores,Livro,Biblioteca Setorial Profª. Maria Lúcia da Costa Bezerra - ­CERES­ - Caicó,11,0,0,0,0,0,0.0
206138,Virtualização de servidores linux :,"Viana, Eliseu Ribeiro Cherene.",Virtualização de servidores,Livro,Biblioteca Setorial Profª. Maria Lúcia da Costa Bezerra - ­CERES­ - Caicó,10,0,0,0,0,0,0.0
206140,Squid :,"Ricci, Bruno.",Servidor (Computação),Livro,Biblioteca Setorial Profª. Maria Lúcia da Costa Bezerra - ­CERES­ - Caicó,8,0,0,0,0,0,0.0
206141,Postfix servidor de e-mail livre :,"Oliveira, Wildson de Macedo.",E-mail -,Livro,Biblioteca Setorial Profª. Maria Lúcia da Costa Bezerra - ­CERES­ - Caicó,6,0,0,0,0,0,0.0
206145,Rede segura :,"Ricci, Bruno.",Segurança de rede de computadores,Livro,Biblioteca Setorial Profª. Maria Lúcia da Costa Bezerra - ­CERES­ - Caicó,5,0,0,0,0,0,0.0
206159,Cloud computing :,,Computação em nuvem -,Livro,Biblioteca Setorial Profª. Maria Lúcia da Costa Bezerra - ­CERES­ - Caicó,5,0,0,0,0,0,0.0
206175,TDD desenvolvimento guiado por testes,"Beck, Kent.",Desenvolvimento dirigido por teste (Computação),Livro,Biblioteca Setorial Profª. Maria Lúcia da Costa Bezerra - ­CERES­ - Caicó,3,0,0,0,0,0,0.0
206247,Análise e projeto de sistemas,"Dennis, Alan.",Projeto de sistema,Livro,Biblioteca Setorial Profª. Maria Lúcia da Costa Bezerra - ­CERES­ - Caicó,10,0,0,0,0,0,0.0
206806,"Princípios, padrões e praticas ágeis em C#","Martin, Robert C.",Desenvolvimento ágil,Livro,Biblioteca Setorial Profª. Maria Lúcia da Costa Bezerra - ­CERES­ - Caicó,3,0,0,0,0,0,0.0
206807,Trabalho eficaz com código legado,"Feathers, Michael C.",Engenharia de software,Livro,Biblioteca Setorial Profª. Maria Lúcia da Costa Bezerra - ­CERES­ - Caicó,7,0,0,0,0,0,0.0
206808,Recuperação de informação :,"Baeza-Yates, Ricardo.",Dados (Computação),Livro,Biblioteca Setorial Profª. Maria Lúcia da Costa Bezerra - ­CERES­ - Caicó,6,0,0,0,0,0,0.0
206810,Tomcat :,"Gonçalves, Edson.",Ferramentas de programação,Livro,Biblioteca Setorial Profª. Maria Lúcia da Costa Bezerra - ­CERES­ - Caicó,6,0,0,0,0,0,0.0
206883,Servidor de e-mail linux :,,E-mail -,Livro,Biblioteca Setorial Profª. Maria Lúcia da Costa Bezerra - ­CERES­ - Caicó,6,0,0,0,0,0,0.0
206891,Bem-vindo ao futuro :,"Lanier, Jaron,",Tecnologia da informação -,Livro,Biblioteca Setorial Profª. Maria Lúcia da Costa Bezerra - ­CERES­ - Caicó,6,0,0,0,0,0,0.0
206930,"Java na web com JSF, Spring, Hibernate e Netbeans 6 :","Gomes, Yuri Marx Pereira.",Java (Linguagem de programação de computador),Livro,Biblioteca Setorial Profª. Maria Lúcia da Costa Bezerra - ­CERES­ - Caicó,3,0,0,0,0,0,0.0
207033,Nanotecnologia computacional inteligente :,"Vilela Neto, Omar Paranaiba.",Inteligência artificial,Livro,Biblioteca Setorial Profª. Maria Lúcia da Costa Bezerra - ­CERES­ - Caicó,3,0,0,0,0,0,0.0
207091,O humano mais humano :,"Christian, Brian.",Inteligência artificial -,Livro,Biblioteca Setorial Profª. Maria Lúcia da Costa Bezerra - ­CERES­ - Caicó,3,0,0,0,0,0,0.0
207431,Análise de imagens digitais :,"Pedrini, Hélio.",Processamento de imagens digitais,Livro,Biblioteca Setorial Profª. Maria Lúcia da Costa Bezerra - ­CERES­ - Caicó,3,0,0,0,0,0,0.0
207580,Introdução ao MATLAB para engenheiros,"Palm III, William J.",MATLAB (Programa de computador),Livro,Biblioteca Setorial Profª. Maria Lúcia da Costa Bezerra - ­CERES­ - Caicó,6,0,0,0,0,0,0.0
207632,Base de conhecimento em teste de software,,Testes de software,Livro,Biblioteca Setorial Profª. Maria Lúcia da Costa Bezerra - ­CERES­ - Caicó,3,0,0,0,0,0,0.0
207960,Bacula :,"Faria, Heitor Medrodo de.",Bacula (Backup),Livro,Biblioteca Setorial Profª. Maria Lúcia da Costa Bezerra - ­CERES­ - Caicó,10,0,0,0,0,0,0.0
208163,Programming the Raspberry Pi :,"Monk, Simon.",Raspberry Pi -,Livro,Biblioteca Setorial Profª. Maria Lúcia da Costa Bezerra - ­CERES­ - Caicó,3,0,0,0,0,0,0.0
208246,Practical Raspberry Pi,"Horan, Brendan.",Raspberry Pi (Computação),Livro,Biblioteca Setorial Profª. Maria Lúcia da Costa Bezerra - ­CERES­ - Caicó,3,0,0,0,0,0,0.0
208308,Uma breve introdução a computação gráfica,"Ribeiro, Marcello Marinho.",Computação gráfica,Livro,Biblioteca Setorial Profª. Maria Lúcia da Costa Bezerra - ­CERES­ - Caicó,3,0,0,0,0,0,0.0
208356,Integração de dados na prática :,"Gonçalves, Rodrigo Ribeiro.",Banco de dados,Livro,Biblioteca Setorial Profª. Maria Lúcia da Costa Bezerra - ­CERES­ - Caicó,3,0,0,0,0,0,0.0
208447,Código na nuvem :,"Chu-Carroll, Mark C.",Programação de computador,Livro,Biblioteca Setorial Profª. Maria Lúcia da Costa Bezerra - ­CERES­ - Caicó,3,0,0,0,0,0,0.0
208451,DNS and BIND on IPv6,"Liu, Cricket.",Internet (Redes de computação),Livro,Biblioteca Setorial Profª. Maria Lúcia da Costa Bezerra - ­CERES­ - Caicó,6,0,0,0,0,0,0.0
208455,Planning for IPv6,"Hagen, Silvia.",Internet (Redes de computação),Livro,Biblioteca Setorial Profª. Maria Lúcia da Costa Bezerra - ­CERES­ - Caicó,6,0,0,0,0,0,0.0
208457,Packet guide to routing and switching,"Hartpence, Bruce.",Redes de computadores,Livro,Biblioteca Setorial Profª. Maria Lúcia da Costa Bezerra - ­CERES­ - Caicó,10,0,0,0,0,0,0.0
208460,Big data analytics using splunk,"Zadrozny, Peter.",Análise de dados (Computação),Livro,Biblioteca Setorial Profª. Maria Lúcia da Costa Bezerra - ­CERES­ - Caicó,2,0,0,0,0,0,0.0
208462,Packet guide to core network protocols,"Hartpene, Bruce.",Protocolos de redes,Livro,Biblioteca Setorial Profª. Maria Lúcia da Costa Bezerra - ­CERES­ - Caicó,10,0,0,0,0,0,0.0
208465,Gerenciamento de projetos com dotproject :,"Jordan, Lee.",Administração de projetos,Livro,Biblioteca Setorial Profª. Maria Lúcia da Costa Bezerra - ­CERES­ - Caicó,3,0,0,0,0,0,0.0
208669,Implementando o desenvolvimento lean de software :,"Poppendieck, Mary.",Engenharia de software,Livro,Biblioteca Setorial Profª. Maria Lúcia da Costa Bezerra - ­CERES­ - Caicó,3,0,0,0,0,0,0.0
208712,Programação com objective-c,"Kochan, Stephen G.",Programação de computadores,Livro,Biblioteca Setorial Profª. Maria Lúcia da Costa Bezerra - ­CERES­ - Caicó,3,0,0,0,0,0,0.0
208767,Openldap extreme,"Gil, Anahuac de Paula.",Arquivos (Computação),Livro,Biblioteca Setorial Profª. Maria Lúcia da Costa Bezerra - ­CERES­ - Caicó,7,0,0,0,0,0,0.0
208768,Intelligent data analysis :,,Análise inteligente de dados,Livro,Biblioteca Setorial Profª. Maria Lúcia da Costa Bezerra - ­CERES­ - Caicó,4,0,0,0,0,0,0.0
208771,Design thinking business analysis :,"Frisendal, Thomas.",Tratamento de dados comerciais,Livro,Biblioteca Setorial Profª. Maria Lúcia da Costa Bezerra - ­CERES­ - Caicó,3,0,0,0,0,0,0.0
208774,Web data mining :,"Liu, Bing,",Mineração de dados (Computação),Livro,Biblioteca Setorial Profª. Maria Lúcia da Costa Bezerra - ­CERES­ - Caicó,9,0,0,0,0,0,0.0
208779,From techie to boss :,"Cromar, Scott.",Engenharia de software -,Livro,Biblioteca Setorial Profª. Maria Lúcia da Costa Bezerra - ­CERES­ - Caicó,2,0,0,0,0,0,0.0
208928,Data privacy management and autonomous spontaneous security :,"DPM 2009  (4. : 2009 : Saint-Malo, France)",Segurança da computação -,Livro,Biblioteca Setorial Profª. Maria Lúcia da Costa Bezerra - ­CERES­ - Caicó,2,0,0,0,0,0,0.0
208929,Computational intelligence in security for information systems :,CISIS  (4. : 2011 : Iwann),Inteligência computacional -,Livro,Biblioteca Setorial Profª. Maria Lúcia da Costa Bezerra - ­CERES­ - Caicó,2,0,0,0,0,0,0.0
208930,Critical information infrastructures security :,CRITIS 2007  (2. : 2007 : Málaga),Segurança da computação -,Livro,Biblioteca Setorial Profª. Maria Lúcia da Costa Bezerra - ­CERES­ - Caicó,2,0,0,0,0,0,0.0
208931,Critical information infrastructures security :,"CRITIS 2009  (4. : 2009 : Bonn, Germany)",Segurança da computação -,Livro,Biblioteca Setorial Profª. Maria Lúcia da Costa Bezerra - ­CERES­ - Caicó,2,0,0,0,0,0,0.0
208942,Critical information infrastructures security :,"CRITIS 2008  (3. : 2008 : Rome, Italy)",Segurança de computadores -,Livro,Biblioteca Setorial Profª. Maria Lúcia da Costa Bezerra - ­CERES­ - Caicó,2,0,0,0,0,0,0.0
209548,Qualidade de software :,"Koscianski, André.",Software -,Livro,Biblioteca Setorial Profª. Maria Lúcia da Costa Bezerra - ­CERES­ - Caicó,1,0,0,0,0,0,0.0
210591,Informática para administradores,"Almeida, Mário de Souza.",Informática -,Livro,Biblioteca Setorial Profª. Maria Lúcia da Costa Bezerra - ­CERES­ - Caicó,1,0,0,0,0,0,0.0
211190,Web services em PHP :,"Mitchell, Lorna Jane.",Web serviços,Livro,Biblioteca Setorial Profª. Maria Lúcia da Costa Bezerra - ­CERES­ - Caicó,8,0,0,0,0,0,0.0
211198,Introdução às expressões regulares :,"Fitzgerald, Michael,",Expressões regulares,Livro,Biblioteca Setorial Profª. Maria Lúcia da Costa Bezerra - ­CERES­ - Caicó,3,0,0,0,0,0,0.0
211200,ASP.NET MVC em ação,"Palermo, Jeffrey.",ASP.NET (Plataforma),Livro,Biblioteca Setorial Profª. Maria Lúcia da Costa Bezerra - ­CERES­ - Caicó,3,0,0,0,0,0,0.0
211201,SOA na prática :,"Marzullo, Fabio Perez.",Engenharia de software,Livro,Biblioteca Setorial Profª. Maria Lúcia da Costa Bezerra - ­CERES­ - Caicó,5,0,0,0,0,0,0.0
211501,Google Sketchup Pro :,"Oliveira, Marcos Bandeira.",Computação gráfica,Livro,Biblioteca Setorial Profª. Maria Lúcia da Costa Bezerra - ­CERES­ - Caicó,3,0,0,0,0,0,0.0
211547,Investigação empírica sobre a percepção da segurança da informação pelos usuários de uma universidade pública baseada na análise fatorial exploratória,"Silva, Walber José Adriano.",Computação -,Dissertação,Biblioteca Setorial Profª. Maria Lúcia da Costa Bezerra - ­CERES­ - Caicó,1,0,0,0,0,0,0.0
211678,SNMP MIB handbook,"Walsh, Larry.",Redes de computadores,Livro,Biblioteca Setorial Profª. Maria Lúcia da Costa Bezerra - ­CERES­ - Caicó,8,0,0,0,0,0,0.0
211679,R graphics cookbook,"Chang, Winston.",R (Linguagem de programação),Livro,Biblioteca Setorial Profª. Maria Lúcia da Costa Bezerra - ­CERES­ - Caicó,3,0,0,0,0,0,0.0
211682,Data science for business,"Provost, Foster.",Dados (Computação) -,Livro,Biblioteca Setorial Profª. Maria Lúcia da Costa Bezerra - ­CERES­ - Caicó,3,0,0,0,0,0,0.0
211684,Software Evolution,,Engenharia de software,Livro,Biblioteca Setorial Profª. Maria Lúcia da Costa Bezerra - ­CERES­ - Caicó,3,0,0,0,0,0,0.0
211877,Scripting intelligence :,"Watson, Mark.",Scripting (Linguagem de programação de computador),Livro,Biblioteca Setorial Profª. Maria Lúcia da Costa Bezerra - ­CERES­ - Caicó,3,0,0,0,0,0,0.0
211880,Silverlight 4 business intelligence software,"Czernicki, Bart.",Silverlight (Programa de computador),Livro,Biblioteca Setorial Profª. Maria Lúcia da Costa Bezerra - ­CERES­ - Caicó,3,0,0,0,0,0,0.0
211883,Apresentação zen :,"Reynolds, Garr.",Power point (Programa de computador) -,Livro,Biblioteca Setorial Profª. Maria Lúcia da Costa Bezerra - ­CERES­ - Caicó,3,0,0,0,0,0,0.0
211909,Data mining and statistical analysis using SQL,"Trueblood, Robert P.",Mineração de dados (Data mining),Livro,Biblioteca Setorial Profª. Maria Lúcia da Costa Bezerra - ­CERES­ - Caicó,3,0,0,0,0,0,0.0
211910,Software similarity and classification,"Cesare, Silvio.",Proteção de software,Livro,Biblioteca Setorial Profª. Maria Lúcia da Costa Bezerra - ­CERES­ - Caicó,3,0,0,0,0,0,0.0
211911,Oracle essencial :,"Greenwald, Rick.",Base de dados,Livro,Biblioteca Setorial Profª. Maria Lúcia da Costa Bezerra - ­CERES­ - Caicó,3,0,0,0,0,0,0.0
211947,The art of Prolog :,"Sterling, Leon",PROLOG (Linguagem de programação de computador),Livro,Biblioteca Setorial Profª. Maria Lúcia da Costa Bezerra - ­CERES­ - Caicó,3,0,0,0,0,0,0.0
211954,Criando design com padrões web,"Zeldman, Jeffrey.",websites -,Livro,Biblioteca Setorial Profª. Maria Lúcia da Costa Bezerra - ­CERES­ - Caicó,6,0,0,0,0,0,0.0
211973,Software process technology :,"EWSPT '96  (5. : (1996 : Nancy, France)",Engenharia de software -,Livro,Biblioteca Setorial Profª. Maria Lúcia da Costa Bezerra - ­CERES­ - Caicó,3,0,0,0,0,0,0.0
211992,The intelligent web :,"Shroff, Gautam.",Algoritmos inteligentes -,Livro,Biblioteca Setorial Profª. Maria Lúcia da Costa Bezerra - ­CERES­ - Caicó,3,0,0,0,0,0,0.0
211993,Encyclopedia of decision making and decision support technologies,,Sistemas de apoio à decisão -,Livro,Biblioteca Setorial Profª. Maria Lúcia da Costa Bezerra - ­CERES­ - Caicó,4,0,0,0,0,0,0.0
211996,Decision making theories and practices from analysis to strategy,,Sistemas de suporte a decisão,Livro,Biblioteca Setorial Profª. Maria Lúcia da Costa Bezerra - ­CERES­ - Caicó,2,0,0,0,0,0,0.0
211997,Management theories and strategic practices for decision making,,Sistemas de suporte a decisão,Livro,Biblioteca Setorial Profª. Maria Lúcia da Costa Bezerra - ­CERES­ - Caicó,2,0,0,0,0,0,0.0
212866,SOA :,"Fugita, Henrique Shoiti.",Software -,Livro,Biblioteca Setorial Profª. Maria Lúcia da Costa Bezerra - ­CERES­ - Caicó,6,0,0,0,0,0,0.0
212992,Bayesian reasoning and machine learning,"Barber, David.",Aprendizado de máquina,Livro,Biblioteca Setorial Profª. Maria Lúcia da Costa Bezerra - ­CERES­ - Caicó,5,0,0,0,0,0,0.0
213487,Certificação Linux :,"Ribeiro, Uirá.",Linux (Sistema operacional de computador),Livro,Biblioteca Setorial Profª. Maria Lúcia da Costa Bezerra - ­CERES­ - Caicó,3,0,0,0,0,0,0.0
213614,UNIX and Linux system administration handbook,,UNIX (Sistema operacional),Livro,Biblioteca Setorial Profª. Maria Lúcia da Costa Bezerra - ­CERES­ - Caicó,8,0,0,0,0,0,0.0
213695,Artificial intelligence :,"Luger, George F.",Inteligência artificial,Livro,Biblioteca Setorial Profª. Maria Lúcia da Costa Bezerra - ­CERES­ - Caicó,3,0,0,0,0,0,0.0
213697,Programming problems :,"Green, Bradley.",Programação (Computadores),Livro,Biblioteca Setorial Profª. Maria Lúcia da Costa Bezerra - ­CERES­ - Caicó,3,0,0,0,0,0,0.0
213698,Decision management systems :,"Taylor, James,",Sistemas de suporte à decisão,Livro,Biblioteca Setorial Profª. Maria Lúcia da Costa Bezerra - ­CERES­ - Caicó,6,0,0,0,0,0,0.0
213700,Decision support systems for business intelligence,"Sauter, Vicki Lynn,",Sistema de suporte a decisão,Livro,Biblioteca Setorial Profª. Maria Lúcia da Costa Bezerra - ­CERES­ - Caicó,3,0,0,0,0,0,0.0
213989,Como melhorar a performance de websites .net :,"Lotar, Alfredo.",Websites -,Livro,Biblioteca Setorial Profª. Maria Lúcia da Costa Bezerra - ­CERES­ - Caicó,3,0,0,0,0,0,0.0
214069,O melhor do java,"Waldo, Jim.",Java (Linguagem de programação de computador),Livro,Biblioteca Setorial Profª. Maria Lúcia da Costa Bezerra - ­CERES­ - Caicó,3,0,0,0,0,0,0.0
214075,Raspberry pi :,"Merces, Ricardo.",Raspberry pi,Livro,Biblioteca Setorial Profª. Maria Lúcia da Costa Bezerra - ­CERES­ - Caicó,6,0,0,0,0,0,0.0
214397,Sistema de gestão processos de negócio e a tecnologia de serviços web,,Serviços web,Livro,Biblioteca Setorial Profª. Maria Lúcia da Costa Bezerra - ­CERES­ - Caicó,3,0,0,0,0,0,0.0
214582,Feature extraction & image processing for computer vision,"Nixon, Mark S.",Computação gráfica,Livro,Biblioteca Setorial Profª. Maria Lúcia da Costa Bezerra - ­CERES­ - Caicó,2,0,0,0,0,0,0.0
214602,Proactive intelligence :,"McGonagle, John J.",Inteligência computacional,Livro,Biblioteca Setorial Profª. Maria Lúcia da Costa Bezerra - ­CERES­ - Caicó,3,0,0,0,0,0,0.0
214988,Analysis of questionnaire data with R,"Falissard, Bruno.",Questionários -,Livro,Biblioteca Setorial Profª. Maria Lúcia da Costa Bezerra - ­CERES­ - Caicó,2,0,0,0,0,0,0.0
215553,Inteligência digital :,"Wendt, Emerson.",Inteligência digital,Livro,Biblioteca Setorial Profª. Maria Lúcia da Costa Bezerra - ­CERES­ - Caicó,3,0,0,0,0,0,0.0
215554,Mobile game jam :,"Sampaio, Cleuton.",Programas,Livro,Biblioteca Setorial Profª. Maria Lúcia da Costa Bezerra - ­CERES­ - Caicó,3,0,0,0,0,0,0.0
215600,Apache :,"Coar, Ken.",Informática -,Livro,Biblioteca Setorial Profª. Maria Lúcia da Costa Bezerra - ­CERES­ - Caicó,6,0,0,0,0,0,0.0
215650,Fundamentos de programação :,"Aguilar, Luis Joyanes.",Informática,Livro,Biblioteca Setorial Profª. Maria Lúcia da Costa Bezerra - ­CERES­ - Caicó,3,0,0,0,0,0,0.0
215656,Excelência em liderança para TI :,"Waller, Graham.",Tecnologia da informação,Livro,Biblioteca Setorial Profª. Maria Lúcia da Costa Bezerra - ­CERES­ - Caicó,5,0,0,0,0,0,0.0
215669,python three web development :,"Anders, Michel.",Informática,Livro,Biblioteca Setorial Profª. Maria Lúcia da Costa Bezerra - ­CERES­ - Caicó,3,0,0,0,0,0,0.0
215698,Use a cabeça :,"Gardner, Lyza Danger.",Sites da Web,Livro,Biblioteca Setorial Profª. Maria Lúcia da Costa Bezerra - ­CERES­ - Caicó,3,0,0,0,0,0,0.0
215699,Java Web Services :,"Kalin, Martin.",Informática,Livro,Biblioteca Setorial Profª. Maria Lúcia da Costa Bezerra - ­CERES­ - Caicó,3,0,0,0,0,0,0.0
215879,Introdução ao Windows 7 para desenvolvedores,,Informática -,Livro,Biblioteca Setorial Profª. Maria Lúcia da Costa Bezerra - ­CERES­ - Caicó,3,0,0,0,0,0,0.0
215892,Desenvolvimento de software 1 :,,Informática,Livro,Biblioteca Setorial Profª. Maria Lúcia da Costa Bezerra - ­CERES­ - Caicó,3,0,0,0,0,0,0.0
215894,Redes de computadores dois :,André Peres.,Ciência da computação,Livro,Biblioteca Setorial Profª. Maria Lúcia da Costa Bezerra - ­CERES­ - Caicó,3,0,0,0,0,0,0.0
215895,Engenharia de software :,"Schach, Stephen R.",Engenharia de software,Livro,Biblioteca Setorial Profª. Maria Lúcia da Costa Bezerra - ­CERES­ - Caicó,6,0,0,0,0,0,0.0
215937,Padrões de projetos Ajax :,"Mahemoff, Michael.",Informática,Livro,Biblioteca Setorial Profª. Maria Lúcia da Costa Bezerra - ­CERES­ - Caicó,3,0,0,0,0,0,0.0
216003,Data warehousing in the age of big data,"Krishnan, Krish .",Armazenamento de dados,Livro,Biblioteca Setorial Profª. Maria Lúcia da Costa Bezerra - ­CERES­ - Caicó,3,0,0,0,0,0,0.0
216132,Mastering Redmine :,"Lesyuk, Andriy.",Informática,Livro,Biblioteca Setorial Profª. Maria Lúcia da Costa Bezerra - ­CERES­ - Caicó,2,0,0,0,0,0,0.0
216138,Mobile user experience:,"Mendoza, Adrian.",Software de aplicação,Livro,Biblioteca Setorial Profª. Maria Lúcia da Costa Bezerra - ­CERES­ - Caicó,1,0,0,0,0,0,0.0
216768,Programando c# 3.0,"Liberty, Jesse.",Informática,Livro,Biblioteca Setorial Profª. Maria Lúcia da Costa Bezerra - ­CERES­ - Caicó,3,0,0,0,0,0,0.0
216779,Entrega contínua :,"Humble, Jez.",Informática,Livro,Biblioteca Setorial Profª. Maria Lúcia da Costa Bezerra - ­CERES­ - Caicó,3,0,0,0,0,0,0.0
216922,Eclipse IDE,"Burnette, Ed.",Computação -,Livro,Biblioteca Setorial Profª. Maria Lúcia da Costa Bezerra - ­CERES­ - Caicó,3,0,0,0,0,0,0.0
216934,Classic Shell Scripting,"Robbins, Arnold.",Linguagem de programação,Livro,Biblioteca Setorial Profª. Maria Lúcia da Costa Bezerra - ­CERES­ - Caicó,3,0,0,0,0,0,0.0
218443,Introduction to intelligent systems in traffic and transportation,"Bazzan, Ana L C.",Sistemas de informação,Livro,Biblioteca Setorial Profª. Maria Lúcia da Costa Bezerra - ­CERES­ - Caicó,3,0,0,0,0,0,0.0
218633,Expert Python Programming,"Ziadé, Tarek.",Informática,Livro,Biblioteca Setorial Profª. Maria Lúcia da Costa Bezerra - ­CERES­ - Caicó,2,0,0,0,0,0,0.0
218681,Primefaces Cookbook,"Çaliskan, Mert.",Informática,Livro,Biblioteca Setorial Profª. Maria Lúcia da Costa Bezerra - ­CERES­ - Caicó,2,0,0,0,0,0,0.0
218721,A implantação dos computadores nos escritórios contábeis :,"Morais, Walderly de Brito.",Contabilidade -,Monografia,Biblioteca Setorial Profª. Maria Lúcia da Costa Bezerra - ­CERES­ - Caicó,1,0,0,0,0,0,0.0
218745,O negócio de apps para iphone e ipad,"Wooldridge, Dave.",Informática,Livro,Biblioteca Setorial Profª. Maria Lúcia da Costa Bezerra - ­CERES­ - Caicó,3,0,0,0,0,0,0.0
218747,Aprenda a programar :,"Brod, Cesar.",Informática,Livro,Biblioteca Setorial Profª. Maria Lúcia da Costa Bezerra - ­CERES­ - Caicó,9,0,0,0,0,0,0.0
218857,Complex Networks :,"Cohen, Reuven.",Rede de computadores,Livro,Biblioteca Setorial Profª. Maria Lúcia da Costa Bezerra - ­CERES­ - Caicó,5,0,0,0,0,0,0.0
218886,Data modeling for the business :,"Hoberman, Steve.",Banco de dados,Livro,Biblioteca Setorial Profª. Maria Lúcia da Costa Bezerra - ­CERES­ - Caicó,1,0,0,0,0,0,0.0
218903,Use a cabeça desenvolvendo para iPhone e iPad,"Pilone, Dan.",Programação -,Livro,Biblioteca Setorial Profª. Maria Lúcia da Costa Bezerra - ­CERES­ - Caicó,6,0,0,0,0,0,0.0
218904,Matlab R2013a :,"Matsumoto, Élia Yathie.",Programação,Livro,Biblioteca Setorial Profª. Maria Lúcia da Costa Bezerra - ­CERES­ - Caicó,3,0,0,0,0,0,0.0
218984,Recommender systems for the social web,"Arias, José J. Pazos.",Sistemas de informação,Livro,Biblioteca Setorial Profª. Maria Lúcia da Costa Bezerra - ­CERES­ - Caicó,3,0,0,0,0,0,0.0
218990,Recommender systems and the social web :,"Gedikli, Fatih.",Sistemas de informação,Livro,Biblioteca Setorial Profª. Maria Lúcia da Costa Bezerra - ­CERES­ - Caicó,3,0,0,0,0,0,0.0
218999,Recommender systems for social tagging systems,,Sistemas de informação,Livro,Biblioteca Setorial Profª. Maria Lúcia da Costa Bezerra - ­CERES­ - Caicó,3,0,0,0,0,0,0.0
219020,Recommender systems for learning,,Sistemas de informação,Livro,Biblioteca Setorial Profª. Maria Lúcia da Costa Bezerra - ­CERES­ - Caicó,3,0,0,0,0,0,0.0
219021,Computational geometry :,,Geometria computacional,Livro,Biblioteca Setorial Profª. Maria Lúcia da Costa Bezerra - ­CERES­ - Caicó,5,0,0,0,0,0,0.0
219320,Modelação orientada ao serviço - SOA :,"Bell, Michael.",Informática,Livro,Biblioteca Setorial Profª. Maria Lúcia da Costa Bezerra - ­CERES­ - Caicó,10,0,0,0,0,0,0.0
219334,AWS para desenvolvedores :,"Lecheta, Ricardo R.",Informática,Livro,Biblioteca Setorial Profª. Maria Lúcia da Costa Bezerra - ­CERES­ - Caicó,10,0,0,0,0,0,0.0
219337,Google Android para Tablets :,"Lecheta, Ricardo R.",Informática,Livro,Biblioteca Setorial Profª. Maria Lúcia da Costa Bezerra - ­CERES­ - Caicó,8,0,0,0,0,0,0.0
220711,Linguagens formais e autômatos,"Menezes, Paulo Blauth.",Linguagem de programação (Computadores),Livro,Biblioteca Setorial Profª. Maria Lúcia da Costa Bezerra - ­CERES­ - Caicó,8,0,0,0,0,0,0.0
220739,Amazon Web Services :,"Linton, Rob.",Computação empresarial,Livro,Biblioteca Setorial Profª. Maria Lúcia da Costa Bezerra - ­CERES­ - Caicó,2,0,0,0,0,0,0.0
221959,SOA :,"Erl, Thomas.",Informática,Livro,Biblioteca Setorial Profª. Maria Lúcia da Costa Bezerra - ­CERES­ - Caicó,5,0,0,0,0,0,0.0
222194,Informática  FCC :,"Quintão, Patrícia Lima.",Informática,Livro,Biblioteca Setorial Profª. Maria Lúcia da Costa Bezerra - ­CERES­ - Caicó,2,0,0,0,0,0,0.0
225863,Virtualização de servidores linux :,"Viana, Eliseu Ribeiro Cherene.",Virtualização de servidores,Livro,Biblioteca Setorial Profª. Maria Lúcia da Costa Bezerra - ­CERES­ - Caicó,10,0,0,0,0,0,0.0
225864,Agrupamento de computadores em linux :,"Bookman, Charles.",Sistemas operacionais (Computadores),Livro,Biblioteca Setorial Profª. Maria Lúcia da Costa Bezerra - ­CERES­ - Caicó,10,0,0,0,0,0,0.0
225934,Windows server 2008 :,"Stanek, William R.,",Windows Server (Sistema operacional de computador),Livro,Biblioteca Setorial Profª. Maria Lúcia da Costa Bezerra - ­CERES­ - Caicó,13,0,0,0,0,0,0.0
225940,Antenna theory and design,"Stutzman, Warren L.",Antenas,Livro,Biblioteca Setorial Profª. Maria Lúcia da Costa Bezerra - ­CERES­ - Caicó,1,0,0,0,0,0,0.0
226050,QoS :,"Albuquerque, Edison de Queiroz.",Redes de computadores,Livro,Biblioteca Setorial Profª. Maria Lúcia da Costa Bezerra - ­CERES­ - Caicó,3,0,0,0,0,0,0.0
226073,ISO/IEC 20000 :,"Soula, Jose Maria Fiorino.",Inteligência artificial,Livro,Biblioteca Setorial Profª. Maria Lúcia da Costa Bezerra - ­CERES­ - Caicó,10,0,0,0,0,0,0.0
226107,Introdução à arquitetura e design de software :,,Java (Linguagem de programação de computador),Livro,Biblioteca Setorial Profª. Maria Lúcia da Costa Bezerra - ­CERES­ - Caicó,3,0,0,0,0,0,0.0
226137,Computational science and engineering,"Strang, Gilbert.",Ciência da computação,Livro,Biblioteca Setorial Profª. Maria Lúcia da Costa Bezerra - ­CERES­ - Caicó,5,0,0,0,0,0,0.0
226168,Antenna theory :,"Balanis, Constantine A.",Tecnologia,Livro,Biblioteca Setorial Profª. Maria Lúcia da Costa Bezerra - ­CERES­ - Caicó,5,0,0,0,0,0,0.0
226264,Entendendo inteligência artificial :,"Brighton, Henry.",Inteligência artificial,Livro,Biblioteca Setorial Profª. Maria Lúcia da Costa Bezerra - ­CERES­ - Caicó,3,0,0,0,0,0,0.0
226265,SOA :,"Erl, Thomas.",Sistemas de informação,Livro,Biblioteca Setorial Profª. Maria Lúcia da Costa Bezerra - ­CERES­ - Caicó,6,0,0,0,0,0,0.0
226321,Métodos para  análise de algoritmos,"Dobrushkin, Vladimir A.",Algoritmo,Livro,Biblioteca Setorial Profª. Maria Lúcia da Costa Bezerra - ­CERES­ - Caicó,3,0,0,0,0,0,0.0
226324,Fundamentos de informática :,"Barbieri Filho, Plinio",Lógica -,Livro,Biblioteca Setorial Profª. Maria Lúcia da Costa Bezerra - ­CERES­ - Caicó,3,0,0,0,0,0,0.0
226358,O codificador limpo,"Martin, Robert C.",Programação -,Livro,Biblioteca Setorial Profª. Maria Lúcia da Costa Bezerra - ­CERES­ - Caicó,3,0,0,0,0,0,0.0
226748,Java :,"Deitel, Harvey M.,",Java (Linguagem de programação de computador),Livro,Biblioteca Setorial Profª. Maria Lúcia da Costa Bezerra - ­CERES­ - Caicó,1,0,0,0,0,0,0.0
229305,Estruturas de dados com jogos,,Programação de computadores -,Livro,Biblioteca Setorial Profª. Maria Lúcia da Costa Bezerra - ­CERES­ - Caicó,15,0,0,0,0,0,0.0
230390,Criando aplicativos para iphone e ipad :,"Querino Filho, Luiz Carlos",Computação móvel,Livro,Biblioteca Setorial Profª. Maria Lúcia da Costa Bezerra - ­CERES­ - Caicó,5,0,0,0,0,0,0.0
232367,Engenharia de software,"Pressman, Roger S.",Engenharia de software,Livro,Biblioteca Setorial Profª. Maria Lúcia da Costa Bezerra - ­CERES­ - Caicó,1,0,0,0,0,0,0.0
232852,Plone 4 :,"Luiz, Rogério da Costa Dantas",Sites da Web,Livro,Biblioteca Setorial Profª. Maria Lúcia da Costa Bezerra - ­CERES­ - Caicó,5,0,0,0,0,0,0.0
232870,The structure of complex networks :,"Estrada, Ernesto,",System analysis,Livro,Biblioteca Setorial Profª. Maria Lúcia da Costa Bezerra - ­CERES­ - Caicó,5,0,0,0,0,0,0.0
232871,Dynamical processes on complex networks,"Barrat, Alain,",System analysis,Livro,Biblioteca Setorial Profª. Maria Lúcia da Costa Bezerra - ­CERES­ - Caicó,5,0,0,0,0,0,0.0
232872,"Big data, big analytics :","Minelli, Michael,",Inteligência competitiva (Administração),Livro,Biblioteca Setorial Profª. Maria Lúcia da Costa Bezerra - ­CERES­ - Caicó,2,0,0,0,0,0,0.0
233112,Gestão de produtos com Scrum :,"Pichler, Roman,",Software,Livro,Biblioteca Setorial Profª. Maria Lúcia da Costa Bezerra - ­CERES­ - Caicó,3,0,0,0,0,0,0.0
233191,Guia resumido para certificação Oracle Java 7 SE Associate,"Souza, Thiago Hernandes de,",Pessoal da área de processamento eletrônico de dados,Livro,Biblioteca Setorial Profª. Maria Lúcia da Costa Bezerra - ­CERES­ - Caicó,3,0,0,0,0,0,0.0
233192,Sistemas de informação :,"Poletini, Ricardo Augusto,",C# (Linguagem de programação de computador),Livro,Biblioteca Setorial Profª. Maria Lúcia da Costa Bezerra - ­CERES­ - Caicó,3,0,0,0,0,0,0.0
233195,Guia da startup :,"Torres, Joaquim.",Planejamento empresarial,Livro,Biblioteca Setorial Profª. Maria Lúcia da Costa Bezerra - ­CERES­ - Caicó,3,0,0,0,0,0,0.0
233201,Planeamento de sistemas de informação,"Amaral, Luís,",Sistemas de informação gerencial,Livro,Biblioteca Setorial Profª. Maria Lúcia da Costa Bezerra - ­CERES­ - Caicó,3,0,0,0,0,0,0.0
233208,JSF2 na prática com richfaces,,Linguagem de programação (Computadores),Livro,Biblioteca Setorial Profª. Maria Lúcia da Costa Bezerra - ­CERES­ - Caicó,3,0,0,0,0,0,0.0
233274,Certificação Cloud Essentials :,"Diógenes, Yuri.",Linguagem de programação (Computadores),Livro,Biblioteca Setorial Profª. Maria Lúcia da Costa Bezerra - ­CERES­ - Caicó,10,0,0,0,0,0,0.0
233288,A recommender system for the semantic web :,"Codina, Victor,",Web semântica,Livro,Biblioteca Setorial Profª. Maria Lúcia da Costa Bezerra - ­CERES­ - Caicó,3,0,0,0,0,0,0.0
233290,Scientific computing :,"Heath, Michael T.",Análise numérica -,Livro,Biblioteca Setorial Profª. Maria Lúcia da Costa Bezerra - ­CERES­ - Caicó,5,0,0,0,0,0,0.0
233833,Python Algorithms :,"Hetland, Magnus Lie,",Python (Computer program language),Livro,Biblioteca Setorial Profª. Maria Lúcia da Costa Bezerra - ­CERES­ - Caicó,3,0,0,0,0,0,0.0
233839,Music data mining,,Musical analysis,Livro,Biblioteca Setorial Profª. Maria Lúcia da Costa Bezerra - ­CERES­ - Caicó,3,0,0,0,0,0,0.0
233846,Neural networks in business :,"Smith, Kate A.,",Business networks,Livro,Biblioteca Setorial Profª. Maria Lúcia da Costa Bezerra - ­CERES­ - Caicó,3,0,0,0,0,0,0.0
234293,Pattern recognition with neural networks in C++,"Pandya, Abhijit S,",Neural networks (Computer science),Livro,Biblioteca Setorial Profª. Maria Lúcia da Costa Bezerra - ­CERES­ - Caicó,3,0,0,0,0,0,0.0
234295,Data clustering in C++ :,"Gan, Guojun,",Cluster analysis,Livro,Biblioteca Setorial Profª. Maria Lúcia da Costa Bezerra - ­CERES­ - Caicó,3,0,0,0,0,0,0.0
234297,Data clustering :,,Document clustering,Livro,Biblioteca Setorial Profª. Maria Lúcia da Costa Bezerra - ­CERES­ - Caicó,3,0,0,0,0,0,0.0
234298,Data clustering :,,Document clustering,Livro,Biblioteca Setorial Profª. Maria Lúcia da Costa Bezerra - ­CERES­ - Caicó,3,0,0,0,0,0,0.0
234326,Data mining applications with R,"Zhao, Yanchang,",Mineração de dados,Livro,Biblioteca Setorial Profª. Maria Lúcia da Costa Bezerra - ­CERES­ - Caicó,3,0,0,0,0,0,0.0
237655,Redes neurais artificiais :,"Kovacs, Zsolt Laszlo.",Inteligência artificial,Livro,Biblioteca Setorial Profª. Maria Lúcia da Costa Bezerra - ­CERES­ - Caicó,3,0,0,0,0,0,0.0
237691,Guia de campo do bom programador :,"Sampaio, Cleuton.",Informática,Livro,Biblioteca Setorial Profª. Maria Lúcia da Costa Bezerra - ­CERES­ - Caicó,3,0,0,0,0,0,0.0
237697,"Computação, cognição, semiose",,Sistemas especialistas (Computação),Livro,Biblioteca Setorial Profª. Maria Lúcia da Costa Bezerra - ­CERES­ - Caicó,3,0,0,0,0,0,0.0
237763,Programação estruturada de computadores :,,Algoritmos,Livro,Biblioteca Setorial Profª. Maria Lúcia da Costa Bezerra - ­CERES­ - Caicó,3,0,0,0,0,0,0.0
238607,Deep web :,"Perez Ávila, Renato Nogueira.",Pesquisa na Internet,Livro,Biblioteca Setorial Profª. Maria Lúcia da Costa Bezerra - ­CERES­ - Caicó,3,0,0,0,0,0,0.0
238608,Java em artigos técnicos,"Bertol, Omero Francisco",Java (Linguagem de programação de computador),Livro,Biblioteca Setorial Profª. Maria Lúcia da Costa Bezerra - ­CERES­ - Caicó,3,0,0,0,0,0,0.0
238611,Linux Backtrack R5 :,"Christo, Luís Henrique",Linux (Sistema operacional de computador),Livro,Biblioteca Setorial Profª. Maria Lúcia da Costa Bezerra - ­CERES­ - Caicó,3,0,0,0,0,0,0.0
238619,Por que trabalhar na TI? :,"Castro Filho, Paulo Farias,",Tecnologia da informação,Livro,Biblioteca Setorial Profª. Maria Lúcia da Costa Bezerra - ­CERES­ - Caicó,3,0,0,0,0,0,0.0
238622,Laboratório básico de redes de computadores :,"Carvalho, Rodrigo Zuolo,",Linux (Sistema operacional de computador),Livro,Biblioteca Setorial Profª. Maria Lúcia da Costa Bezerra - ­CERES­ - Caicó,3,0,0,0,0,0,0.0
238626,Guia prático :,"Lopes, Camilo.",Java (Linguagem de programação de computador),Livro,Biblioteca Setorial Profª. Maria Lúcia da Costa Bezerra - ­CERES­ - Caicó,3,0,0,0,0,0,0.0
238630,Blindagem em sistemas Linux - abordagens :,"Araújo, Euriam Barros de,",Linux (Sistema operacional de computador),Livro,Biblioteca Setorial Profª. Maria Lúcia da Costa Bezerra - ­CERES­ - Caicó,3,0,0,0,0,0,0.0
238632,Software sub-reptício :,"Collberg, Christian",Computadores,Livro,Biblioteca Setorial Profª. Maria Lúcia da Costa Bezerra - ­CERES­ - Caicó,3,0,0,0,0,0,0.0
238640,Primefaces avançado + Web Service Rest :,"Souza, Thiago Hernandes de.",PrimeFaces (Programa de computador),Livro,Biblioteca Setorial Profª. Maria Lúcia da Costa Bezerra - ­CERES­ - Caicó,3,0,0,0,0,0,0.0
238827,Definindo escopo em projetos de software,"Debastiani, Carlos Alberto,",Engenharia de software,Livro,Biblioteca Setorial Profª. Maria Lúcia da Costa Bezerra - ­CERES­ - Caicó,6,0,0,0,0,0,0.0
245370,Introdução à visão computacional usando MatLab,"Backes, André Ricardo,",Linguagem de programação (Computadores),Livro,Biblioteca Setorial Profª. Maria Lúcia da Costa Bezerra - ­CERES­ - Caicó,3,0,0,0,0,0,0.0
245378,Implementando domain-driven design,"Vernon, Vaughn,",Software -,Livro,Biblioteca Setorial Profª. Maria Lúcia da Costa Bezerra - ­CERES­ - Caicó,3,0,0,0,0,0,0.0
245380,Website :,"Ramos, Fernando,",Website -,Livro,Biblioteca Setorial Profª. Maria Lúcia da Costa Bezerra - ­CERES­ - Caicó,3,0,0,0,0,0,0.0
246262,Material de apoio Ubuntuca :,,Sistema operacional,Livro,Biblioteca Setorial Profª. Maria Lúcia da Costa Bezerra - ­CERES­ - Caicó,2,0,0,0,0,0,0.0
247057,Smart :,"Martel, Frédéric.",Tecnologia da Informação -,Livro,Biblioteca Setorial Profª. Maria Lúcia da Costa Bezerra - ­CERES­ - Caicó,3,0,0,0,0,0,0.0
247060,Building a scalable data Warehouse with data Vault 2.0,"linstedt, Daniel.",Banco de dados,Livro,Biblioteca Setorial Profª. Maria Lúcia da Costa Bezerra - ­CERES­ - Caicó,3,0,0,0,0,0,0.0
247063,Predictive analytics and Data Mining :,"kotu, Vijay.",Mineração de dados (Computação),Livro,Biblioteca Setorial Profª. Maria Lúcia da Costa Bezerra - ­CERES­ - Caicó,3,0,0,0,0,0,0.0
247065,The practical handbook of genetic algorithms :,,Algoritmos de computador,Livro,Biblioteca Setorial Profª. Maria Lúcia da Costa Bezerra - ­CERES­ - Caicó,3,0,0,0,0,0,0.0
247066,Commercial Data Mining :,"Nettleton, David.",Banco de dados -,Livro,Biblioteca Setorial Profª. Maria Lúcia da Costa Bezerra - ­CERES­ - Caicó,3,0,0,0,0,0,0.0
247108,Beginning iphone development with Swift 3 :,"Maskrey, Molly K.",Programação de computadores -,Livro,Biblioteca Setorial Profª. Maria Lúcia da Costa Bezerra - ­CERES­ - Caicó,3,0,0,0,0,0,0.0
247109,Beginning Swift games development forIOS :,"Goodwill, James.",Programação de Computadores -,Livro,Biblioteca Setorial Profª. Maria Lúcia da Costa Bezerra - ­CERES­ - Caicó,3,0,0,0,0,0,0.0
247121,Adaptation in natural and artificial systems :,"Holland, John H.",Inteligência artificial,Livro,Biblioteca Setorial Profª. Maria Lúcia da Costa Bezerra - ­CERES­ - Caicó,2,0,0,0,0,0,0.0
247128,Evolutionary optimization algorithms :,"Simon, Dan.",Algoritmos genéticos,Livro,Biblioteca Setorial Profª. Maria Lúcia da Costa Bezerra - ­CERES­ - Caicó,2,0,0,0,0,0,0.0
247148,Human Recognition in Unconstrained Environments :,,Identificação Biométrica,Livro,Biblioteca Setorial Profª. Maria Lúcia da Costa Bezerra - ­CERES­ - Caicó,3,0,0,0,0,0,0.0
247156,Pro design patterns in Swift,"Freeman, Adam.",Linguagens de programação de computador -,Livro,Biblioteca Setorial Profª. Maria Lúcia da Costa Bezerra - ­CERES­ - Caicó,3,0,0,0,0,0,0.0
247158,Beginning Ruby :,"Cooper, Peter.",Linguagens de programação de computador -,Livro,Biblioteca Setorial Profª. Maria Lúcia da Costa Bezerra - ­CERES­ - Caicó,3,0,0,0,0,0,0.0
247166,Practical Swift,"Downey, Eric.",Linguagens de programação de computador -,Livro,Biblioteca Setorial Profª. Maria Lúcia da Costa Bezerra - ­CERES­ - Caicó,3,0,0,0,0,0,0.0
247169,Hidden Order :,"Holland, John H.",Análise de sistemas,Livro,Biblioteca Setorial Profª. Maria Lúcia da Costa Bezerra - ­CERES­ - Caicó,3,0,0,0,0,0,0.0
247170,Machine learning using R :,"Ramasubramanian, Karthik.",Aprendizado de máquinas,Livro,Biblioteca Setorial Profª. Maria Lúcia da Costa Bezerra - ­CERES­ - Caicó,3,0,0,0,0,0,0.0
247173,"Patterns, Principles, and of domain-driven design","Millett, Scott,",Design Dominado pelo Domínio (DDD),Livro,Biblioteca Setorial Profª. Maria Lúcia da Costa Bezerra - ­CERES­ - Caicó,2,0,0,0,0,0,0.0
247181,Concepts of programming languages,"Mitchell, John C.",Linguagem de programação (Computadores),Livro,Biblioteca Setorial Profª. Maria Lúcia da Costa Bezerra - ­CERES­ - Caicó,3,0,0,0,0,0,0.0
247183,Programming Language Concepts,"Ghezzi, Carlo,",Linguagem de programação (Computadores),Livro,Biblioteca Setorial Profª. Maria Lúcia da Costa Bezerra - ­CERES­ - Caicó,3,0,0,0,0,0,0.0
247197,Fuzzy logic and expert systems applications,"Leondes, Cornelius T.",Sistemas de estruturas,Livro,Biblioteca Setorial Profª. Maria Lúcia da Costa Bezerra - ­CERES­ - Caicó,3,0,0,0,0,0,0.0
247199,Soft computing and intelligent systems :,"Sinha, Naresh K.",Sistemas inteligentes -,Livro,Biblioteca Setorial Profª. Maria Lúcia da Costa Bezerra - ­CERES­ - Caicó,3,0,0,0,0,0,0.0
247236,Path planning for vehicles operating in uncertain 2d environments,"Pshikhopov, Viacheslav.",Planejamento,Livro,Biblioteca Setorial Profª. Maria Lúcia da Costa Bezerra - ­CERES­ - Caicó,3,0,0,0,0,0,0.0
247474,Multiple instance learning :,"Herrera, Francisco.",Aprendizado de múltiplas instâncias (MIL) -,Livro,Biblioteca Setorial Profª. Maria Lúcia da Costa Bezerra - ­CERES­ - Caicó,5,0,0,0,0,0,0.0
247477,Multilabel classification :,"Herrera, Francisco.",Edição de dados,Livro,Biblioteca Setorial Profª. Maria Lúcia da Costa Bezerra - ­CERES­ - Caicó,5,0,0,0,0,0,0.0
247478,Programming language concepts,"Sestoft, Peter.",Linguagem de Programação,Livro,Biblioteca Setorial Profª. Maria Lúcia da Costa Bezerra - ­CERES­ - Caicó,3,0,0,0,0,0,0.0
247495,Pervasive computing :,"Silvis-Cividjian, Natalia.",Engenharia de sistemas,Livro,Biblioteca Setorial Profª. Maria Lúcia da Costa Bezerra - ­CERES­ - Caicó,3,0,0,0,0,0,0.0
247502,Algorithmic learning in a random world,"Vovk, Wladimir.",Algoritmos aleatórios,Livro,Biblioteca Setorial Profª. Maria Lúcia da Costa Bezerra - ­CERES­ - Caicó,3,0,0,0,0,0,0.0
247507,Encyclopedia of machine learning,,Aprendizado de máquinas -,Livro,Biblioteca Setorial Profª. Maria Lúcia da Costa Bezerra - ­CERES­ - Caicó,2,0,0,0,0,0,0.0
247747,Universal artificial intelligence :,"Hutter, Marcus.",Inteligência artificial,Livro,Biblioteca Setorial Profª. Maria Lúcia da Costa Bezerra - ­CERES­ - Caicó,3,0,0,0,0,0,0.0
247755,Domain-driven design :,"Evans, Eric,",Programação orientada a objetos (ciência da computação),Livro,Biblioteca Setorial Profª. Maria Lúcia da Costa Bezerra - ­CERES­ - Caicó,3,0,0,0,0,0,0.0
247760,Handbook of natural computing,,Computação natural,Livro,Biblioteca Setorial Profª. Maria Lúcia da Costa Bezerra - ­CERES­ - Caicó,12,0,0,0,0,0,0.0
247856,Programming language pragmatics,"Scott, Michael L.",Linguagem de programação (Computadores),Livro,Biblioteca Setorial Profª. Maria Lúcia da Costa Bezerra - ­CERES­ - Caicó,1,0,0,0,0,0,0.0
247867,Encyclopedia of algorithms,,Ciência da computação,Livro,Biblioteca Setorial Profª. Maria Lúcia da Costa Bezerra - ­CERES­ - Caicó,6,0,0,0,0,0,0.0
247910,Vehicular networking,"Sommer, Christoph.",Redes veiculares (redes de computadores),Livro,Biblioteca Setorial Profª. Maria Lúcia da Costa Bezerra - ­CERES­ - Caicó,2,0,0,0,0,0,0.0
247979,Introduction to nature-inspired optimization,"Lindfield, George.",Algoritmos de computador,Livro,Biblioteca Setorial Profª. Maria Lúcia da Costa Bezerra - ­CERES­ - Caicó,2,0,0,0,0,0,0.0
248127,Introduction to the semantic web and semantic web services,"Yu, Liyang.",Web semântica,Livro,Biblioteca Setorial Profª. Maria Lúcia da Costa Bezerra - ­CERES­ - Caicó,2,0,0,0,0,0,0.0
249340,Engenharia de requisitos :,"Vazquez, Carlos Eduardo.",Engenharia de software,Livro,Biblioteca Setorial Profª. Maria Lúcia da Costa Bezerra - ­CERES­ - Caicó,3,0,0,0,0,0,0.0
249378,Requisitos em projetos de software e de sistemas de informação,"Fernandes, João M.",Sistemas de informação-,Livro,Biblioteca Setorial Profª. Maria Lúcia da Costa Bezerra - ­CERES­ - Caicó,7,0,0,0,0,0,0.0
249554,Desenvolvendo para iphone e ipad,"Lecheta, Ricardo R.",Software de aplicação -,Livro,Biblioteca Setorial Profª. Maria Lúcia da Costa Bezerra - ­CERES­ - Caicó,3,0,0,0,0,0,0.0
249563,LaurenIipsum :,"Bueno, Carlos .",Computação,Livro,Biblioteca Setorial Profª. Maria Lúcia da Costa Bezerra - ­CERES­ - Caicó,3,0,0,0,0,0,0.0
249580,A linguagem de programação GO,"Donovan, Alan A. A.",Linguagem de programação (Computadores),Livro,Biblioteca Setorial Profª. Maria Lúcia da Costa Bezerra - ­CERES­ - Caicó,3,0,0,0,0,0,0.0
249661,Multi-label dimensionality reduction,"Sun, Liang,",Reconhecimento de padrões ópticos,Livro,Biblioteca Setorial Profª. Maria Lúcia da Costa Bezerra - ­CERES­ - Caicó,5,0,0,0,0,0,0.0
249753,Ransomware :,"Liska, Allan.",Crime por computador,Livro,Biblioteca Setorial Profª. Maria Lúcia da Costa Bezerra - ­CERES­ - Caicó,3,0,0,0,0,0,0.0
249780,Analítica de dados com Hadoop :,"Bengfort, Benjamin.",Estruturas de dados (Computação),Livro,Biblioteca Setorial Profª. Maria Lúcia da Costa Bezerra - ­CERES­ - Caicó,3,0,0,0,0,0,0.0
249782,Engenharia de confiabilidade do google :,,Ferramentas de busca na Web,Livro,Biblioteca Setorial Profª. Maria Lúcia da Costa Bezerra - ­CERES­ - Caicó,3,0,0,0,0,0,0.0
249786,Desenvolvendo Jogos Mobile com HTML5,"Estevarengo, Luiz Fernando.",HTML (Linguagem de marcação de documento),Livro,Biblioteca Setorial Profª. Maria Lúcia da Costa Bezerra - ­CERES­ - Caicó,3,0,0,0,0,0,0.0
249787,Complex systems and clouds :,"Marinescu, Dan C.",Sistemas de computação,Livro,Biblioteca Setorial Profª. Maria Lúcia da Costa Bezerra - ­CERES­ - Caicó,3,0,0,0,0,0,0.0
249790,Metaheuristic applications in structures and infrastructures,,Design de engenharia -,Livro,Biblioteca Setorial Profª. Maria Lúcia da Costa Bezerra - ­CERES­ - Caicó,2,0,0,0,0,0,0.0
249794,Amazon web services em ação,"Wittig, Andreas.",Computação em nuvem,Livro,Biblioteca Setorial Profª. Maria Lúcia da Costa Bezerra - ­CERES­ - Caicó,3,0,0,0,0,0,0.0
249802,Dados abertos conectados :,"Isotani, Seiji.",Web semântica,Livro,Biblioteca Setorial Profª. Maria Lúcia da Costa Bezerra - ­CERES­ - Caicó,3,0,0,0,0,0,0.0
249803,Aprendendo material design :,"Mew, Kyle.",Aplicativos Móveis -,Livro,Biblioteca Setorial Profª. Maria Lúcia da Costa Bezerra - ­CERES­ - Caicó,3,0,0,0,0,0,0.0
249818,Domain-driven design :,"Evans, Eric,",Programação orientada a objetos (ciência da computação),Livro,Biblioteca Setorial Profª. Maria Lúcia da Costa Bezerra - ­CERES­ - Caicó,3,0,0,0,0,0,0.0
251340,Linux System Administrator´s Surviral Guide,"Parker, Timothy.",Linux (Sistema operacional de computador),Livro,Biblioteca Setorial Profª. Maria Lúcia da Costa Bezerra - ­CERES­ - Caicó,1,0,0,0,0,0,0.0
252027,"Algoritmos algébricos, o Smart Brain e o problema P versus NP","Calegari, Rafael.",Programação de computadores,Livro,Biblioteca Setorial Profª. Maria Lúcia da Costa Bezerra - ­CERES­ - Caicó,3,0,0,0,0,0,0.0
252051,Algorithmic adventures :,"Hromkovic, Juraj,",Algoritmos,Livro,Biblioteca Setorial Profª. Maria Lúcia da Costa Bezerra - ­CERES­ - Caicó,3,0,0,0,0,0,0.0
252087,Intelligent systems for engineers and scientists,"Hopgood, Adrian A.",Sistemas especialistas (informática),Livro,Biblioteca Setorial Profª. Maria Lúcia da Costa Bezerra - ­CERES­ - Caicó,3,0,0,0,0,0,0.0
252100,Foundations of genetic programming,"Langdon, William B.",Inteligência artificial,Livro,Biblioteca Setorial Profª. Maria Lúcia da Costa Bezerra - ­CERES­ - Caicó,2,0,0,0,0,0,0.0
252105,Descomplicando o Docker,"Vitalino, Jeferson Fernando Noronha",Docker (Programa de Computador),Livro,Biblioteca Setorial Profª. Maria Lúcia da Costa Bezerra - ­CERES­ - Caicó,3,0,0,0,0,0,0.0
252106,Fundamentals of Python :,"Lambert, Kenneth Alfred,",Python (linguagem de programação de computador),Livro,Biblioteca Setorial Profª. Maria Lúcia da Costa Bezerra - ­CERES­ - Caicó,3,0,0,0,0,0,0.0
252118,Python programming in context,"Miller, Bradley N.",Python (linguagem de programação de computador),Livro,Biblioteca Setorial Profª. Maria Lúcia da Costa Bezerra - ­CERES­ - Caicó,3,0,0,0,0,0,0.0
252120,Semantic computing,,Computação semântica,Livro,Biblioteca Setorial Profª. Maria Lúcia da Costa Bezerra - ­CERES­ - Caicó,2,0,0,0,0,0,0.0
252157,Novas tecnologias de redes Ethernet,"Enne, Antônio José.",Redes de computadores,Livro,Biblioteca Setorial Profª. Maria Lúcia da Costa Bezerra - ­CERES­ - Caicó,3,0,0,0,0,0,0.0
252158,Sistemas operacionais com Java,"Silberschatz, Abraham.",Java (Linguagem de programação de computador),Livro,Biblioteca Setorial Profª. Maria Lúcia da Costa Bezerra - ­CERES­ - Caicó,3,0,0,0,0,0,0.0
255072,Internet & direito penal :,"Wendt, Emerson,",Crime por computador,Livro,Biblioteca Setorial Profª. Maria Lúcia da Costa Bezerra - ­CERES­ - Caicó,1,0,0,0,0,0,0.0
256367,Aprendendo docker: X,"Silva, Wellington Figueira da.",Docker (programa de computador),Livro,Biblioteca Setorial Profª. Maria Lúcia da Costa Bezerra - ­CERES­ - Caicó,3,0,0,0,0,0,0.0
256398,Teste de desempenho com JMeter 3,"Erinle, Bayo.",Teste de desempenho (programas de computador),Livro,Biblioteca Setorial Profª. Maria Lúcia da Costa Bezerra - ­CERES­ - Caicó,3,0,0,0,0,0,0.0
256408,Data structures and algorithms in Python,"Goodrich, Michael T.,",Python (Linguagem de programação de computador),Livro,Biblioteca Setorial Profª. Maria Lúcia da Costa Bezerra - ­CERES­ - Caicó,3,0,0,0,0,0,0.0
257980,A escola e a sociedade tecnológica:,"Elias, Raimundo Francisco de,",Escola,Monografia,Biblioteca Setorial Profª. Maria Lúcia da Costa Bezerra - ­CERES­ - Caicó,1,0,0,0,0,0,0.0
259172,Os recursos tecnológicos nas escolas públicas no municipio de Caicó-RN,"Brito, Fabiana Érica de.",Escolas públicas -,Monografia,Biblioteca Setorial Profª. Maria Lúcia da Costa Bezerra - ­CERES­ - Caicó,1,0,0,0,0,0,0.0
259552,Otimização por enxame de partículas :,"Paiva, Fábio Augusto Procópio de.",Algoritmos,Livro,Biblioteca Setorial Profª. Maria Lúcia da Costa Bezerra - ­CERES­ - Caicó,2,0,0,0,0,0,0.0
270036,The linux solution,"Edmunds, Keith",Linux (Sistema operacional de computador),Livro,Biblioteca Setorial Profª. Maria Lúcia da Costa Bezerra - ­CERES­ - Caicó,1,0,0,0,0,0,0.0
278588,Python para data science:,"Netto, Amílcar.",Python (Linguagem de programação de computador),Livro,Biblioteca Setorial Profª. Maria Lúcia da Costa Bezerra - ­CERES­ - Caicó,3,0,0,0,0,0,0.0
278594,Máquinas preditivas:,"Agrawal, Ajay.",Negócios -,Livro,Biblioteca Setorial Profª. Maria Lúcia da Costa Bezerra - ­CERES­ - Caicó,3,0,0,0,0,0,0.0
278605,Construindo chatbots com python :,"Raj, Sumit.",Programação -,Livro,Biblioteca Setorial Profª. Maria Lúcia da Costa Bezerra - ­CERES­ - Caicó,3,0,0,0,0,0,0.0
278606,Projetos de Ciência de Dados com Python :,"Klosterman, Stephen.",Python -,Livro,Biblioteca Setorial Profª. Maria Lúcia da Costa Bezerra - ­CERES­ - Caicó,3,0,0,0,0,0,0.0
278607,Introdução à computação usando Python :,"Perkovic, Ljubomir.",Computação -,Livro,Biblioteca Setorial Profª. Maria Lúcia da Costa Bezerra - ­CERES­ - Caicó,3,0,0,0,0,0,0.0
278613,Análise prática de séries temporais:,"Nielsen, Aileen.",Aprendizado do computador,Livro,Biblioteca Setorial Profª. Maria Lúcia da Costa Bezerra - ­CERES­ - Caicó,3,0,0,0,0,0,0.0
278614,A revolução do aprendizado profundo,"Sejnowski, Terrence J.",Aprendizado do computador,Livro,Biblioteca Setorial Profª. Maria Lúcia da Costa Bezerra - ­CERES­ - Caicó,3,0,0,0,0,0,0.0
278618,Análise preditiva:,"Siegel, Eric.",Processamento de dados,Livro,Biblioteca Setorial Profª. Maria Lúcia da Costa Bezerra - ­CERES­ - Caicó,3,0,0,0,0,0,0.0
278622,Business intelligence e análise de dados para gestão do negócio,"Sharda, Ramesh",Gestão do conhecimento,Livro,Biblioteca Setorial Profª. Maria Lúcia da Costa Bezerra - ­CERES­ - Caicó,3,0,0,0,0,0,0.0
278624,Inteligência artificial :,,Inteligência artificial,Livro,Biblioteca Setorial Profª. Maria Lúcia da Costa Bezerra - ­CERES­ - Caicó,3,0,0,0,0,0,0.0
302425,"Desinformação, regulação das plataformas e direitos digitais",,Direitos digitais,Livro,Biblioteca Setorial Profª. Maria Lúcia da Costa Bezerra - ­CERES­ - Caicó,2,0,0,0,0,0,0.0
302532,Information architecture :,"Rosenfeld, Louis.",Tecnologia da informação -,Livro,Biblioteca Setorial Profª. Maria Lúcia da Costa Bezerra - ­CERES­ - Caicó,1,0,0,0,0,0,0.0
302534,Primeiros passos com o Arduino,"Banzi, Massimo.",Linguagem de programação (Computadores),Livro,Biblioteca Setorial Profª. Maria Lúcia da Costa Bezerra - ­CERES­ - Caicó,1,0,0,0,0,0,0.0
186066,Learning Python,"Lutz, Mark.",Python (Linguagem de programação de computador),Livro,Biblioteca Setorial Profª. Maria Lúcia da Costa Bezerra - ­CERES­ - Caicó,16,0,1,0,0,1,0.06
215654,Fundamentos do gerenciamento de serviços de TI,"Freitas, Marcos André dos Santos.",Informática,Livro,Biblioteca Setorial Profª. Maria Lúcia da Costa Bezerra - ­CERES­ - Caicó,15,1,0,0,0,1,0.07
186343,Modelagem e projetos baseados em objetos com UML 2,"Blaha, Michael.",Engenharia de software,Livro,Biblioteca Setorial Profª. Maria Lúcia da Costa Bezerra - ­CERES­ - Caicó,12,1,0,0,0,1,0.08
201829,Regras do jogo :,"Salen, Katie.",Jogos por computador -,Livro,Biblioteca Setorial Profª. Maria Lúcia da Costa Bezerra - ­CERES­ - Caicó,12,0,0,1,0,1,0.08
235516,Fundamentos de sistemas operacionais,"Machado, Francis B.",Sistemas operacionais (Computadores),Livro,Biblioteca Setorial Profª. Maria Lúcia da Costa Bezerra - ­CERES­ - Caicó,24,2,0,0,0,2,0.08
249565,Entendendo algoritmos :,"Bhargava, Aditya Y.",Algoritmos de computador,Livro,Biblioteca Setorial Profª. Maria Lúcia da Costa Bezerra - ­CERES­ - Caicó,12,0,0,0,1,1,0.08
167047,Sistemas de banco de dados,"Elmasri, Ramez.",Banco de dados,Livro,Biblioteca Setorial Profª. Maria Lúcia da Costa Bezerra - ­CERES­ - Caicó,23,2,0,0,0,2,0.09
176239,Arquitetura de sistemas operacionais,"Machado, Francis B.",Arquitetura de computador,Livro,Biblioteca Setorial Profª. Maria Lúcia da Costa Bezerra - ­CERES­ - Caicó,11,1,0,0,0,1,0.09
186333,Engenharia de software :,"Hirama, Kechi",Engenharia de software,Livro,Biblioteca Setorial Profª. Maria Lúcia da Costa Bezerra - ­CERES­ - Caicó,11,0,1,0,0,1,0.09
208167,Computaçao em nuvem :,"Chee, Brian J.S.",Computação em nuvem,Livro,Biblioteca Setorial Profª. Maria Lúcia da Costa Bezerra - ­CERES­ - Caicó,11,0,1,0,0,1,0.09
182356,Servidores Linux :,"Morimoto, Carlos E.",Linux (Sistema operacional de computador),Livro,Biblioteca Setorial Profª. Maria Lúcia da Costa Bezerra - ­CERES­ - Caicó,10,0,1,0,0,1,0.1
190604,Engineering a compiler,"Cooper, Keith D.",Compiladores (programas de computador),Livro,Biblioteca Setorial Profª. Maria Lúcia da Costa Bezerra - ­CERES­ - Caicó,10,0,1,0,0,1,0.1
191147,O processo unificado explicado,"Scott, Kendall",UML (Linguagem de modelagem padrão),Livro,Biblioteca Setorial Profª. Maria Lúcia da Costa Bezerra - ­CERES­ - Caicó,10,1,0,0,0,1,0.1
192525,The art of multiprocessor programming,"Herlihy, Maurice.",Multiprogramação (computadores),Livro,Biblioteca Setorial Profª. Maria Lúcia da Costa Bezerra - ­CERES­ - Caicó,10,1,0,0,0,1,0.1
202790,Cloud computing :,"Sousa Neto, Manoel Veras de.",Computação em nuvem (Cloud computing),Livro,Biblioteca Setorial Profª. Maria Lúcia da Costa Bezerra - ­CERES­ - Caicó,10,1,0,0,0,1,0.1
204105,Gerenciamento ágil de projeto :,"Highsmith, Jim.",Engenharia de software,Livro,Biblioteca Setorial Profª. Maria Lúcia da Costa Bezerra - ­CERES­ - Caicó,10,0,1,0,0,1,0.1
206117,The internet of things in the cloud :,"Zhou, Honbo.",Internet,Livro,Biblioteca Setorial Profª. Maria Lúcia da Costa Bezerra - ­CERES­ - Caicó,10,1,0,0,0,1,0.1
226048,Modelagem de sistemas orientados a objetos :,"Furgeri, Sérgio.",Métodos orientados a objetos,Livro,Biblioteca Setorial Profª. Maria Lúcia da Costa Bezerra - ­CERES­ - Caicó,10,1,0,0,0,1,0.1
185234,Learning OpenCV :,"Bradski, Gary.",OpenCV,Livro,Biblioteca Setorial Profª. Maria Lúcia da Costa Bezerra - ­CERES­ - Caicó,9,0,0,0,1,1,0.11
206044,Java + Primefaces + Ireport :,"Souza, Thiago Hernandes de.",Desenvolvimento web,Livro,Biblioteca Setorial Profª. Maria Lúcia da Costa Bezerra - ­CERES­ - Caicó,9,0,0,1,0,1,0.11
207432,Linguagens de programação :,"Tucker, Allen B.",Linguagem de programação,Livro,Biblioteca Setorial Profª. Maria Lúcia da Costa Bezerra - ­CERES­ - Caicó,9,0,0,0,1,1,0.11
9333,The design and analysis of computer algorithms,"Aho, Alfred V.,",Algoritmos de computador,Livro,Biblioteca Setorial Profª. Maria Lúcia da Costa Bezerra - ­CERES­ - Caicó,8,0,1,0,0,1,0.12
86033,Algorithm design,"Kleinberg, Jon.",Algorítmos,Livro,Biblioteca Setorial Profª. Maria Lúcia da Costa Bezerra - ­CERES­ - Caicó,8,1,0,0,0,1,0.12
121666,Essential SNMP,"Mauro, Douglas R.",Redes de computação -,Livro,Biblioteca Setorial Profª. Maria Lúcia da Costa Bezerra - ­CERES­ - Caicó,8,0,1,0,0,1,0.12
163568,Datacenter :,"Sousa Neto, Manoel Veras de.",Tecnologia da informação -,Livro,Biblioteca Setorial Profª. Maria Lúcia da Costa Bezerra - ­CERES­ - Caicó,8,1,0,0,0,1,0.12
165760,Engenharia web,"Pressman, Roger S.",Engenharia de software,Livro,Biblioteca Setorial Profª. Maria Lúcia da Costa Bezerra - ­CERES­ - Caicó,16,2,0,0,0,2,0.12
166786,Introdução à ciência da computação com jogos :,"Feijó, Bruno",Jogos por computador,Livro,Biblioteca Setorial Profª. Maria Lúcia da Costa Bezerra - ­CERES­ - Caicó,8,0,1,0,0,1,0.12
171268,Introduction to the theory of computation,"Sipser, Michael.",Teoria da computação,Livro,Biblioteca Setorial Profª. Maria Lúcia da Costa Bezerra - ­CERES­ - Caicó,8,1,0,0,0,1,0.12
190532,Distributed systems :,,Sistemas distribuídos (Computadores),Livro,Biblioteca Setorial Profª. Maria Lúcia da Costa Bezerra - ­CERES­ - Caicó,8,0,1,0,0,1,0.12
190622,Projeto de algoritmos :,"Ziviani, Nivio.",Algoritmos -,Livro,Biblioteca Setorial Profª. Maria Lúcia da Costa Bezerra - ­CERES­ - Caicó,8,0,1,0,0,1,0.12
191925,Arquitetura de sistemas para web com java utilizando design patterns e frameworks,"Teruel, Evandro Carlos.",Java (Linguagem de programação de computador),Livro,Biblioteca Setorial Profª. Maria Lúcia da Costa Bezerra - ­CERES­ - Caicó,8,1,0,0,0,1,0.12
211191,Análise de tráfego em redes TCP/IP :,"Mota Filho, João Eriberto.",TCP/IP (Protocolo de rede de computação),Livro,Biblioteca Setorial Profª. Maria Lúcia da Costa Bezerra - ­CERES­ - Caicó,15,0,2,0,0,2,0.13
231119,Estrutura de dados e técnicas de programação,,Programação (Computadores),Livro,Biblioteca Setorial Profª. Maria Lúcia da Costa Bezerra - ­CERES­ - Caicó,15,0,2,0,0,2,0.13
190887,Scrum em ação :,"Pham, Andrew.",Software -,Livro,Biblioteca Setorial Profª. Maria Lúcia da Costa Bezerra - ­CERES­ - Caicó,7,0,1,0,0,1,0.14
169931,Sistemas operacionais modernos,"Tanenbaum, Andrew S.,",Sistema operacional,Livro,Biblioteca Setorial Profª. Maria Lúcia da Costa Bezerra - ­CERES­ - Caicó,6,0,0,1,0,1,0.17
176256,Hands-on networking with internet technologies,"Comer, Douglas E.",Redes de computadores,Livro,Biblioteca Setorial Profª. Maria Lúcia da Costa Bezerra - ­CERES­ - Caicó,6,0,1,0,0,1,0.17
176599,Desenvolvimento de software com Scrum :,"Cohn, Mike.",Software -,Livro,Biblioteca Setorial Profª. Maria Lúcia da Costa Bezerra - ­CERES­ - Caicó,6,1,0,0,0,1,0.17
180650,"Desenvolvendo aplicações web com JPS, servlets, Javaserver faces, hibernate, EJB 3 persistence e AJAX","Gonçalves, Edson.",Java (Linguagem de programação de computador),Livro,Biblioteca Setorial Profª. Maria Lúcia da Costa Bezerra - ­CERES­ - Caicó,6,0,1,0,0,1,0.17
186306,Agile testing :,"Crispin, Lisa.",Engenharia de software -,Livro,Biblioteca Setorial Profª. Maria Lúcia da Costa Bezerra - ­CERES­ - Caicó,6,0,0,0,1,1,0.17
186323,Agile software requirements :,"Leffingwell, Dean.",Engenharia de software,Livro,Biblioteca Setorial Profª. Maria Lúcia da Costa Bezerra - ­CERES­ - Caicó,6,0,1,0,0,1,0.17
186338,Programando para processadores paralelos :,"Kirk, David,",Programação paralela (Ciência da computação),Livro,Biblioteca Setorial Profª. Maria Lúcia da Costa Bezerra - ­CERES­ - Caicó,6,1,0,0,0,1,0.17
186751,"Systems analysis design, UML version 2.0 :","Dennis, Alan.",Análise de sistemas,Livro,Biblioteca Setorial Profª. Maria Lúcia da Costa Bezerra - ­CERES­ - Caicó,6,1,0,0,0,1,0.17
186770,Decision support and business intelligence systems,"Turban, Efraim.",Sistemas de suporte à decisão,Livro,Biblioteca Setorial Profª. Maria Lúcia da Costa Bezerra - ­CERES­ - Caicó,6,0,0,1,0,1,0.17
186784,R cookbook,"Teetor, Paul,",R (Linguagem de programação de computador),Livro,Biblioteca Setorial Profª. Maria Lúcia da Costa Bezerra - ­CERES­ - Caicó,6,1,0,0,0,1,0.17
190932,Jquery UI :,"Silva, Maurício Samy.",Desenvolvimento web,Livro,Biblioteca Setorial Profª. Maria Lúcia da Costa Bezerra - ­CERES­ - Caicó,6,1,0,0,0,1,0.17
204412,Core JavaServer Faces,"Geary, David M.",Java (Linguagem de programação de computador),Livro,Biblioteca Setorial Profª. Maria Lúcia da Costa Bezerra - ­CERES­ - Caicó,6,1,0,0,0,1,0.17
206059,Cabeamento de rede,"Shimonski, Robert J.",Cabeamento de rede,Livro,Biblioteca Setorial Profª. Maria Lúcia da Costa Bezerra - ­CERES­ - Caicó,6,1,0,0,0,1,0.17
212864,Desmistificando algoritmos,"Cormen, Thomas H.",Algoritmos,Livro,Biblioteca Setorial Profª. Maria Lúcia da Costa Bezerra - ­CERES­ - Caicó,6,1,0,0,0,1,0.17
212867,Segurança de computadores :,"Stallings, William,",Segurança de computadores,Livro,Biblioteca Setorial Profª. Maria Lúcia da Costa Bezerra - ­CERES­ - Caicó,6,0,1,0,0,1,0.17
214083,Introdução à análise forense em redes de computadores :,"Galvão, Ricardo Kléber M.",Redes de computadores -,Livro,Biblioteca Setorial Profª. Maria Lúcia da Costa Bezerra - ­CERES­ - Caicó,6,0,1,0,0,1,0.17
215931,Programação com java :,"Schildt, Herbert,",Linguagem de programação (Computadores),Livro,Biblioteca Setorial Profª. Maria Lúcia da Costa Bezerra - ­CERES­ - Caicó,6,0,1,0,0,1,0.17
218647,Python três :,"Phillips, Dusty.",Infomática,Livro,Biblioteca Setorial Profª. Maria Lúcia da Costa Bezerra - ­CERES­ - Caicó,6,0,1,0,0,1,0.17
226370,The internet of things :,"Hersent, Olivier.",Internet -,Livro,Biblioteca Setorial Profª. Maria Lúcia da Costa Bezerra - ­CERES­ - Caicó,6,1,0,0,0,1,0.17
233056,Infraestrutura Big Data com OpenSource,"Ramos, Atos,",Big data,Livro,Biblioteca Setorial Profª. Maria Lúcia da Costa Bezerra - ­CERES­ - Caicó,6,0,0,1,0,1,0.17
233206,Beginning sensor networks with Arduino and Raspberry Pi,"Bell, Charles A.",Redes de sensores,Livro,Biblioteca Setorial Profª. Maria Lúcia da Costa Bezerra - ­CERES­ - Caicó,6,1,0,0,0,1,0.17
161918,Projeto de algoritmos : com implementações em Java e C++,"Ziviani, Nivio.",Algoritmos de cpomputador,Livro,Biblioteca Setorial Profª. Maria Lúcia da Costa Bezerra - ­CERES­ - Caicó,11,0,1,0,1,2,0.18
167527,Fundamentos de sistemas operacionais,"Silberschatz, Abraham.",Armazenamento de dados,Livro,Biblioteca Setorial Profª. Maria Lúcia da Costa Bezerra - ­CERES­ - Caicó,11,0,1,0,1,2,0.18
176156,Segurança e auditoria em sistemas de informação,"Lyra, Maurício Rocha.",Sistemas de informação -,Livro,Biblioteca Setorial Profª. Maria Lúcia da Costa Bezerra - ­CERES­ - Caicó,11,0,2,0,0,2,0.18
165840,Compreendendo SOA corporativa,"Pulier, Eric.",Informática,Livro,Biblioteca Setorial Profª. Maria Lúcia da Costa Bezerra - ­CERES­ - Caicó,5,0,1,0,0,1,0.2
166216,Estruturas de dados e algoritmos em Java,"Goodrich, Michael T.,",Java (Linguagem de programação de computador),Livro,Biblioteca Setorial Profª. Maria Lúcia da Costa Bezerra - ­CERES­ - Caicó,5,0,0,0,1,1,0.2
177103,Refatoração para padrões,"Kerievsky, Joshua.",Engenharia de software,Livro,Biblioteca Setorial Profª. Maria Lúcia da Costa Bezerra - ­CERES­ - Caicó,10,2,0,0,0,2,0.2
177183,Multi-objective optimization using evolutionary algorithms,"Deb, Kalyanmoy.",Algoritmos,Livro,Biblioteca Setorial Profª. Maria Lúcia da Costa Bezerra - ­CERES­ - Caicó,5,1,0,0,0,1,0.2
177290,Cryptological mathematics,"Lewand, Robert Edward.",Matemática -,Livro,Biblioteca Setorial Profª. Maria Lúcia da Costa Bezerra - ­CERES­ - Caicó,5,1,0,0,0,1,0.2
186276,Modern compiler implementation in C,"Appel, Andrew W.,",C (Linguagem de programação de computador),Livro,Biblioteca Setorial Profª. Maria Lúcia da Costa Bezerra - ­CERES­ - Caicó,5,0,1,0,0,1,0.2
186371,Arduino cookbook,"Margolis, Michael.",Arduino,Livro,Biblioteca Setorial Profª. Maria Lúcia da Costa Bezerra - ­CERES­ - Caicó,5,1,0,0,0,1,0.2
186689,Designing interfaces,"Tidwell, Jenifer.",Interface de usuário -,Livro,Biblioteca Setorial Profª. Maria Lúcia da Costa Bezerra - ­CERES­ - Caicó,5,0,0,0,1,1,0.2
189672,Trust and security in collaborative computing,"Zou, Xukai,",Computadores -,Livro,Biblioteca Setorial Profª. Maria Lúcia da Costa Bezerra - ­CERES­ - Caicó,5,0,1,0,0,1,0.2
191269,O guia essencial do HYML5 :,"Meyer, Jeanine.",HTML (Linguagem de marcação de documento) -,Livro,Biblioteca Setorial Profª. Maria Lúcia da Costa Bezerra - ­CERES­ - Caicó,10,1,1,0,0,2,0.2
192109,Elements of distributed computing,"Garg, Vijay K.",Processamento eletrônico de dados -,Livro,Biblioteca Setorial Profª. Maria Lúcia da Costa Bezerra - ­CERES­ - Caicó,5,1,0,0,0,1,0.2
200481,Artificial intelligence for games,"Millington, Ian.",Inteligência artificial,Livro,Biblioteca Setorial Profª. Maria Lúcia da Costa Bezerra - ­CERES­ - Caicó,5,0,1,0,0,1,0.2
201760,Comércio eletrônico :,"Albertin, Alberto Luiz.",Comércio -,Livro,Biblioteca Setorial Profª. Maria Lúcia da Costa Bezerra - ­CERES­ - Caicó,5,0,0,1,0,1,0.2
203498,Aplicações na nuvem :,"Tonsig, Sérgio Luiz.",Computação em nuvem -,Livro,Biblioteca Setorial Profª. Maria Lúcia da Costa Bezerra - ­CERES­ - Caicó,10,1,1,0,0,2,0.2
204953,Sistemas e software de tempo real,"Shaw, Alan C.,",Engenharia de software,Livro,Biblioteca Setorial Profª. Maria Lúcia da Costa Bezerra - ­CERES­ - Caicó,5,1,0,0,0,1,0.2
206078,Padrões de implementação :,"Beck, Kent.",Linguagem de programação,Livro,Biblioteca Setorial Profª. Maria Lúcia da Costa Bezerra - ­CERES­ - Caicó,10,0,1,0,1,2,0.2
206108,Inovação e automação de testes de software,"Molinari, Leonardo.",Teste de software,Livro,Biblioteca Setorial Profª. Maria Lúcia da Costa Bezerra - ­CERES­ - Caicó,10,1,1,0,0,2,0.2
208028,Advanced FPGA design :,"Kilts, Steve,",FPGA (Campo matrizes de portas programável) -,Livro,Biblioteca Setorial Profª. Maria Lúcia da Costa Bezerra - ­CERES­ - Caicó,5,1,0,0,0,1,0.2
208242,Construindo supercomputadores com linux,"Pitanga, Marcos.",Supercomputadores,Livro,Biblioteca Setorial Profª. Maria Lúcia da Costa Bezerra - ­CERES­ - Caicó,5,1,0,0,0,1,0.2
208796,The basics of cloud computing :,"Rountree, Derrick.",Cloud computing,Livro,Biblioteca Setorial Profª. Maria Lúcia da Costa Bezerra - ­CERES­ - Caicó,5,1,0,0,0,1,0.2
213696,Building internet of things with the arduino,"Doukas, Charalampos.",Internet,Livro,Biblioteca Setorial Profª. Maria Lúcia da Costa Bezerra - ­CERES­ - Caicó,5,1,0,0,0,1,0.2
215659,ITIL :,"Cougo, Paulo Sérgio.",Tecnologia da informação,Livro,Biblioteca Setorial Profª. Maria Lúcia da Costa Bezerra - ­CERES­ - Caicó,25,1,2,1,1,5,0.2
226373,Designing the internet of things,"McEwen, Adrian.",Internet -,Livro,Biblioteca Setorial Profª. Maria Lúcia da Costa Bezerra - ­CERES­ - Caicó,5,1,0,0,0,1,0.2
227060,Data Centers :,"Marin, Paulo Sérgio.",Redes de computação,Livro,Biblioteca Setorial Profª. Maria Lúcia da Costa Bezerra - ­CERES­ - Caicó,10,2,0,0,0,2,0.2
231142,Inteligência artificial,"Lima, Isaías.",Inteligencia artificial,Livro,Biblioteca Setorial Profª. Maria Lúcia da Costa Bezerra - ­CERES­ - Caicó,15,2,0,0,1,3,0.2
238956,Lógica e design de programação :,"Farrell, Joyce,",Programação lógica (Computação),Livro,Biblioteca Setorial Profª. Maria Lúcia da Costa Bezerra - ­CERES­ - Caicó,10,0,1,1,0,2,0.2
214080,Wireshark :,"Shimonski, Robert.",Wireshark,Livro,Biblioteca Setorial Profª. Maria Lúcia da Costa Bezerra - ­CERES­ - Caicó,9,0,2,0,0,2,0.22
207167,Arquitetura de nuvem :,"Sousa Neto, Manoel Veras de.",Arquitetura de nuvem,Livro,Biblioteca Setorial Profª. Maria Lúcia da Costa Bezerra - ­CERES­ - Caicó,13,3,0,0,0,3,0.23
130033,Redes de computadores,"Tanenbaum, Andrew S.,",Redes de computadores,Livro,Biblioteca Setorial Profª. Maria Lúcia da Costa Bezerra - ­CERES­ - Caicó,12,2,1,0,0,3,0.25
162308,Redes e sistemas de comunicação de dados :,"Stallings, William,",Comércio eletrônico,Livro,Biblioteca Setorial Profª. Maria Lúcia da Costa Bezerra - ­CERES­ - Caicó,8,2,0,0,0,2,0.25
165682,Redes neurais :,"Ludwig Junior, Oswaldo.",Inteligência artificial,Livro,Biblioteca Setorial Profª. Maria Lúcia da Costa Bezerra - ­CERES­ - Caicó,8,1,0,0,1,2,0.25
166730,Projeto de banco de dados,"Heuser, Carlos Alberto.",Banco de dados,Livro,Biblioteca Setorial Profª. Maria Lúcia da Costa Bezerra - ­CERES­ - Caicó,8,2,0,0,0,2,0.25
171421,C traps and pitfalls,"Koenig, Andrew.",C (Linguagem de programação de computador),Livro,Biblioteca Setorial Profª. Maria Lúcia da Costa Bezerra - ­CERES­ - Caicó,4,0,1,0,0,1,0.25
171874,Estruturas de dados,"Edelweiss, Nina.",Estruturas de dados,Livro,Biblioteca Setorial Profª. Maria Lúcia da Costa Bezerra - ­CERES­ - Caicó,8,1,1,0,0,2,0.25
176251,Algoritmos :,"Heineman, Goorge T.",Algoritmos de computador,Livro,Biblioteca Setorial Profª. Maria Lúcia da Costa Bezerra - ­CERES­ - Caicó,8,0,2,0,0,2,0.25
176892,Algorithms and data structures :,"Baldwin, Douglas.",Algoritmos,Livro,Biblioteca Setorial Profª. Maria Lúcia da Costa Bezerra - ­CERES­ - Caicó,4,1,0,0,0,1,0.25
186160,Como quebrar códigos :,"Hoglund, Greg.",Computadores,Livro,Biblioteca Setorial Profª. Maria Lúcia da Costa Bezerra - ­CERES­ - Caicó,4,0,1,0,0,1,0.25
186606,Handbook of research on text and Web mining techologies,"Song, Min,",Mineração de dados (Computação),Livro,Biblioteca Setorial Profª. Maria Lúcia da Costa Bezerra - ­CERES­ - Caicó,4,0,1,0,0,1,0.25
186746,Structure and interpretation of computer programs,"Abelson, Harold.",Programação de computadores,Livro,Biblioteca Setorial Profª. Maria Lúcia da Costa Bezerra - ­CERES­ - Caicó,4,0,1,0,0,1,0.25
186785,21 recipes for mining twitter,"Russell, Matthew A.",Mineração de dados (Computação),Livro,Biblioteca Setorial Profª. Maria Lúcia da Costa Bezerra - ­CERES­ - Caicó,8,1,1,0,0,2,0.25
186871,Computer vision :,"Forsyth, David.",Visão computacional,Livro,Biblioteca Setorial Profª. Maria Lúcia da Costa Bezerra - ­CERES­ - Caicó,4,0,1,0,0,1,0.25
188821,Design games :,"Schuytema, Paul",Jogos por computador,Livro,Biblioteca Setorial Profª. Maria Lúcia da Costa Bezerra - ­CERES­ - Caicó,8,1,0,0,1,2,0.25
190618,Engenharia de software na prática,"Engholm Jr., Hélio.",Engenharia de software,Livro,Biblioteca Setorial Profª. Maria Lúcia da Costa Bezerra - ­CERES­ - Caicó,8,1,1,0,0,2,0.25
194459,Linux kernel development,"Love, Robert,",Linux (Sistema operacional de computador),Livro,Biblioteca Setorial Profª. Maria Lúcia da Costa Bezerra - ­CERES­ - Caicó,8,0,2,0,0,2,0.25
207577,Distributed systems :,"Ghosh, Sukumar.",Sistemas distribuídos,Livro,Biblioteca Setorial Profª. Maria Lúcia da Costa Bezerra - ­CERES­ - Caicó,4,1,0,0,0,1,0.25
215936,Redes de computadores :,"Schmitt, Marcelo Augusto Rauh.",Ciência da computação,Livro,Biblioteca Setorial Profª. Maria Lúcia da Costa Bezerra - ­CERES­ - Caicó,8,2,0,0,0,2,0.25
128395,Inteligência artificial,"Russell, Stuart J.",Inteligencia artificial,Livro,Biblioteca Setorial Profª. Maria Lúcia da Costa Bezerra - ­CERES­ - Caicó,7,0,0,2,0,2,0.29
249778,AngularJS :,"Pereira, Michael Henrique R.",JavaScript (Linguagem de programação de computador),Livro,Biblioteca Setorial Profª. Maria Lúcia da Costa Bezerra - ­CERES­ - Caicó,7,2,0,0,0,2,0.29
165298,Criptografia e segurança de redes :,"Stallings, William,",Criptografia,Livro,Biblioteca Setorial Profª. Maria Lúcia da Costa Bezerra - ­CERES­ - Caicó,10,1,1,1,0,3,0.3
211193,IPv6 :,"Brito, Samuel Henrique Bucke.",IPv6 (Protocolo de internet),Livro,Biblioteca Setorial Profª. Maria Lúcia da Costa Bezerra - ­CERES­ - Caicó,10,2,1,0,0,3,0.3
219611,Redes de computadores :,"Peterson, Larry L.",Redes de computadores,Livro,Biblioteca Setorial Profª. Maria Lúcia da Costa Bezerra - ­CERES­ - Caicó,10,1,1,0,1,3,0.3
208309,Introdução à linguagem de programação python,"Alves, Fábio Junior.",Python (Linguagem de programação de computador),Livro,Biblioteca Setorial Profª. Maria Lúcia da Costa Bezerra - ­CERES­ - Caicó,13,2,1,0,1,4,0.31
85306,Padrões de projeto :,,Projeto de programas (Computação),Livro,Biblioteca Setorial Profª. Maria Lúcia da Costa Bezerra - ­CERES­ - Caicó,6,1,0,1,0,2,0.33
119483,Introdução às redes neurais construtivas,"Palma Neto, Luiz Garcia,",Rede neural (Ciência da Computação),Livro,Biblioteca Setorial Profª. Maria Lúcia da Costa Bezerra - ­CERES­ - Caicó,3,1,0,0,0,1,0.33
126182,Emergência :,"Johnson, Steven.",Inteligência artificial,Livro,Biblioteca Setorial Profª. Maria Lúcia da Costa Bezerra - ­CERES­ - Caicó,3,1,0,0,0,1,0.33
133834,Fundamentos da programação de computadores :,"Ascencio, Ana Fernanda Gomes.",Programação (Computadores),Livro,Biblioteca Setorial Profª. Maria Lúcia da Costa Bezerra - ­CERES­ - Caicó,9,1,2,0,0,3,0.33
166743,Introdução ao teste de software,,Software -,Livro,Biblioteca Setorial Profª. Maria Lúcia da Costa Bezerra - ­CERES­ - Caicó,9,3,0,0,0,3,0.33
167838,Processamento digital de imagens,"Gonzalez, Rafael C.",Processamento de imagens -,Livro,Biblioteca Setorial Profª. Maria Lúcia da Costa Bezerra - ­CERES­ - Caicó,3,1,0,0,0,1,0.33
169164,Interligação em rede com TCP/IP,"Comer, Douglas.",TCP/IP (Protocolos de redes de computadores),Livro,Biblioteca Setorial Profª. Maria Lúcia da Costa Bezerra - ­CERES­ - Caicó,15,1,4,0,0,5,0.33
173753,Política de segurança de informações :,"Albertin, Alberto Luiz.",Sistemas de informação -,Livro,Biblioteca Setorial Profª. Maria Lúcia da Costa Bezerra - ­CERES­ - Caicó,3,1,0,0,0,1,0.33
176600,O programador pragmático :,"Hunt, Andrew.",Programação (Computadores),Livro,Biblioteca Setorial Profª. Maria Lúcia da Costa Bezerra - ­CERES­ - Caicó,6,0,1,0,1,2,0.33
177166,Desenvolvimento para web com java,"Araújo, Everton Coimbra de.",Java (Linguagem de programação de computador),Livro,Biblioteca Setorial Profª. Maria Lúcia da Costa Bezerra - ­CERES­ - Caicó,3,0,1,0,0,1,0.33
178165,O que é o virtual ?,"Lévy, Pierre,",Tecnologia da Informação,Livro,Biblioteca Setorial Profª. Maria Lúcia da Costa Bezerra - ­CERES­ - Caicó,3,0,1,0,0,1,0.33
178948,Data clustering :,"Gan, Goujun.",Tratamento de dados (Data mining),Livro,Biblioteca Setorial Profª. Maria Lúcia da Costa Bezerra - ­CERES­ - Caicó,3,0,0,0,1,1,0.33
178971,Computational methods of feature selection,,Tratamento de dados (Data mining),Livro,Biblioteca Setorial Profª. Maria Lúcia da Costa Bezerra - ­CERES­ - Caicó,6,1,1,0,0,2,0.33
180561,Segurança de redes em ambientes cooperativos,"Nakamura, Emilio Tissato,",Redes de computação -,Livro,Biblioteca Setorial Profª. Maria Lúcia da Costa Bezerra - ­CERES­ - Caicó,3,0,1,0,0,1,0.33
184305,Perícia forense computacional :,"Farmer, Dan.",Crime por computador,Livro,Biblioteca Setorial Profª. Maria Lúcia da Costa Bezerra - ­CERES­ - Caicó,3,1,0,0,0,1,0.33
186413,Spectral feature selection for data mining,"Zhao, Zheng",Mineração de dados,Livro,Biblioteca Setorial Profª. Maria Lúcia da Costa Bezerra - ­CERES­ - Caicó,3,0,1,0,0,1,0.33
186470,Introduction to game AI,"Kirby, Neil.",Jogos por computador,Livro,Biblioteca Setorial Profª. Maria Lúcia da Costa Bezerra - ­CERES­ - Caicó,3,0,0,0,1,1,0.33
186546,Green and ecological technologies for urban planning :,"Ercoskun, Ozge Yalciner,",Planejamento urbano -,Livro,Biblioteca Setorial Profª. Maria Lúcia da Costa Bezerra - ­CERES­ - Caicó,3,0,1,0,0,1,0.33
186655,Heuristic search :,"Edelkamp, Stefan.",Algoritmos heurísticos,Livro,Biblioteca Setorial Profª. Maria Lúcia da Costa Bezerra - ­CERES­ - Caicó,3,1,0,0,0,1,0.33
186862,The clean coder :,"Martin, Robert C.",Programação de computadores,Livro,Biblioteca Setorial Profª. Maria Lúcia da Costa Bezerra - ­CERES­ - Caicó,3,1,0,0,0,1,0.33
186866,Biometria nos Sistemas computacionais :,"Pinheiro, José Maurício.",Biometria,Livro,Biblioteca Setorial Profª. Maria Lúcia da Costa Bezerra - ­CERES­ - Caicó,3,1,0,0,0,1,0.33
186867,Inteligência analítica :,"Pinheiro, Carlos André Reis.",Tratamento de dados,Livro,Biblioteca Setorial Profª. Maria Lúcia da Costa Bezerra - ­CERES­ - Caicó,3,1,0,0,0,1,0.33
188980,Linux :,"Hunt, Craig.",Linux (Sistema operacional de computador),Livro,Biblioteca Setorial Profª. Maria Lúcia da Costa Bezerra - ­CERES­ - Caicó,9,2,1,0,0,3,0.33
189185,Complexidade de algoritmos :,"Toscani, Laira Vieira.",Algoritmos de computador,Livro,Biblioteca Setorial Profª. Maria Lúcia da Costa Bezerra - ­CERES­ - Caicó,12,2,2,0,0,4,0.33
189190,Python programming for the absolute beginner,"Dawson, David M.",Python (Linguagem de programação de computador),Livro,Biblioteca Setorial Profª. Maria Lúcia da Costa Bezerra - ­CERES­ - Caicó,6,2,0,0,0,2,0.33
190938,Exploring everyday things with R and Ruby,"Chang, Sau Sheong.",R (Linguagem de programação de computador),Livro,Biblioteca Setorial Profª. Maria Lúcia da Costa Bezerra - ­CERES­ - Caicó,3,1,0,0,0,1,0.33
191076,Jquery mobile :,"Silva, Maurício Samy,",Sites da Web -,Livro,Biblioteca Setorial Profª. Maria Lúcia da Costa Bezerra - ­CERES­ - Caicó,3,1,0,0,0,1,0.33
191259,Informática na empresa,"Santos, Aldemar de Araújo.",Administração de empresas -,Livro,Biblioteca Setorial Profª. Maria Lúcia da Costa Bezerra - ­CERES­ - Caicó,3,1,0,0,0,1,0.33
194180,Think python,"Downey, Allen B.",Python (Linguagem de programação),Livro,Biblioteca Setorial Profª. Maria Lúcia da Costa Bezerra - ­CERES­ - Caicó,6,0,0,0,2,2,0.33
194366,Android cookbook,"Darwin, Ian F.",Android -,Livro,Biblioteca Setorial Profª. Maria Lúcia da Costa Bezerra - ­CERES­ - Caicó,3,0,0,0,1,1,0.33
200932,Itil® :,,Tecnologia da informação -,Livro,Biblioteca Setorial Profª. Maria Lúcia da Costa Bezerra - ­CERES­ - Caicó,15,1,2,1,1,5,0.33
201315,Gerenciando privilégios em tecnologia da informação :,"Mutch, John.",Computadores -,Livro,Biblioteca Setorial Profª. Maria Lúcia da Costa Bezerra - ­CERES­ - Caicó,3,0,1,0,0,1,0.33
201549,C++ eficaz :,"Meyers, Scott.",C# (Linguagem de programação de computador),Livro,Biblioteca Setorial Profª. Maria Lúcia da Costa Bezerra - ­CERES­ - Caicó,3,0,1,0,0,1,0.33
201600,Desenvolvendo com C#,"Galuppo, Fabio.",C# (Linguagem de programação de computador),Livro,Biblioteca Setorial Profª. Maria Lúcia da Costa Bezerra - ­CERES­ - Caicó,3,1,0,0,0,1,0.33
203484,Tecnologia e projeto de data warehouse :,"Machado, Felipe Ney Rodrigues.",Armazenamento de dados,Livro,Biblioteca Setorial Profª. Maria Lúcia da Costa Bezerra - ­CERES­ - Caicó,3,1,0,0,0,1,0.33
204408,Data insights :,"Whitney, Hunter.",visualização de dados,Livro,Biblioteca Setorial Profª. Maria Lúcia da Costa Bezerra - ­CERES­ - Caicó,3,1,0,0,0,1,0.33
206077,Modelagem conceitual e projeto de banco de dados,"Cougo, Paulo.",Banco de dados -,Livro,Biblioteca Setorial Profª. Maria Lúcia da Costa Bezerra - ­CERES­ - Caicó,3,1,0,0,0,1,0.33
207163,Fundamentos da ciência da computação,"Forouzan, Behrouz.",Ciência da computação -,Livro,Biblioteca Setorial Profª. Maria Lúcia da Costa Bezerra - ­CERES­ - Caicó,3,1,0,0,0,1,0.33
208228,Inteligência artificial :,"Artero, Almir Olivette",Inteligência artificial,Livro,Biblioteca Setorial Profª. Maria Lúcia da Costa Bezerra - ­CERES­ - Caicó,3,0,0,1,0,1,0.33
208362,"Desenvolvimento ágil em java com spring , hibernate e eclipse","Hemrajani, Anil.",Java -,Livro,Biblioteca Setorial Profª. Maria Lúcia da Costa Bezerra - ­CERES­ - Caicó,3,1,0,0,0,1,0.33
208471,Excel avançado 2003/2007 forecast :,"Gonçalves, Fábio.",Excel,Livro,Biblioteca Setorial Profª. Maria Lúcia da Costa Bezerra - ­CERES­ - Caicó,3,0,1,0,0,1,0.33
211681,Bad data handbook,"McCallum, Q. Ethan.",Tratamento de dados (Computação),Livro,Biblioteca Setorial Profª. Maria Lúcia da Costa Bezerra - ­CERES­ - Caicó,3,1,0,0,0,1,0.33
211683,Understanding computation,"Stuart, Tom.",Teoria da computação,Livro,Biblioteca Setorial Profª. Maria Lúcia da Costa Bezerra - ­CERES­ - Caicó,3,1,0,0,0,1,0.33
211885,Web segura :,"Hope, Paco.",Redes de computadores -,Livro,Biblioteca Setorial Profª. Maria Lúcia da Costa Bezerra - ­CERES­ - Caicó,3,1,0,0,0,1,0.33
211948,Numpy cookbook :,"Idris, Ivan.",Python (Linguagem de programação de computador),Livro,Biblioteca Setorial Profª. Maria Lúcia da Costa Bezerra - ­CERES­ - Caicó,3,0,0,0,1,1,0.33
211950,Big data analytics :,"Sathi, Arvind.",Tratamento de dados (Data mining),Livro,Biblioteca Setorial Profª. Maria Lúcia da Costa Bezerra - ­CERES­ - Caicó,3,0,0,0,1,1,0.33
211956,Visualize isto :,"Yau, Nathan.",Visualização de dados,Livro,Biblioteca Setorial Profª. Maria Lúcia da Costa Bezerra - ­CERES­ - Caicó,3,1,0,0,0,1,0.33
214074,Introdução ao web hacking :,"Pauli, Josh.",Web hacking,Livro,Biblioteca Setorial Profª. Maria Lúcia da Costa Bezerra - ­CERES­ - Caicó,3,0,1,0,0,1,0.33
215664,Qualidade de software na prática :,"Sampaio, Cleuton.",Informática,Livro,Biblioteca Setorial Profª. Maria Lúcia da Costa Bezerra - ­CERES­ - Caicó,3,1,0,0,0,1,0.33
215665,Sistemas comerciais :,"Viana, Marco Polo Monteiro.",Programação de computador,Livro,Biblioteca Setorial Profª. Maria Lúcia da Costa Bezerra - ­CERES­ - Caicó,3,1,0,0,0,1,0.33
218765,Web resign responsivo,"Silva, Maurício Samy.",Informática,Livro,Biblioteca Setorial Profª. Maria Lúcia da Costa Bezerra - ­CERES­ - Caicó,3,0,0,0,1,1,0.33
227627,Tecnologia e projeto de data warehouse  :,"Machado, Felipe Nery Rodrigues.",Armazenamento de dados,Livro,Biblioteca Setorial Profª. Maria Lúcia da Costa Bezerra - ­CERES­ - Caicó,3,0,1,0,0,1,0.33
233057,Android para iniciantes com eclipse :,"Brito, Robison Cris,",Android (Recurso eletrônico),Livro,Biblioteca Setorial Profª. Maria Lúcia da Costa Bezerra - ­CERES­ - Caicó,3,0,0,1,0,1,0.33
233058,Desenvolvimento de sistemas de aquisição de dados sem fio,"Jucá, Sandro,",Sistemas de comunicação sem fio,Livro,Biblioteca Setorial Profª. Maria Lúcia da Costa Bezerra - ­CERES­ - Caicó,3,1,0,0,0,1,0.33
233204,Business intelligence :,"Santos, Maribel Yasmina,",Tecnologia da Informação,Livro,Biblioteca Setorial Profª. Maria Lúcia da Costa Bezerra - ­CERES­ - Caicó,3,1,0,0,0,1,0.33
235196,Programação linear e fluxo em redes,"Goldbarg, Marco Cesar.",Linguagem de programação (Computadores),Livro,Biblioteca Setorial Profª. Maria Lúcia da Costa Bezerra - ­CERES­ - Caicó,3,1,0,0,0,1,0.33
237765,Arquitetura de sistemas operacionais,"Machado, Francis B.",Arquitetura de computador,Livro,Biblioteca Setorial Profª. Maria Lúcia da Costa Bezerra - ­CERES­ - Caicó,3,1,0,0,0,1,0.33
238628,Manual de implantação da nota fiscal eletrônica,"Mouta, Albert Eije Barreto,",Notas fiscais eletrônicas,Livro,Biblioteca Setorial Profª. Maria Lúcia da Costa Bezerra - ­CERES­ - Caicó,3,1,0,0,0,1,0.33
238830,Desenvolvendo web components,"Overson, Jarrod,",Linguagem de programação (Computadores),Livro,Biblioteca Setorial Profª. Maria Lúcia da Costa Bezerra - ­CERES­ - Caicó,3,0,0,0,1,1,0.33
241948,Python fluente :,"Ramalho, Luciano.",Python (Linguagem de programação),Livro,Biblioteca Setorial Profª. Maria Lúcia da Costa Bezerra - ­CERES­ - Caicó,3,0,1,0,0,1,0.33
245382,C++ moderno e eficaz,"Meyers, Scott,",C++ (Linguagem de programação de computador),Livro,Biblioteca Setorial Profª. Maria Lúcia da Costa Bezerra - ­CERES­ - Caicó,3,0,1,0,0,1,0.33
245389,Modelagem de sistemas orientados a objetos :,"Furgeri, Sérgio,",Métodos orientados a objetos (Computação),Livro,Biblioteca Setorial Profª. Maria Lúcia da Costa Bezerra - ­CERES­ - Caicó,3,1,0,0,0,1,0.33
247062,Doing bayesian data analysis :,"kruschke, John K.",Linguagem de programação (Computadores),Livro,Biblioteca Setorial Profª. Maria Lúcia da Costa Bezerra - ­CERES­ - Caicó,3,1,0,0,0,1,0.33
247100,Serious Games :,,Games -,Livro,Biblioteca Setorial Profª. Maria Lúcia da Costa Bezerra - ­CERES­ - Caicó,3,1,0,0,0,1,0.33
247102,Data preprocessing in Data Mining,"García, Salvador,",Estruturas de dados (Computação),Livro,Biblioteca Setorial Profª. Maria Lúcia da Costa Bezerra - ­CERES­ - Caicó,3,1,0,0,0,1,0.33
247103,Genetic Algorithm essentials,"Kramer, Oliver.",Algoritmos genéticos,Livro,Biblioteca Setorial Profª. Maria Lúcia da Costa Bezerra - ­CERES­ - Caicó,3,0,1,0,0,1,0.33
247163,Matlab :,"Lopez, César Pérez.",Linguagens de programação de computadores -,Livro,Biblioteca Setorial Profª. Maria Lúcia da Costa Bezerra - ­CERES­ - Caicó,3,1,0,0,0,1,0.33
247165,Matlab recipes :,"Paluszek, Michael.",Linguagens de programação de computador -,Livro,Biblioteca Setorial Profª. Maria Lúcia da Costa Bezerra - ­CERES­ - Caicó,3,1,0,0,0,1,0.33
247506,Outlier Analysis,"Aggarwal, Charu C.",Mineração de dados (Computação),Livro,Biblioteca Setorial Profª. Maria Lúcia da Costa Bezerra - ­CERES­ - Caicó,3,1,0,0,0,1,0.33
247750,Metaheuristics,,Programação de produção -,Livro,Biblioteca Setorial Profª. Maria Lúcia da Costa Bezerra - ­CERES­ - Caicó,3,1,0,0,0,1,0.33
249659,O algoritmo mestre :,"Domingos, Pedro.",Algoritmos de computador,Livro,Biblioteca Setorial Profª. Maria Lúcia da Costa Bezerra - ­CERES­ - Caicó,6,0,0,1,1,2,0.33
249784,Estruturas de dados e algoritmos em Javascript :,"Groner, Loiane.",Java (Linguagem de programação de computador),Livro,Biblioteca Setorial Profª. Maria Lúcia da Costa Bezerra - ­CERES­ - Caicó,3,0,0,1,0,1,0.33
249789,Web Services REStful :,"Lecheta, Ricardo R.",Computação em nuvem,Livro,Biblioteca Setorial Profª. Maria Lúcia da Costa Bezerra - ­CERES­ - Caicó,3,0,1,0,0,1,0.33
249799,Ferramentas essenciais para desenvolvedores PHP :,"Russell, Chad.",PHP (Linguagem de programação de computador),Livro,Biblioteca Setorial Profª. Maria Lúcia da Costa Bezerra - ­CERES­ - Caicó,3,1,0,0,0,1,0.33
249801,Desenvolvimento de grandes aplicações Web :,"Loudon, Kyle.",Internet (Redes de computação),Livro,Biblioteca Setorial Profª. Maria Lúcia da Costa Bezerra - ­CERES­ - Caicó,3,1,0,0,0,1,0.33
252117,Problem solving with algorithms and data structures using Python,"Miller, Bradley N.",Python (linguagem de programação de computador),Livro,Biblioteca Setorial Profª. Maria Lúcia da Costa Bezerra - ­CERES­ - Caicó,3,0,1,0,0,1,0.33
256362,Programando com Kotlin:,"Samuel, Stephen.",Linguagem de programação (Computadores),Livro,Biblioteca Setorial Profª. Maria Lúcia da Costa Bezerra - ­CERES­ - Caicó,3,0,0,0,1,1,0.33
171850,Digital image processing,"Gonzalez, Rafael C.",Processamento de imagens -,Livro,Biblioteca Setorial Profª. Maria Lúcia da Costa Bezerra - ­CERES­ - Caicó,8,3,0,0,0,3,0.38
206405,Estruturas de dados e algoritmos em Java,"Goodrich, Michael T.",Java (Linguagem de programação de computador),Livro,Biblioteca Setorial Profª. Maria Lúcia da Costa Bezerra - ­CERES­ - Caicó,8,2,1,0,0,3,0.38
136649,Algorithms in C,"Sedgewick, Robert,",Algoritmos,Livro,Biblioteca Setorial Profª. Maria Lúcia da Costa Bezerra - ­CERES­ - Caicó,18,2,4,1,0,7,0.39
176259,"Introduction to automata theory, languages, and computation","Hopcroft, John E.,",Teoria dos autômatos,Livro,Biblioteca Setorial Profª. Maria Lúcia da Costa Bezerra - ­CERES­ - Caicó,5,2,0,0,0,2,0.4
178512,Machine learning :,"Marsland, Stephen.",Aprendizado de máquina,Livro,Biblioteca Setorial Profª. Maria Lúcia da Costa Bezerra - ­CERES­ - Caicó,5,1,0,0,1,2,0.4
180178,Java 7 :,"Furgeri, Sérgio.",Java (Linguagem de programação de computador),Livro,Biblioteca Setorial Profª. Maria Lúcia da Costa Bezerra - ­CERES­ - Caicó,5,0,2,0,0,2,0.4
190614,Designing with the mind in mind :,"Johnson, Jeff,",Interfaces de usuário (sistemas de computador),Livro,Biblioteca Setorial Profª. Maria Lúcia da Costa Bezerra - ­CERES­ - Caicó,5,1,1,0,0,2,0.4
191905,Sistemas operacionais,"Deitel, Harvey M.,",Sistemas operacionais (Computadores),Livro,Biblioteca Setorial Profª. Maria Lúcia da Costa Bezerra - ­CERES­ - Caicó,5,2,0,0,0,2,0.4
192032,Speech and language processing :,"Jurafsky, Dan,",Processamento de linguagem natural (Computação),Livro,Biblioteca Setorial Profª. Maria Lúcia da Costa Bezerra - ­CERES­ - Caicó,5,1,1,0,0,2,0.4
203494,Real-time collision detection,"Ericson, Christer.",Detecção de colisão,Livro,Biblioteca Setorial Profª. Maria Lúcia da Costa Bezerra - ­CERES­ - Caicó,5,0,1,0,1,2,0.4
204410,Advanced digital design with the Verilog HDL,"Ciletti, Michael D.",Sistema embarcado,Livro,Biblioteca Setorial Profª. Maria Lúcia da Costa Bezerra - ­CERES­ - Caicó,5,2,0,0,0,2,0.4
215703,Learn Python the hard way :,"Shaw, Zed",Python (Linguagem de programação de computador),Livro,Biblioteca Setorial Profª. Maria Lúcia da Costa Bezerra - ­CERES­ - Caicó,5,1,0,0,1,2,0.4
226360,Análise e projeto de sistemas,"Dennis, Alan,",Projeto de sistemas,Livro,Biblioteca Setorial Profª. Maria Lúcia da Costa Bezerra - ­CERES­ - Caicó,10,0,1,1,2,4,0.4
233205,The Internet of things :,,Dispositivos de Internet,Livro,Biblioteca Setorial Profª. Maria Lúcia da Costa Bezerra - ­CERES­ - Caicó,5,1,0,0,1,2,0.4
234322,Beginning C++ through game programming,"Dawson, David M.",C++ (Linguagem de programação de computador),Livro,Biblioteca Setorial Profª. Maria Lúcia da Costa Bezerra - ­CERES­ - Caicó,5,1,1,0,0,2,0.4
247104,Combining pattern classifiers :,"Kuncheva, Ludmila I.",Sistema de reconhecimento de padrões,Livro,Biblioteca Setorial Profª. Maria Lúcia da Costa Bezerra - ­CERES­ - Caicó,5,0,1,1,0,2,0.4
99061,Informática para concursos,"França, Jadiel",Informática,Livro,Biblioteca Setorial Profª. Maria Lúcia da Costa Bezerra - ­CERES­ - Caicó,7,1,2,0,0,3,0.43
165817,Programação Java com ênfase em orientação a objetos,"Mendes, Douglas Rocha,",Java (Linguagem de programação de computador),Livro,Biblioteca Setorial Profª. Maria Lúcia da Costa Bezerra - ­CERES­ - Caicó,7,0,1,2,0,3,0.43
168844,Estudo dirigido de informática básica,"Manzano, André Luiz N. G.",Informática,Livro,Biblioteca Setorial Profª. Maria Lúcia da Costa Bezerra - ­CERES­ - Caicó,18,0,7,0,1,8,0.44
214395,Python cookbook,"Beazley, David M.",Python (Linguagem de programação de computador),Livro,Biblioteca Setorial Profª. Maria Lúcia da Costa Bezerra - ­CERES­ - Caicó,9,3,0,0,1,4,0.44
225861,Administração de servidores linux,"Ramos, Atos.",Programação de computador,Livro,Biblioteca Setorial Profª. Maria Lúcia da Costa Bezerra - ­CERES­ - Caicó,20,6,3,0,0,9,0.45
167525,Java :,"Deitel, Paul J.,",Java (Linguagem de programação de computador),Livro,Biblioteca Setorial Profª. Maria Lúcia da Costa Bezerra - ­CERES­ - Caicó,13,3,0,0,3,6,0.46
229294,Fundamentos da privacidade digital :,"Cherry, Denny.",Processamento de dados,Livro,Biblioteca Setorial Profª. Maria Lúcia da Costa Bezerra - ­CERES­ - Caicó,15,4,3,0,0,7,0.47
36605,Computer graphics :,,Computação gráfica,Livro,Biblioteca Setorial Profª. Maria Lúcia da Costa Bezerra - ­CERES­ - Caicó,4,2,0,0,0,2,0.5
88176,Machine learning,"Mitchell, Tom M.",Algoritmos,Livro,Biblioteca Setorial Profª. Maria Lúcia da Costa Bezerra - ­CERES­ - Caicó,8,2,2,0,0,4,0.5
128238,Usabilidade na Web :,"Nielsen, Jakob.",Internet (Redes de computação),Livro,Biblioteca Setorial Profª. Maria Lúcia da Costa Bezerra - ­CERES­ - Caicó,6,2,1,0,0,3,0.5
134399,YouTube e a revolução digital :,"Burgess, Jean.",YouTube (Recurso eletrônico),Livro,Biblioteca Setorial Profª. Maria Lúcia da Costa Bezerra - ­CERES­ - Caicó,2,0,1,0,0,1,0.5
165173,Sistemas distribuídos :,"Tanenbaum, Andrew S.,",Sistemas operacionais distribuídos (Computadores),Livro,Biblioteca Setorial Profª. Maria Lúcia da Costa Bezerra - ­CERES­ - Caicó,16,1,3,4,0,8,0.5
166809,Análise e projeto de sistemas de informação orientados a objetos,"Wazlawick, Raul Sidnei.",Programação orientada a objetos (Computação),Livro,Biblioteca Setorial Profª. Maria Lúcia da Costa Bezerra - ­CERES­ - Caicó,8,2,0,0,2,4,0.5
168003,Reinforcement learning :,"Sutton, Richard S.",Aprendizado do computador,Livro,Biblioteca Setorial Profª. Maria Lúcia da Costa Bezerra - ­CERES­ - Caicó,4,2,0,0,0,2,0.5
169260,Engenharia de software :,"Pfleeger, Shari Lawrence.",Engenharia de software,Livro,Biblioteca Setorial Profª. Maria Lúcia da Costa Bezerra - ­CERES­ - Caicó,20,7,2,1,0,10,0.5
170147,How to design programs :,,Programação (Computadores),Livro,Biblioteca Setorial Profª. Maria Lúcia da Costa Bezerra - ­CERES­ - Caicó,4,0,1,0,1,2,0.5
171168,Fundamentals of computer graphics,"Shirley, Peter,",Computação gráfica,Livro,Biblioteca Setorial Profª. Maria Lúcia da Costa Bezerra - ­CERES­ - Caicó,4,2,0,0,0,2,0.5
171664,Lógica de programação e estruturas de dados com aplicações java,"Puga, Sandra.",Lógica de programação,Livro,Biblioteca Setorial Profª. Maria Lúcia da Costa Bezerra - ­CERES­ - Caicó,2,0,1,0,0,1,0.5
176254,Segurança de dados :,"Terada, Routo.",Segurança de dados,Livro,Biblioteca Setorial Profª. Maria Lúcia da Costa Bezerra - ­CERES­ - Caicó,6,1,2,0,0,3,0.5
176590,Desenvolvimento de aplicações Android,,Android (Sistema operacional) -,Livro,Biblioteca Setorial Profª. Maria Lúcia da Costa Bezerra - ­CERES­ - Caicó,2,0,1,0,0,1,0.5
180911,A arte do desenvolvimento ágil,"Shore, James.",Software -,Livro,Biblioteca Setorial Profª. Maria Lúcia da Costa Bezerra - ­CERES­ - Caicó,6,0,3,0,0,3,0.5
181123,Self-adaptive systems for machine intelligence,"He, Haibo,",Aprendizado do computador,Livro,Biblioteca Setorial Profª. Maria Lúcia da Costa Bezerra - ­CERES­ - Caicó,2,0,1,0,0,1,0.5
185024,Use a cabeça! Programação,"Barry, Paul.",Programação (Computadores),Livro,Biblioteca Setorial Profª. Maria Lúcia da Costa Bezerra - ­CERES­ - Caicó,10,1,1,0,3,5,0.5
186541,Intelligent and adaptive learning systems :,,Sistemas operacionais -,Livro,Biblioteca Setorial Profª. Maria Lúcia da Costa Bezerra - ­CERES­ - Caicó,2,1,0,0,0,1,0.5
186555,Refining current practices in mobile and blended learning :,"Parsons, David,",Educação -,Livro,Biblioteca Setorial Profª. Maria Lúcia da Costa Bezerra - ­CERES­ - Caicó,2,1,0,0,0,1,0.5
186557,Combining e-learning and m-learning :,"Parsons, David,",Educação -,Livro,Biblioteca Setorial Profª. Maria Lúcia da Costa Bezerra - ­CERES­ - Caicó,2,1,0,0,0,1,0.5
186558,Mobile technologies and handheld devices for ubiquitous learning :,"Ng, Wan,",Educação -,Livro,Biblioteca Setorial Profª. Maria Lúcia da Costa Bezerra - ­CERES­ - Caicó,2,1,0,0,0,1,0.5
186622,I. A. inteligência artificial :,"Whitby, Blay,",Inteligência artificial,Livro,Biblioteca Setorial Profª. Maria Lúcia da Costa Bezerra - ­CERES­ - Caicó,6,0,3,0,0,3,0.5
189002,Android em ação :,"Ableson, W. Frank.",Android (Sistema operacional para celular),Livro,Biblioteca Setorial Profª. Maria Lúcia da Costa Bezerra - ­CERES­ - Caicó,8,3,1,0,0,4,0.5
190271,Fundamentos da programação de computadores :,"Ascencio, Ana Fernanda Gomes.",Programação (Computadores),Livro,Biblioteca Setorial Profª. Maria Lúcia da Costa Bezerra - ­CERES­ - Caicó,2,0,0,1,0,1,0.5
190885,A arte de escrever programas legíveis :,"Boswell, Dustin.",Linguagem de programação (Computadores),Livro,Biblioteca Setorial Profª. Maria Lúcia da Costa Bezerra - ­CERES­ - Caicó,6,0,2,0,1,3,0.5
194361,Machine learning :,,Aprendizado do computador,Livro,Biblioteca Setorial Profª. Maria Lúcia da Costa Bezerra - ­CERES­ - Caicó,6,2,1,0,0,3,0.5
205963,Expressões regulares :,"Jargas, Aurelio Marinho.",Linguagem de programação (Computadores),Livro,Biblioteca Setorial Profª. Maria Lúcia da Costa Bezerra - ­CERES­ - Caicó,10,3,2,0,0,5,0.5
208797,Google :,"Levy, Steven.",Google,Livro,Biblioteca Setorial Profª. Maria Lúcia da Costa Bezerra - ­CERES­ - Caicó,6,2,1,0,0,3,0.5
209749,As leis fundamentais do projeto de software,"Kanat-Alexander, Max.",Engenharia de software,Livro,Biblioteca Setorial Profª. Maria Lúcia da Costa Bezerra - ­CERES­ - Caicó,2,1,0,0,0,1,0.5
214079,Desenvolvendo seu primeiro aplicativo android,"Querino Filho, Luiz Carlos.",Android (Sistema operacional) -,Livro,Biblioteca Setorial Profª. Maria Lúcia da Costa Bezerra - ­CERES­ - Caicó,6,2,1,0,0,3,0.5
218766,Pesquisa em computação :,"Ribeiro, Vinicius Gadis.",Informática,Livro,Biblioteca Setorial Profª. Maria Lúcia da Costa Bezerra - ­CERES­ - Caicó,10,0,5,0,0,5,0.5
247068,Programming language pragmatics,"Scott, Michael L.",Linguagem de programação (Computadores),Livro,Biblioteca Setorial Profª. Maria Lúcia da Costa Bezerra - ­CERES­ - Caicó,2,1,0,0,0,1,0.5
247123,Ant Colony Optimization,"Dorigo, Marco,",Algoritmos de computador,Livro,Biblioteca Setorial Profª. Maria Lúcia da Costa Bezerra - ­CERES­ - Caicó,2,1,0,0,0,1,0.5
249650,Swarm intelligence and bio-inspired computation :,,Inteligência computacional,Livro,Biblioteca Setorial Profª. Maria Lúcia da Costa Bezerra - ­CERES­ - Caicó,2,1,0,0,0,1,0.5
176984,Sistemas operacionais,"Oliveira, Rômulo Silva de.",Sistemas operacionais (Computadores),Livro,Biblioteca Setorial Profª. Maria Lúcia da Costa Bezerra - ­CERES­ - Caicó,13,4,1,0,2,7,0.54
218720,Git - guia prático :,"Silverman, Richard E.",Informática,Livro,Biblioteca Setorial Profª. Maria Lúcia da Costa Bezerra - ­CERES­ - Caicó,9,1,3,0,1,5,0.56
165842,Banco de dados :,"Alves, William Pereira.",Sistema de informação,Livro,Biblioteca Setorial Profª. Maria Lúcia da Costa Bezerra - ­CERES­ - Caicó,23,6,5,0,2,13,0.57
178750,Introduction to machine learning,"Alpaydin, Ethem.",Aprendizado de computador,Livro,Biblioteca Setorial Profª. Maria Lúcia da Costa Bezerra - ­CERES­ - Caicó,7,0,3,0,1,4,0.57
166272,Análise da paisagem com SIG,"Lang, Stefan,",Sistemas de Informação Geográfica,Livro,Biblioteca Setorial Profª. Maria Lúcia da Costa Bezerra - ­CERES­ - Caicó,15,1,8,0,0,9,0.6
169802,Computational complexity :,"Arora, Sanjeev.",Complexidade computacional,Livro,Biblioteca Setorial Profª. Maria Lúcia da Costa Bezerra - ­CERES­ - Caicó,5,0,1,2,0,3,0.6
194185,Digital design :,"Ashenden, Peter J.",Sistema embarcado,Livro,Biblioteca Setorial Profª. Maria Lúcia da Costa Bezerra - ­CERES­ - Caicó,5,2,1,0,0,3,0.6
205965,Linux :,"Ferreira, Rubem E.",Linux (Sistema operacional de computador),Livro,Biblioteca Setorial Profª. Maria Lúcia da Costa Bezerra - ­CERES­ - Caicó,10,3,2,0,1,6,0.6
206811,Digital design :,"Vahid, Frank.",Sistemas embutidos de computador,Livro,Biblioteca Setorial Profª. Maria Lúcia da Costa Bezerra - ­CERES­ - Caicó,5,1,1,1,0,3,0.6
225647,Fundamentos de sistemas de informação,,Sistemas de informação gerencial,Livro,Biblioteca Setorial Profª. Maria Lúcia da Costa Bezerra - ­CERES­ - Caicó,10,0,1,2,3,6,0.6
171412,Introduction to the design and analysis of algorithms,"Levitin, Anany.",Algoritmos,Livro,Biblioteca Setorial Profª. Maria Lúcia da Costa Bezerra - ­CERES­ - Caicó,8,1,3,0,1,5,0.62
201318,Arquitetura de computadores :,"Parhami, Behrooz.",Arquitetura de computador,Livro,Biblioteca Setorial Profª. Maria Lúcia da Costa Bezerra - ­CERES­ - Caicó,8,2,0,1,2,5,0.62
207579,Ensemble methods :,"Zhou, Zhi-Hua,",Aprendizado de máquina,Livro,Biblioteca Setorial Profª. Maria Lúcia da Costa Bezerra - ­CERES­ - Caicó,8,1,1,2,1,5,0.62
210526,Rede de computadores :,"Lacerda, Ivan Max Freire de.",Redes de computadores,Livro,Biblioteca Setorial Profª. Maria Lúcia da Costa Bezerra - ­CERES­ - Caicó,16,0,8,1,1,10,0.62
219338,Google android :,"Lecheta, Ricardo R.",Android (Programa de computador),Livro,Biblioteca Setorial Profª. Maria Lúcia da Costa Bezerra - ­CERES­ - Caicó,8,4,1,0,0,5,0.62
235696,e-Usabilidade,"Ferreira, Simone Bacellar Leal.",Interação homem-máquina,Livro,Biblioteca Setorial Profª. Maria Lúcia da Costa Bezerra - ­CERES­ - Caicó,8,4,1,0,0,5,0.62
134091,Teoria e problemas de arquitetura de computadores,"Carter, Nicholas,",Arquitetura de computador,Livro,Biblioteca Setorial Profª. Maria Lúcia da Costa Bezerra - ­CERES­ - Caicó,3,1,1,0,0,2,0.67
170485,Introdução à construção de algoritmos :,,Algoritmos,Livro,Biblioteca Setorial Profª. Maria Lúcia da Costa Bezerra - ­CERES­ - Caicó,3,2,0,0,0,2,0.67
176130,"Inteligência computacional aplicada à administração, economia e engenharia em Matlab",,Inteligência artificial,Livro,Biblioteca Setorial Profª. Maria Lúcia da Costa Bezerra - ­CERES­ - Caicó,3,1,1,0,0,2,0.67
176244,Ciência da Computação,"Dale, Nell.",Ciência da Computação -,Livro,Biblioteca Setorial Profª. Maria Lúcia da Costa Bezerra - ­CERES­ - Caicó,6,4,0,0,0,4,0.67
176474,Data analysis with open source tools :,"Janert, Philipp K.",Banco de dados,Livro,Biblioteca Setorial Profª. Maria Lúcia da Costa Bezerra - ­CERES­ - Caicó,3,1,0,0,1,2,0.67
176755,Use a cabeça! redes de computadores,"Anderson, Al.",Redes de computadores,Livro,Biblioteca Setorial Profª. Maria Lúcia da Costa Bezerra - ­CERES­ - Caicó,3,0,1,0,1,2,0.67
180562,Criando sites com HTML :,"Silva, Maurício Samy.",Desenvolvimento de website,Livro,Biblioteca Setorial Profª. Maria Lúcia da Costa Bezerra - ­CERES­ - Caicó,3,2,0,0,0,2,0.67
180661,Virtualização :,"Veras, Manoel",Virtualização,Livro,Biblioteca Setorial Profª. Maria Lúcia da Costa Bezerra - ­CERES­ - Caicó,3,2,0,0,0,2,0.67
186168,Arduino + Android projects for the evil genius :,"Monk, Simon.",Arduino (plataforma) -,Livro,Biblioteca Setorial Profª. Maria Lúcia da Costa Bezerra - ­CERES­ - Caicó,3,2,0,0,0,2,0.67
186322,Pattern classification using ensemble methods,"Rokach, Lior.",Classificação de padrão,Livro,Biblioteca Setorial Profª. Maria Lúcia da Costa Bezerra - ­CERES­ - Caicó,6,1,1,1,1,4,0.67
186507,Compiladores :,"Aho, Alfred V.,",Compiladores (Computadores),Livro,Biblioteca Setorial Profª. Maria Lúcia da Costa Bezerra - ­CERES­ - Caicó,6,0,2,2,0,4,0.67
189461,Neural networks for pattern recognition,"Bishop, Christopher M.",Redes neurais (Computação),Livro,Biblioteca Setorial Profª. Maria Lúcia da Costa Bezerra - ­CERES­ - Caicó,3,0,1,0,1,2,0.67
190930,Programando o android,,Android (Sistema operacional),Livro,Biblioteca Setorial Profª. Maria Lúcia da Costa Bezerra - ­CERES­ - Caicó,6,1,3,0,0,4,0.67
194181,Natural language processing with Python,"Bird, Steven.",Processamento de linguagem natural (Computação),Livro,Biblioteca Setorial Profª. Maria Lúcia da Costa Bezerra - ­CERES­ - Caicó,3,0,1,0,1,2,0.67
194410,Fundamentos de bancos de dados com C#,"Schmalz, Michael.",Banco de dados,Livro,Biblioteca Setorial Profª. Maria Lúcia da Costa Bezerra - ­CERES­ - Caicó,3,1,1,0,0,2,0.67
201305,Programação java em ambiente distribuído :,"Mendes, Douglas Rocha.",Java (Linguagem de programação de computador),Livro,Biblioteca Setorial Profª. Maria Lúcia da Costa Bezerra - ­CERES­ - Caicó,3,0,2,0,0,2,0.67
205982,Segurança em redes sem fio :,"Rufino, Nelson Murilo de Oliveira.",Segurança de rede (computação),Livro,Biblioteca Setorial Profª. Maria Lúcia da Costa Bezerra - ­CERES­ - Caicó,3,1,1,0,0,2,0.67
205985,Raspberry pi :,"Upton, Eben.",Programação de computadores,Livro,Biblioteca Setorial Profª. Maria Lúcia da Costa Bezerra - ­CERES­ - Caicó,3,2,0,0,0,2,0.67
206804,Armazenamento e gerenciamento de informações :,"Somasundaram, G.",Dados (computação),Livro,Biblioteca Setorial Profª. Maria Lúcia da Costa Bezerra - ­CERES­ - Caicó,3,0,2,0,0,2,0.67
206809,Introdução à segurança de computadores,"Goodrich, Michael T.",Computadores -,Livro,Biblioteca Setorial Profª. Maria Lúcia da Costa Bezerra - ­CERES­ - Caicó,6,2,2,0,0,4,0.67
208098,Teste de software,"Rios, Emerson.",Software -,Livro,Biblioteca Setorial Profª. Maria Lúcia da Costa Bezerra - ­CERES­ - Caicó,6,2,2,0,0,4,0.67
208467,Computação natural :,"Castro, Leandro Nunes de.",Computação natural,Livro,Biblioteca Setorial Profª. Maria Lúcia da Costa Bezerra - ­CERES­ - Caicó,6,1,1,2,0,4,0.67
211199,"Construindo aplicativos android com HTML, CSS e javaScript","Stark, Jonathan.",Android (Sistema operacional para celular),Livro,Biblioteca Setorial Profª. Maria Lúcia da Costa Bezerra - ­CERES­ - Caicó,3,2,0,0,0,2,0.67
211202,Padrões de projeto para o android :,"Nudelman, Greg.",Padrões para projetos -,Livro,Biblioteca Setorial Profª. Maria Lúcia da Costa Bezerra - ­CERES­ - Caicó,6,1,2,1,0,4,0.67
211680,Python cookbook,"Beazley, David.",Python (Linguagem de programação de computador),Livro,Biblioteca Setorial Profª. Maria Lúcia da Costa Bezerra - ­CERES­ - Caicó,3,1,0,0,1,2,0.67
212868,Construindo compiladores,"Cooper, Keith D.",Compiladores -,Livro,Biblioteca Setorial Profª. Maria Lúcia da Costa Bezerra - ­CERES­ - Caicó,6,0,2,2,0,4,0.67
213606,Desenvolvimento de games,"Novak, Jeannie.",Jogos por computador,Livro,Biblioteca Setorial Profª. Maria Lúcia da Costa Bezerra - ­CERES­ - Caicó,3,0,2,0,0,2,0.67
214076,UML 2 :,"Guedes, T. A. Gilleanes.",UML (Linguagem de modelagem padrão),Livro,Biblioteca Setorial Profª. Maria Lúcia da Costa Bezerra - ­CERES­ - Caicó,3,0,1,0,1,2,0.67
215606,Datamining :,"Carvalho, Luis Alfredo Vidal de.",Inteligência artificial,Livro,Biblioteca Setorial Profª. Maria Lúcia da Costa Bezerra - ­CERES­ - Caicó,6,2,1,1,0,4,0.67
215696,Visualizando Dados,"Fry, Ben.",Tratamento de dados,Livro,Biblioteca Setorial Profª. Maria Lúcia da Costa Bezerra - ­CERES­ - Caicó,3,0,2,0,0,2,0.67
215875,Fundamentos para o desenvolvimento de jogos digitais,"Arruda, Eucidio Pimenta.",Informática,Livro,Biblioteca Setorial Profª. Maria Lúcia da Costa Bezerra - ­CERES­ - Caicó,3,1,1,0,0,2,0.67
216777,Introdução ao hacking e aos testes de invasão :,"Engebretson, Pat",Teste de invasão (Medidas de segurança para computadores),Livro,Biblioteca Setorial Profª. Maria Lúcia da Costa Bezerra - ­CERES­ - Caicó,3,1,1,0,0,2,0.67
218854,Fundamentos de processamento digital de imagens :,"Solomon, Chris",Programa de Computador -,Livro,Biblioteca Setorial Profª. Maria Lúcia da Costa Bezerra - ­CERES­ - Caicó,3,1,1,0,0,2,0.67
222143,Scrum :,"Sabbagh, Rafael.",Sistemas de informação,Livro,Biblioteca Setorial Profª. Maria Lúcia da Costa Bezerra - ­CERES­ - Caicó,3,0,2,0,0,2,0.67
226343,Hacking :,"Dhanjani, Nitesh.",Segurança da informação,Livro,Biblioteca Setorial Profª. Maria Lúcia da Costa Bezerra - ­CERES­ - Caicó,3,2,0,0,0,2,0.67
227337,Princípios de análise e projeto de sistemas com UML,"Bezerra, Eduardo,",Métodos orientados a objetos -,Livro,Biblioteca Setorial Profª. Maria Lúcia da Costa Bezerra - ­CERES­ - Caicó,6,0,0,3,1,4,0.67
231203,Metodologia de pesquisa para ciência da computação,"Wazlawick, Raul Sidnei.",Ciência da Computação -,Livro,Biblioteca Setorial Profª. Maria Lúcia da Costa Bezerra - ­CERES­ - Caicó,15,7,3,0,0,10,0.67
232843,Software architecture in practice,"Bass, Len.",Software,Livro,Biblioteca Setorial Profª. Maria Lúcia da Costa Bezerra - ­CERES­ - Caicó,3,1,1,0,0,2,0.67
233055,Introdução à programação :,"Paiva, Severino.",Algorítmos,Livro,Biblioteca Setorial Profª. Maria Lúcia da Costa Bezerra - ­CERES­ - Caicó,3,1,0,1,0,2,0.67
233059,Marco civil da internet no Brasil :,"Carvalho, Ana Cristina Azevedo P.,",Internet,Livro,Biblioteca Setorial Profª. Maria Lúcia da Costa Bezerra - ­CERES­ - Caicó,3,2,0,0,0,2,0.67
233271,Disaster Recovery :,"Serrano, António.",Gestão do conhecimento,Livro,Biblioteca Setorial Profª. Maria Lúcia da Costa Bezerra - ­CERES­ - Caicó,3,2,0,0,0,2,0.67
234660,Expressoes regulares cookbook,"Goyvaerts, Jan,",Cookbook (Linguagem de Programação),Livro,Biblioteca Setorial Profª. Maria Lúcia da Costa Bezerra - ­CERES­ - Caicó,3,0,2,0,0,2,0.67
238635,Cloud computing :,"Santos, Gerson Raimundo dos",Computação em nuvem,Livro,Biblioteca Setorial Profª. Maria Lúcia da Costa Bezerra - ­CERES­ - Caicó,3,1,1,0,0,2,0.67
241940,Introdução à criptografia,"Zochio, Marcelo Ferreira",Criptografia,Livro,Biblioteca Setorial Profª. Maria Lúcia da Costa Bezerra - ­CERES­ - Caicó,3,1,1,0,0,2,0.67
247171,Beginning ethical hacking with python,"Sinha, Sanjib.",Qualidade dos sistemas e programas -,Livro,Biblioteca Setorial Profª. Maria Lúcia da Costa Bezerra - ­CERES­ - Caicó,3,1,1,0,0,2,0.67
247233,Cybercrime and business :,"Moskowitz, Sanford L.",Estrategias de negócios,Livro,Biblioteca Setorial Profª. Maria Lúcia da Costa Bezerra - ­CERES­ - Caicó,3,0,0,0,2,2,0.67
249416,Mobile HTML5,"Weyl, Estelle",HTML (Linguagem de marcação de documento),Livro,Biblioteca Setorial Profª. Maria Lúcia da Costa Bezerra - ­CERES­ - Caicó,3,1,0,0,1,2,0.67
249663,Iintrodução à orientação a objetos com C++ e Python :,"Saraiva Jr.,Orlando.",C++ (Linguagem de programação de computador),Livro,Biblioteca Setorial Profª. Maria Lúcia da Costa Bezerra - ­CERES­ - Caicó,3,0,2,0,0,2,0.67
249783,Introdução ao JSON :,"Bassett, Lindsay.",JavaScript (Linguagem de programação de computador),Livro,Biblioteca Setorial Profª. Maria Lúcia da Costa Bezerra - ­CERES­ - Caicó,3,2,0,0,0,2,0.67
256373,Python para análise de dados:,"Mckinney, Wes.",Python (Linguagem de programação de computador),Livro,Biblioteca Setorial Profª. Maria Lúcia da Costa Bezerra - ­CERES­ - Caicó,3,0,1,0,1,2,0.67
256385,Usando docker :,"Mouat, Adrian,",Software -,Livro,Biblioteca Setorial Profª. Maria Lúcia da Costa Bezerra - ­CERES­ - Caicó,3,0,1,0,1,2,0.67
256392,Microsserviços prontos para a produção:,"Fowler, Susan J.,",Arquitetura de software,Livro,Biblioteca Setorial Profª. Maria Lúcia da Costa Bezerra - ­CERES­ - Caicó,3,0,1,0,1,2,0.67
258570,The gamification of learning and instruction:,"Kapp, Karl M.",Jogos educativos,Livro,Biblioteca Setorial Profª. Maria Lúcia da Costa Bezerra - ­CERES­ - Caicó,3,0,2,0,0,2,0.67
188826,Governança de TI :,"Weill, Peter.",Tecnologia da informação,Livro,Biblioteca Setorial Profª. Maria Lúcia da Costa Bezerra - ­CERES­ - Caicó,10,1,4,1,1,7,0.7
219615,Arquitetura de computadores :,"Hennessy, John L.",Arquitetura de computador,Livro,Biblioteca Setorial Profª. Maria Lúcia da Costa Bezerra - ­CERES­ - Caicó,10,4,3,0,0,7,0.7
128396,Arquitetura e organização de computadores,"Stallings, William,",Arquitetura de computador,Livro,Biblioteca Setorial Profª. Maria Lúcia da Costa Bezerra - ­CERES­ - Caicó,8,2,0,1,3,6,0.75
153191,Introdução a sistemas de bancos de dados,"Date, C. J.,",Sistema de informação,Livro,Biblioteca Setorial Profª. Maria Lúcia da Costa Bezerra - ­CERES­ - Caicó,8,0,6,0,0,6,0.75
166940,Introdução à arquitetura de computadores,"Murdocca, Miles J.",Arquitetura de computador,Livro,Biblioteca Setorial Profª. Maria Lúcia da Costa Bezerra - ­CERES­ - Caicó,8,3,3,0,0,6,0.75
168647,Introduction to algorithms,,Algoritmos de computador,Livro,Biblioteca Setorial Profª. Maria Lúcia da Costa Bezerra - ­CERES­ - Caicó,4,1,2,0,0,3,0.75
171783,Artificial intelligence :,"Russell, Stuart J.,",Inteligência artificial,Livro,Biblioteca Setorial Profª. Maria Lúcia da Costa Bezerra - ­CERES­ - Caicó,4,1,0,2,0,3,0.75
176595,Shell script profissional,"Jargas, Aurélio Marinho,",Shell script (Linguagem de programação de computador),Livro,Biblioteca Setorial Profª. Maria Lúcia da Costa Bezerra - ­CERES­ - Caicó,8,6,0,0,0,6,0.75
214396,Aprenda UML por meio de estudos de caso,"Góes, Wilson Moraes.",UML (Linguagem unificada de modelagem),Livro,Biblioteca Setorial Profª. Maria Lúcia da Costa Bezerra - ­CERES­ - Caicó,9,0,2,3,2,7,0.78
219667,Programação Shell Linux,"Neves, Julio Cezar.",Shell (Linguagem de programação),Livro,Biblioteca Setorial Profª. Maria Lúcia da Costa Bezerra - ­CERES­ - Caicó,10,4,2,0,2,8,0.8
167535,Estrutura de dados e algoritmos em C++,"Drozdek, Adam.",Algoritmos,Livro,Biblioteca Setorial Profª. Maria Lúcia da Costa Bezerra - ­CERES­ - Caicó,6,0,2,3,0,5,0.83
212863,Usabilidade móvel,"Nielsen, Jakob,",Interfaces em aplicações para dispositivos móveis,Livro,Biblioteca Setorial Profª. Maria Lúcia da Costa Bezerra - ­CERES­ - Caicó,6,5,0,0,0,5,0.83
235868,Inteligência artificial,"Luger, George F.",Inteligência artificial,Livro,Biblioteca Setorial Profª. Maria Lúcia da Costa Bezerra - ­CERES­ - Caicó,6,1,2,2,0,5,0.83
249755,Introdução ao GitHub :,"Bell, Peter.",Software -,Livro,Biblioteca Setorial Profª. Maria Lúcia da Costa Bezerra - ­CERES­ - Caicó,6,1,3,0,1,5,0.83
180637,Redes neurais artificiais :,"Braga, Antônio de Pádua.",Redes neurais artificiais,Livro,Biblioteca Setorial Profª. Maria Lúcia da Costa Bezerra - ­CERES­ - Caicó,7,0,1,0,5,6,0.86
91291,Desenvolvendo websites com PHP :,"Niederauer, Juliano,",PHP (Linguagem de programação de computador),Livro,Biblioteca Setorial Profª. Maria Lúcia da Costa Bezerra - ­CERES­ - Caicó,2,1,1,0,0,2,1.0
130384,Sistemas operacionais :,"Tanenbaum, Andrew S.",Sistemas operacionais (Computadores),Livro,Biblioteca Setorial Profª. Maria Lúcia da Costa Bezerra - ­CERES­ - Caicó,3,3,0,0,0,3,1.0
171361,Neural networks and learning machines,"Haykin, Simon.",Redes neurais (Computação),Livro,Biblioteca Setorial Profª. Maria Lúcia da Costa Bezerra - ­CERES­ - Caicó,4,0,1,0,3,4,1.0
174632,Conhecimento em TI :,"Weill, Peter.",Administração,Livro,Biblioteca Setorial Profª. Maria Lúcia da Costa Bezerra - ­CERES­ - Caicó,2,0,2,0,0,2,1.0
178792,Análise de pontos de função :,"Vasquez, Carlos Eduardo.",Gerenciamento de projeto de software,Livro,Biblioteca Setorial Profª. Maria Lúcia da Costa Bezerra - ­CERES­ - Caicó,5,5,0,0,0,5,1.0
180348,"Guia de orientação e desenvolvimento de sites HTML, XHTML, CSS e JavaScript/JScript","Manzano, José Augusto N. G.,",HTML (Linguagem de marcação de documento),Livro,Biblioteca Setorial Profª. Maria Lúcia da Costa Bezerra - ­CERES­ - Caicó,3,2,1,0,0,3,1.0
187754,UML 2 :,"Guedes, T. A. Gilleanes.",UML (Linguagem de modelagem padrão),Livro,Biblioteca Setorial Profª. Maria Lúcia da Costa Bezerra - ­CERES­ - Caicó,8,2,3,3,0,8,1.0
188947,Use a cabeça SQL,"Beighley, Lynn",SQL (Linguagem de programação de computador),Livro,Biblioteca Setorial Profª. Maria Lúcia da Costa Bezerra - ­CERES­ - Caicó,1,1,0,0,0,1,1.0
189161,HTML 5 :,"Silva, Maurício Samy.",HTML (Linguagem de marcação de documento),Livro,Biblioteca Setorial Profª. Maria Lúcia da Costa Bezerra - ­CERES­ - Caicó,2,0,1,0,1,2,1.0
201307,Segurança de aplicativos android,"Six, Jeff.",Android (Sistema operacional para celular),Livro,Biblioteca Setorial Profª. Maria Lúcia da Costa Bezerra - ­CERES­ - Caicó,3,1,2,0,0,3,1.0
201551,Java para iniciantes :,"Schildt, Herbert,",Java (Linguagem de programação de computador),Livro,Biblioteca Setorial Profª. Maria Lúcia da Costa Bezerra - ­CERES­ - Caicó,6,0,4,1,1,6,1.0
201604,Manual de produção de jogos digitais,"Chandler, Heather Maxwell.",Jogos digitais,Livro,Biblioteca Setorial Profª. Maria Lúcia da Costa Bezerra - ­CERES­ - Caicó,3,1,2,0,0,3,1.0
208225,Engenharia de software :,"Wazlawick, Raul Sidnei.",Engenharia de software,Livro,Biblioteca Setorial Profª. Maria Lúcia da Costa Bezerra - ­CERES­ - Caicó,8,5,3,0,0,8,1.0
209544,Sistemas de informação e as decisões gerenciais na era da internet,"O'Brien, James A.,",Sistemas de informação gerencial,Livro,Biblioteca Setorial Profª. Maria Lúcia da Costa Bezerra - ­CERES­ - Caicó,1,1,0,0,0,1,1.0
211195,Scrum :,"Brod, Cesar.",Scrum -,Livro,Biblioteca Setorial Profª. Maria Lúcia da Costa Bezerra - ­CERES­ - Caicó,6,0,1,2,3,6,1.0
214390,Python RAS (rapid application development) :,"Souza, Thiago Hernandes de.",Python (Linguagem de programação de computador),Livro,Biblioteca Setorial Profª. Maria Lúcia da Costa Bezerra - ­CERES­ - Caicó,3,1,0,2,0,3,1.0
214393,Aprendendo algoritmo com visualg,"Almeida, Rafael Soares de.",Algoritmos,Livro,Biblioteca Setorial Profª. Maria Lúcia da Costa Bezerra - ­CERES­ - Caicó,6,2,1,3,0,6,1.0
218762,Aprendendo a desenvolver aplicações Web :,"Purewal, Semmy.",Informática,Livro,Biblioteca Setorial Profª. Maria Lúcia da Costa Bezerra - ­CERES­ - Caicó,3,1,0,0,2,3,1.0
226935,Laboratório de IPv6 :,,Internet (Redes de computação),Livro,Biblioteca Setorial Profª. Maria Lúcia da Costa Bezerra - ­CERES­ - Caicó,3,1,2,0,0,3,1.0
231286,Introdução ao MongoDB,"Hows, David.",Banco de dados,Livro,Biblioteca Setorial Profª. Maria Lúcia da Costa Bezerra - ­CERES­ - Caicó,3,2,0,1,0,3,1.0
231288,Aprenda a programar com scratch :,"Marji, Majed.",Programação,Livro,Biblioteca Setorial Profª. Maria Lúcia da Costa Bezerra - ­CERES­ - Caicó,3,2,1,0,0,3,1.0
237639,Inteligencia artificial :,,Robótica,Livro,Biblioteca Setorial Profª. Maria Lúcia da Costa Bezerra - ­CERES­ - Caicó,3,0,3,0,0,3,1.0
238610,Aprendendo C++ na prática,"Castro, J.",C++ (Linguagem de programação de computador),Livro,Biblioteca Setorial Profª. Maria Lúcia da Costa Bezerra - ­CERES­ - Caicó,3,1,2,0,0,3,1.0
245372,C++ explicado e aplicado,"Votre, Vilmar Pedro,",C++ (Linguagem de programação de computador),Livro,Biblioteca Setorial Profª. Maria Lúcia da Costa Bezerra - ­CERES­ - Caicó,3,2,1,0,0,3,1.0
245374,Data Smart :,"Foreman, John W.",Informação,Livro,Biblioteca Setorial Profª. Maria Lúcia da Costa Bezerra - ­CERES­ - Caicó,3,1,0,2,0,3,1.0
245384,Análise e design orientados a objetos para sistemas de informação :,"Wazlawick, Raul Sidnei.",Programação orientada a objetos (Computação),Livro,Biblioteca Setorial Profª. Maria Lúcia da Costa Bezerra - ­CERES­ - Caicó,3,0,1,0,2,3,1.0
246023,Deep learning,"Goodfellow, Ian.",Aprendizado do computador,Livro,Biblioteca Setorial Profª. Maria Lúcia da Costa Bezerra - ­CERES­ - Caicó,3,0,1,2,0,3,1.0
247161,Matlab :,"Paluszek, Michael.",Linguagens de programação de computador -,Livro,Biblioteca Setorial Profª. Maria Lúcia da Costa Bezerra - ­CERES­ - Caicó,3,2,0,0,1,3,1.0
247243,The gamification of learning and instruction fieldbook :,"Kapp, Karl M.",Games -,Livro,Biblioteca Setorial Profª. Maria Lúcia da Costa Bezerra - ­CERES­ - Caicó,3,1,1,0,1,3,1.0
249656,"Movimento, luz e som com Arduino e Raspberry Pi","Monk, Simon.",Hardware,Livro,Biblioteca Setorial Profª. Maria Lúcia da Costa Bezerra - ­CERES­ - Caicó,3,1,2,0,0,3,1.0
249804,Aprendendo padrões de projeto em Python :,"Giridhar, Chetan.",Python (Linguagem de programação de computador),Livro,Biblioteca Setorial Profª. Maria Lúcia da Costa Bezerra - ­CERES­ - Caicó,4,3,1,0,0,4,1.0
251341,JQuery :,"Silva, Maurício Samy,",Java (Linguagem de programação de computador),Livro,Biblioteca Setorial Profª. Maria Lúcia da Costa Bezerra - ­CERES­ - Caicó,1,1,0,0,0,1,1.0
252024,"Metaheuristics in water, geotechnical and transport engineering",,Programação de produção -,Livro,Biblioteca Setorial Profª. Maria Lúcia da Costa Bezerra - ­CERES­ - Caicó,2,1,0,0,1,2,1.0
256364,Desenvolvendo seu primeiro aplicativo android,"Querino Filho, Luiz Carlos.",Android (Sistema operacional) -,Livro,Biblioteca Setorial Profª. Maria Lúcia da Costa Bezerra - ­CERES­ - Caicó,3,0,2,1,0,3,1.0
256409,Kotlin em ação,"Jemerov, Dmitry.",Linguagem de programação (Computadores),Livro,Biblioteca Setorial Profª. Maria Lúcia da Costa Bezerra - ­CERES­ - Caicó,3,0,3,0,0,3,1.0
166814,Utilizando UML e padrões :,"Larman, Craig.",UML (Linguagem de modelagem padrão),Livro,Biblioteca Setorial Profª. Maria Lúcia da Costa Bezerra - ­CERES­ - Caicó,15,10,0,4,2,16,1.07
70822,Redes neurais :,"Haykin, Simon S.,",Redes neurais (Computação),Livro,Biblioteca Setorial Profª. Maria Lúcia da Costa Bezerra - ­CERES­ - Caicó,8,1,1,2,5,9,1.12
247168,Genetic algorithms in Java basics,"Jacobson, Lee.",Algoritmos para construção de programas,Livro,Biblioteca Setorial Profª. Maria Lúcia da Costa Bezerra - ­CERES­ - Caicó,6,5,2,0,0,7,1.17
247983,Projetos com Arduino e Android :,"Monk, Simon",Arduino (Controlador programável),Livro,Biblioteca Setorial Profª. Maria Lúcia da Costa Bezerra - ­CERES­ - Caicó,6,5,2,0,0,7,1.17
198814,Foundations of machine learning,"Mohri, Mehryar.",Aprendizado de máquina,Livro,Biblioteca Setorial Profª. Maria Lúcia da Costa Bezerra - ­CERES­ - Caicó,5,0,6,0,0,6,1.2
171263,Metodologia de pesquisa para Ciência da Computação,"Wazlawick, Raul Sidnei.",Ciência da Computação -,Livro,Biblioteca Setorial Profª. Maria Lúcia da Costa Bezerra - ­CERES­ - Caicó,13,4,9,0,3,16,1.23
187780,Novas tecnologias e mediação pedagógica,"Moran, José Manoel.",Educação -,Livro,Biblioteca Setorial Profª. Maria Lúcia da Costa Bezerra - ­CERES­ - Caicó,8,8,1,0,1,10,1.25
148994,Use a cabeça! Java,"Sierra, Kathy.",Java (Linguagem de programação de computador),Livro,Biblioteca Setorial Profª. Maria Lúcia da Costa Bezerra - ­CERES­ - Caicó,3,1,3,0,0,4,1.33
176213,Sistemas distribuídos :,"Coulouris, George,",Sistemas operacionais distribuídos (Computadores),Livro,Biblioteca Setorial Profª. Maria Lúcia da Costa Bezerra - ­CERES­ - Caicó,3,3,0,1,0,4,1.33
176568,Data mining :,"Witten, Ian H.",Mineracao de dados (Computação),Livro,Biblioteca Setorial Profª. Maria Lúcia da Costa Bezerra - ­CERES­ - Caicó,3,1,2,0,1,4,1.33
176618,Fundamentos da inteligência artificial,"Rosa, João Luís Garcia.",Inteligência artificial,Livro,Biblioteca Setorial Profª. Maria Lúcia da Costa Bezerra - ­CERES­ - Caicó,6,2,4,0,2,8,1.33
176887,Data mining with R :,"Torgo, Luis.",Mineração de dados (Computação),Livro,Biblioteca Setorial Profª. Maria Lúcia da Costa Bezerra - ­CERES­ - Caicó,3,3,1,0,0,4,1.33
177273,Quantum computing for computer scientists,"Yanofsky, Noson S.,",Computadção quântica,Livro,Biblioteca Setorial Profª. Maria Lúcia da Costa Bezerra - ­CERES­ - Caicó,3,4,0,0,0,4,1.33
186740,Bancos de dados :,"Setzer, Valdemar W.",Banco de dados,Livro,Biblioteca Setorial Profª. Maria Lúcia da Costa Bezerra - ­CERES­ - Caicó,3,0,4,0,0,4,1.33
188769,Games em educação :,"Mattar, João.",Jogos educativos,Livro,Biblioteca Setorial Profª. Maria Lúcia da Costa Bezerra - ­CERES­ - Caicó,3,2,1,1,0,4,1.33
191931,Java na web,Neto Antônio.,Java (Linguagem de programação de computador),Livro,Biblioteca Setorial Profª. Maria Lúcia da Costa Bezerra - ­CERES­ - Caicó,3,0,3,1,0,4,1.33
201602,Android para programadores :,,Android (Sistema operacional),Livro,Biblioteca Setorial Profª. Maria Lúcia da Costa Bezerra - ­CERES­ - Caicó,3,1,3,0,0,4,1.33
208227,Governança da nova TI :,"Mansur, Ricardo,",Governança em tecnologias da informação,Livro,Biblioteca Setorial Profª. Maria Lúcia da Costa Bezerra - ­CERES­ - Caicó,3,0,2,1,1,4,1.33
232854,Documenting software architectures :,,Arquitetura dos computadores,Livro,Biblioteca Setorial Profª. Maria Lúcia da Costa Bezerra - ­CERES­ - Caicó,3,2,2,0,0,4,1.33
237764,Programming in Lua,"Ierusalimschy, Roberto.",Lua (Linguagem de programação),Livro,Biblioteca Setorial Profª. Maria Lúcia da Costa Bezerra - ­CERES­ - Caicó,3,0,0,0,4,4,1.33
238840,Programação de redes com Python :,"Rhodes, Brandon.",Python (Linguagem de programação de computador),Livro,Biblioteca Setorial Profª. Maria Lúcia da Costa Bezerra - ­CERES­ - Caicó,3,2,1,0,1,4,1.33
247240,Inteligência artificial no ensino :,"Malagutti, Pedro Luiz Aparecido.",Inteligência artificial,Livro,Biblioteca Setorial Profª. Maria Lúcia da Costa Bezerra - ­CERES­ - Caicó,3,2,0,0,2,4,1.33
247406,Neural networks in finance :,"Mcnelis, Paul. D.",Redes neurais (Computação),Livro,Biblioteca Setorial Profª. Maria Lúcia da Costa Bezerra - ­CERES­ - Caicó,3,0,0,0,4,4,1.33
247757,Sistemas operacionais modernos,"Tanenbaum, Andrew S.,",Sistema operacional,Livro,Biblioteca Setorial Profª. Maria Lúcia da Costa Bezerra - ­CERES­ - Caicó,3,1,0,3,0,4,1.33
249816,Explorando o Arduino :,"Blum, Jeremy.",Arduino (Controlador programável),Livro,Biblioteca Setorial Profª. Maria Lúcia da Costa Bezerra - ­CERES­ - Caicó,3,0,4,0,0,4,1.33
256372,TDD com Python:,"Percival, Harry J.W.",Engenharia de software,Livro,Biblioteca Setorial Profª. Maria Lúcia da Costa Bezerra - ­CERES­ - Caicó,3,0,2,1,1,4,1.33
170376,Aprendendo SQL,"Beaulieu, Alan.",SQL (Linguagem de programação de computador),Livro,Biblioteca Setorial Profª. Maria Lúcia da Costa Bezerra - ­CERES­ - Caicó,15,17,2,1,1,21,1.4
176233,Teste e análise de software :,"Pezzè, Mauro.",Software -,Livro,Biblioteca Setorial Profª. Maria Lúcia da Costa Bezerra - ­CERES­ - Caicó,4,4,1,1,0,6,1.5
188952,Use a cabeça! :,"Anderson, Al.",Redes de computadores,Livro,Biblioteca Setorial Profª. Maria Lúcia da Costa Bezerra - ­CERES­ - Caicó,2,0,0,1,2,3,1.5
189184,Aprendendo javascript,"Powers, Shelley.",Java (Linguagem de programação de computador),Livro,Biblioteca Setorial Profª. Maria Lúcia da Costa Bezerra - ­CERES­ - Caicó,2,0,2,1,0,3,1.5
214081,NoSQL :,"Sadalage, Pramod J.",Banco de dados não relacionais,Livro,Biblioteca Setorial Profª. Maria Lúcia da Costa Bezerra - ­CERES­ - Caicó,6,8,0,1,0,9,1.5
214082,CSS3 :,"Silva, Maurício Samy.",Desenvolvimento web,Livro,Biblioteca Setorial Profª. Maria Lúcia da Costa Bezerra - ­CERES­ - Caicó,6,4,2,1,2,9,1.5
230396,Primeiros passos com sensores,"Karvinen, Kimmo",Arduino (Controlador programável),Livro,Biblioteca Setorial Profª. Maria Lúcia da Costa Bezerra - ­CERES­ - Caicó,4,3,3,0,0,6,1.5
231336,Inteligência artificial :,,Inteligência artificial,Livro,Biblioteca Setorial Profª. Maria Lúcia da Costa Bezerra - ­CERES­ - Caicó,10,2,9,2,2,15,1.5
87711,Quantum computation and quantum information,"Nielsen, Michael A.",Informação quântica,Livro,Biblioteca Setorial Profª. Maria Lúcia da Costa Bezerra - ­CERES­ - Caicó,5,1,4,3,0,8,1.6
211186,Arduino em ação,"Evans, Martin.",Arduino (Controlador programável),Livro,Biblioteca Setorial Profª. Maria Lúcia da Costa Bezerra - ­CERES­ - Caicó,6,4,6,0,0,10,1.67
213611,Introdução ao desenvolvimento de games,,Jogos por computador,Livro,Biblioteca Setorial Profª. Maria Lúcia da Costa Bezerra - ­CERES­ - Caicó,9,13,0,1,1,15,1.67
216773,Hacking com Kali Linux :,"Broad, James.",Teste de invasão (Medidas de segurança para computadores),Livro,Biblioteca Setorial Profª. Maria Lúcia da Costa Bezerra - ­CERES­ - Caicó,3,3,0,0,2,5,1.67
238828,Json básico :,"Smith, Ben,",JavaScript (Linguagem de programação de computador),Livro,Biblioteca Setorial Profª. Maria Lúcia da Costa Bezerra - ­CERES­ - Caicó,3,3,2,0,0,5,1.67
247241,Java para web :,"Alves, William Pereira,",Sites da Web,Livro,Biblioteca Setorial Profª. Maria Lúcia da Costa Bezerra - ­CERES­ - Caicó,3,4,1,0,0,5,1.67
249486,Investigação digital em fontes abertas :,"Barreto, Alesandro Gonçalves",Investigação criminal,Livro,Biblioteca Setorial Profª. Maria Lúcia da Costa Bezerra - ­CERES­ - Caicó,3,0,5,0,0,5,1.67
176724,Código limpo :,"Martin, Robert C.",Código limpo,Livro,Biblioteca Setorial Profª. Maria Lúcia da Costa Bezerra - ­CERES­ - Caicó,10,2,3,0,12,17,1.7
204107,Programação em python 3 :,"Summerfield, Mark.",Python (Linguagem de programação de computador),Livro,Biblioteca Setorial Profª. Maria Lúcia da Costa Bezerra - ­CERES­ - Caicó,4,5,1,1,0,7,1.75
185468,Introduction to the design & analysis of algorithms,"Levitin, Anany.",Algoritmos de computador,Livro,Biblioteca Setorial Profª. Maria Lúcia da Costa Bezerra - ­CERES­ - Caicó,6,0,10,0,1,11,1.83
187233,Ergonomia e usabilidade :,"Cybis, Walter Otto.",Ergonomia,Livro,Biblioteca Setorial Profª. Maria Lúcia da Costa Bezerra - ­CERES­ - Caicó,6,6,2,2,1,11,1.83
206022,Aprendendo padrões de projeto em PHP,"Sanders, William.",PHP (Linguagem de programação de computadores),Livro,Biblioteca Setorial Profª. Maria Lúcia da Costa Bezerra - ­CERES­ - Caicó,6,9,1,1,0,11,1.83
177451,A arte de invadir :,"Mitnick, Kevin D.",Computadores -,Livro,Biblioteca Setorial Profª. Maria Lúcia da Costa Bezerra - ­CERES­ - Caicó,8,8,4,0,3,15,1.88
123395,UML :,"Booch, Grady.",UML (Linguagem de modelagem padrão),Livro,Biblioteca Setorial Profª. Maria Lúcia da Costa Bezerra - ­CERES­ - Caicó,3,1,4,1,0,6,2.0
176882,The top ten algorithms in data mining,,Data mining -,Livro,Biblioteca Setorial Profª. Maria Lúcia da Costa Bezerra - ­CERES­ - Caicó,3,1,5,0,0,6,2.0
186097,Handbook of educational data mining,,Mineraçao de dados -,Livro,Biblioteca Setorial Profª. Maria Lúcia da Costa Bezerra - ­CERES­ - Caicó,2,0,4,0,0,4,2.0
186670,Avaliação e projeto no design de interfaces,"Santa Rosa, José Guilherme,",Interação homem-máquina,Livro,Biblioteca Setorial Profª. Maria Lúcia da Costa Bezerra - ­CERES­ - Caicó,3,4,2,0,0,6,2.0
188222,Informática para concursos :,"Costa, Renato dos Santos da.",Informática -,Livro,Biblioteca Setorial Profª. Maria Lúcia da Costa Bezerra - ­CERES­ - Caicó,3,3,3,0,0,6,2.0
189160,Guia mangá de bancos de dados,"Takahashi, Mana.",Banco de dados -,Livro,Biblioteca Setorial Profª. Maria Lúcia da Costa Bezerra - ­CERES­ - Caicó,2,0,3,1,0,4,2.0
208459,Python for data analysis,"McKinney, Wes.",Análise de dados (Computação),Livro,Biblioteca Setorial Profª. Maria Lúcia da Costa Bezerra - ­CERES­ - Caicó,3,2,3,0,1,6,2.0
215502,Android em ciquenta projetos,"Anselmo, Fernando.",Inteligência artificial,Livro,Biblioteca Setorial Profª. Maria Lúcia da Costa Bezerra - ­CERES­ - Caicó,3,5,1,0,0,6,2.0
231225,Como ser um programador melhor :,"Goodliffe, Pete.",Linguagem de programação,Livro,Biblioteca Setorial Profª. Maria Lúcia da Costa Bezerra - ­CERES­ - Caicó,3,3,3,0,0,6,2.0
233517,Organização estruturada de computadores,"Tanenbaum, Andrew S.,",Arquitetura de computador,Livro,Biblioteca Setorial Profª. Maria Lúcia da Costa Bezerra - ­CERES­ - Caicó,3,6,0,0,0,6,2.0
238639,Aprendendo JavaScript :,"Wright, Tim,",JavaScript (Linguagem de programação de computador),Livro,Biblioteca Setorial Profª. Maria Lúcia da Costa Bezerra - ­CERES­ - Caicó,3,2,2,0,2,6,2.0
238825,Construindo aplicações Node com MongoDB e Backbone,"Wilson, Mike",Software de aplicação,Livro,Biblioteca Setorial Profª. Maria Lúcia da Costa Bezerra - ­CERES­ - Caicó,3,3,2,0,1,6,2.0
238967,Algoritmos e lógica de programação,,Algoritmos de computador,Livro,Biblioteca Setorial Profª. Maria Lúcia da Costa Bezerra - ­CERES­ - Caicó,3,1,5,0,0,6,2.0
247986,Programação com Arduino II :,"Monk, Simon.",Arduino (Controlador programável),Livro,Biblioteca Setorial Profª. Maria Lúcia da Costa Bezerra - ­CERES­ - Caicó,6,7,4,1,0,12,2.0
249484,Trilhas em segurança da informação :,,Proteção de dados,Livro,Biblioteca Setorial Profª. Maria Lúcia da Costa Bezerra - ­CERES­ - Caicó,3,5,1,0,0,6,2.0
249796,Construindo uma aplicação web completa comPHP e MySQl,"Alves, William Pereira.",PHP (Linguagem de programação de computador),Livro,Biblioteca Setorial Profª. Maria Lúcia da Costa Bezerra - ­CERES­ - Caicó,3,5,1,0,0,6,2.0
252209,Ensino de história e games :,"Costa, Marcella Albaine Farias da.",História -,Livro,Biblioteca Setorial Profª. Maria Lúcia da Costa Bezerra - ­CERES­ - Caicó,2,0,4,0,0,4,2.0
249795,Aprendendo node :,"Powers, Shelley.",JavaScript (Linguagem de programação de computador),Livro,Biblioteca Setorial Profª. Maria Lúcia da Costa Bezerra - ­CERES­ - Caicó,8,6,8,2,1,17,2.12
134535,Construindo aplicações web com PHP e MySQL,"Milani, André,",Sites da Web -,Livro,Biblioteca Setorial Profª. Maria Lúcia da Costa Bezerra - ­CERES­ - Caicó,3,7,0,0,0,7,2.33
176620,Inteligência artificial,"Coppin, Ben.",Inteligência artificial,Livro,Biblioteca Setorial Profª. Maria Lúcia da Costa Bezerra - ­CERES­ - Caicó,3,0,7,0,0,7,2.33
218756,Inteligência artificial :,"Costa, Ernesto.",Informática,Livro,Biblioteca Setorial Profª. Maria Lúcia da Costa Bezerra - ­CERES­ - Caicó,3,1,2,3,1,7,2.33
237766,Introdução à organização de computadores,"Monteiro, Mário A.",Arquitetura de computador,Livro,Biblioteca Setorial Profª. Maria Lúcia da Costa Bezerra - ­CERES­ - Caicó,3,1,5,0,1,7,2.33
245901,Construindo aplicações Web com PHP e MySQL,"Milani, André,",Sites da Web -,Livro,Biblioteca Setorial Profª. Maria Lúcia da Costa Bezerra - ­CERES­ - Caicó,3,7,0,0,0,7,2.33
249793,HTML5 em ação,"Crowther, Rob.",HTML (Linguagem de marcação de documento),Livro,Biblioteca Setorial Profª. Maria Lúcia da Costa Bezerra - ­CERES­ - Caicó,3,1,4,0,2,7,2.33
252149,Revisão sistemática da literatura em engenharia de software :,,Software -,Livro,Biblioteca Setorial Profª. Maria Lúcia da Costa Bezerra - ­CERES­ - Caicó,3,0,7,0,0,7,2.33
161813,Engenharia de Software,"Sommerville, Ian.",Engenharia de software,Livro,Biblioteca Setorial Profª. Maria Lúcia da Costa Bezerra - ­CERES­ - Caicó,13,21,10,1,0,32,2.46
249797,PHP para quem conhece PHP :,"Niederauer, Juliano,",PHP (Linguagem de programação de computador),Livro,Biblioteca Setorial Profª. Maria Lúcia da Costa Bezerra - ­CERES­ - Caicó,2,3,2,0,0,5,2.5
136478,Redes de computadores e a Internet :,"Kurose, James F.",Internet (Redes de computação),Livro,Biblioteca Setorial Profª. Maria Lúcia da Costa Bezerra - ­CERES­ - Caicó,14,19,13,1,4,37,2.64
237723,Tutorial java,"Gallardo, Raymond,",Java (Linguagem de programação de computador),Livro,Biblioteca Setorial Profª. Maria Lúcia da Costa Bezerra - ­CERES­ - Caicó,3,0,4,1,3,8,2.67
238634,JavaScript de cabo a rabo :,"Sampaio, Cleuton,",JavaScript (Linguagem de programação de computador),Livro,Biblioteca Setorial Profª. Maria Lúcia da Costa Bezerra - ­CERES­ - Caicó,3,3,2,1,2,8,2.67
249545,Redes neurais artificiais  :,"Silva, Ivan Nunes da.",Inteligência artificial,Livro,Biblioteca Setorial Profª. Maria Lúcia da Costa Bezerra - ­CERES­ - Caicó,3,3,2,0,3,8,2.67
249800,PHP moderno :,"Lockhart, Josh.",PHP (Linguagem de programação de computador),Livro,Biblioteca Setorial Profª. Maria Lúcia da Costa Bezerra - ­CERES­ - Caicó,3,4,3,1,0,8,2.67
256388,Pense em Python :,"Downey, Allen B.,",Python (Linguagem de programação de computador),Livro,Biblioteca Setorial Profª. Maria Lúcia da Costa Bezerra - ­CERES­ - Caicó,3,0,5,1,2,8,2.67
210957,Interação humano-computador,"Benyon, David.",Interação homem-máquina,Livro,Biblioteca Setorial Profª. Maria Lúcia da Costa Bezerra - ­CERES­ - Caicó,5,4,1,1,8,14,2.8
238826,PHP :,"Dall'Oglio, Pablo,",PHP (Linguagem de programação de computador),Livro,Biblioteca Setorial Profª. Maria Lúcia da Costa Bezerra - ­CERES­ - Caicó,7,13,6,1,0,20,2.86
153366,Introdução ao data mining :,"Tan, Pang-Ning.",Mineração de dados (Computação),Livro,Biblioteca Setorial Profª. Maria Lúcia da Costa Bezerra - ­CERES­ - Caicó,2,4,1,0,1,6,3.0
189183,Mineração de dados da web social,"Russell, Matthew A.",Mineração de dados (Data mining),Livro,Biblioteca Setorial Profª. Maria Lúcia da Costa Bezerra - ­CERES­ - Caicó,4,5,7,0,0,12,3.0
202326,Avaliação e projeto no design de interfaces,"Santa Rosa, José Guilherme,",Interação homem-máquina,Livro,Biblioteca Setorial Profª. Maria Lúcia da Costa Bezerra - ­CERES­ - Caicó,3,6,3,0,0,9,3.0
208716,Aprendendo web design :,"Robbins, Jennifer Niederst.",Web design,Livro,Biblioteca Setorial Profª. Maria Lúcia da Costa Bezerra - ­CERES­ - Caicó,2,0,2,4,0,6,3.0
214231,UML 2 :,"Guedes, T. A. Gilleanes.",UML (Linguagem de modelagem padrão),Livro,Biblioteca Setorial Profª. Maria Lúcia da Costa Bezerra - ­CERES­ - Caicó,4,4,7,1,0,12,3.0
216058,Inteligência artificial,"Russell, Stuart J.",Inteligencia artificial,Livro,Biblioteca Setorial Profª. Maria Lúcia da Costa Bezerra - ­CERES­ - Caicó,3,3,3,2,1,9,3.0
216931,Trinta projetos com Arduino,"Monk, Simon.",Programas de computadores,Livro,Biblioteca Setorial Profª. Maria Lúcia da Costa Bezerra - ­CERES­ - Caicó,3,6,3,0,0,9,3.0
238821,Programação java para web :,"Luckow, Décio Heinzelmann.",Java (Linguagem de programação de computador),Livro,Biblioteca Setorial Profª. Maria Lúcia da Costa Bezerra - ­CERES­ - Caicó,1,1,2,0,0,3,3.0
241947,Web scraping com python :,"Mitchell, Ryan",Python (Linguagem de programação de computador),Livro,Biblioteca Setorial Profª. Maria Lúcia da Costa Bezerra - ­CERES­ - Caicó,3,1,8,0,0,9,3.0
249566,Criando projetos com Arduino para a internet das coisas,"Javed, Adeel.",Arduino (Controlador programável),Livro,Biblioteca Setorial Profª. Maria Lúcia da Costa Bezerra - ­CERES­ - Caicó,6,6,10,0,3,19,3.17
162587,Computer organization and design :,"Patterson, David A.",Arquitetura de computador,Livro,Biblioteca Setorial Profª. Maria Lúcia da Costa Bezerra - ­CERES­ - Caicó,8,7,15,2,2,26,3.25
206805,Programação com arduino :,"Monk, Simon",Arduino (Controlador programável),Livro,Biblioteca Setorial Profª. Maria Lúcia da Costa Bezerra - ­CERES­ - Caicó,6,12,7,1,0,20,3.33
230391,Testes de invasão :,"Weidman, Georgia.",Teste de invasão (Medidas de segurança para computadores),Livro,Biblioteca Setorial Profª. Maria Lúcia da Costa Bezerra - ­CERES­ - Caicó,3,2,5,0,3,10,3.33
249560,Manual de projetos do Arduíno :,"Geddes, Mark.",Linguagem de programação (Computadores),Livro,Biblioteca Setorial Profª. Maria Lúcia da Costa Bezerra - ­CERES­ - Caicó,3,1,9,0,0,10,3.33
166745,Treinamento em linguagem C,"Mizrahi, Victorine Viviane.",C (Linguagem de programação de computador),Livro,Biblioteca Setorial Profª. Maria Lúcia da Costa Bezerra - ­CERES­ - Caicó,5,13,3,1,0,17,3.4
247115,Nature-inspired optimization algorithms,"Yang, Xin-She.",Algoritmos de computador,Livro,Biblioteca Setorial Profª. Maria Lúcia da Costa Bezerra - ­CERES­ - Caicó,5,6,6,1,4,17,3.4
127506,Organização estruturada de computadores,"Tanenbaum, Andrew S.,",Arquitetura de computador,Livro,Biblioteca Setorial Profª. Maria Lúcia da Costa Bezerra - ­CERES­ - Caicó,6,21,0,0,0,21,3.5
190892,Programação java para web,"Luckow, Décio Heinzelmann.",Java (Linguagem de programação de computador),Livro,Biblioteca Setorial Profª. Maria Lúcia da Costa Bezerra - ­CERES­ - Caicó,2,1,5,1,0,7,3.5
237768,Fundamentos de sistemas operacionais,"Silberschatz, Abraham.",Armazenamento de dados,Livro,Biblioteca Setorial Profª. Maria Lúcia da Costa Bezerra - ­CERES­ - Caicó,10,21,2,10,2,35,3.5
241012,Introdução à ciência de dados :,"Amaral, Fernando.",Tratamento de dados,Livro,Biblioteca Setorial Profª. Maria Lúcia da Costa Bezerra - ­CERES­ - Caicó,2,1,3,1,2,7,3.5
229752,Python para desenvolvedores,"Borges, Luiz Eduardop.",Python (Linguagem de programação de computador),Livro,Biblioteca Setorial Profª. Maria Lúcia da Costa Bezerra - ­CERES­ - Caicó,15,34,14,2,4,54,3.6
176488,Interação humano-computador,"Barbosa, Simone Diniz Junqueira.",Interação humano-computador,Livro,Biblioteca Setorial Profª. Maria Lúcia da Costa Bezerra - ­CERES­ - Caicó,8,16,9,2,2,29,3.62
245342,Data mining :,"Goldschmidt, Ronaldo.",Banco de dados,Livro,Biblioteca Setorial Profª. Maria Lúcia da Costa Bezerra - ­CERES­ - Caicó,3,7,1,2,1,11,3.67
256395,Android essencial com Kotlin,"Lecheta, RicardoR.,",Kotlin (linguagem de programação),Livro,Biblioteca Setorial Profª. Maria Lúcia da Costa Bezerra - ­CERES­ - Caicó,3,0,10,0,1,11,3.67
230395,Django essencial :,"Elman, Julia",Python (Linguagem de programação de computador),Livro,Biblioteca Setorial Profª. Maria Lúcia da Costa Bezerra - ­CERES­ - Caicó,5,11,5,3,0,19,3.8
180475,Engenharia de software :,"Pressman, Roger S.",Engenharia de software,Livro,Biblioteca Setorial Profª. Maria Lúcia da Costa Bezerra - ­CERES­ - Caicó,10,31,7,1,1,40,4.0
211020,Level UP :,"Rogers, Scott.",Vídeo game -,Livro,Biblioteca Setorial Profª. Maria Lúcia da Costa Bezerra - ­CERES­ - Caicó,3,9,3,0,0,12,4.0
214392,Android :,"Ogliari, Ricardo da Silva.",Android (Sistema operacional),Livro,Biblioteca Setorial Profª. Maria Lúcia da Costa Bezerra - ­CERES­ - Caicó,3,7,4,1,0,12,4.0
226049,Análise de pontos de função :,"Vazquez, Carlos Eduardo.",Análise de sistemas,Livro,Biblioteca Setorial Profª. Maria Lúcia da Costa Bezerra - ­CERES­ - Caicó,3,11,1,0,0,12,4.0
182361,Introdução à programação com Python :,"Menezes, Nilo Ney Coutinho.",Python (Linguagem de programação de computador),Livro,Biblioteca Setorial Profª. Maria Lúcia da Costa Bezerra - ­CERES­ - Caicó,7,20,8,0,2,30,4.29
186864,Scilab :,"Leite, Mário.",Scilab (Programa de computador),Livro,Biblioteca Setorial Profª. Maria Lúcia da Costa Bezerra - ­CERES­ - Caicó,6,11,15,0,0,26,4.33
249766,O guia do mochileiro Python :,"Reitz, Kenneth.",Python (Linguagem de programação de computador),Livro,Biblioteca Setorial Profª. Maria Lúcia da Costa Bezerra - ­CERES­ - Caicó,3,3,3,1,6,13,4.33
191075,Python e django :,"Santana, Osvaldo.",Desenvolvimento web,Livro,Biblioteca Setorial Profª. Maria Lúcia da Costa Bezerra - ­CERES­ - Caicó,2,4,3,2,0,9,4.5
176598,Conceitos de linguagens de programação,"Sebesta, Robert W.",Linguagem de programação (Computadores),Livro,Biblioteca Setorial Profª. Maria Lúcia da Costa Bezerra - ­CERES­ - Caicó,6,17,11,0,0,28,4.67
191926,Algoritmos genéticos,"Linden, Ricardo.",Computação evolutiva,Livro,Biblioteca Setorial Profª. Maria Lúcia da Costa Bezerra - ­CERES­ - Caicó,5,18,6,0,0,24,4.8
256452,"Internet das coisas com ESP8266, Arduino e Raspberry Pi","Oliveira, Sérgio de.",Internet das coisas,Livro,Biblioteca Setorial Profª. Maria Lúcia da Costa Bezerra - ­CERES­ - Caicó,3,0,11,0,4,15,5.0
241941,Aprendendo PHP :,"Sklar, David",PHP (Linguagem de programação de computadores),Livro,Biblioteca Setorial Profª. Maria Lúcia da Costa Bezerra - ­CERES­ - Caicó,3,11,3,2,0,16,5.33
249732,Android essencial,"Lecheta, Ricardo R.",Android (Recurso eletrônico),Livro,Biblioteca Setorial Profª. Maria Lúcia da Costa Bezerra - ­CERES­ - Caicó,3,8,5,1,2,16,5.33
247138,Javascript e Jquery :,"Duckett, Jon.",JavaScript (Linguagem de programação de computador),Livro,Biblioteca Setorial Profª. Maria Lúcia da Costa Bezerra - ­CERES­ - Caicó,3,8,8,2,3,21,7.0
186157,Estruturas de dados :,"Ascencio, Ana Fernanda Gomes.",Estruturas de dados (Computação),Livro,Biblioteca Setorial Profª. Maria Lúcia da Costa Bezerra - ­CERES­ - Caicó,6,8,33,0,2,43,7.17
247893,Introdução à mineração de dados :,"Castro, Leandro Nunes de,",Mineração de dados (Computação),Livro,Biblioteca Setorial Profª. Maria Lúcia da Costa Bezerra - ­CERES­ - Caicó,3,14,4,1,3,22,7.33
218608,Introdução à programação com Python :,"Menezes, Nilo Ney Coutinho.",Programação de computadores,Livro,Biblioteca Setorial Profª. Maria Lúcia da Costa Bezerra - ­CERES­ - Caicó,27,87,79,13,33,212,7.85
167923,Programação orientada a objetos com Java :,"Barnes, David J.",Java (Linguagem de programação de computador),Livro,Biblioteca Setorial Profª. Maria Lúcia da Costa Bezerra - ­CERES­ - Caicó,8,14,44,8,2,68,8.5
152033,Use a cabeça! :,"Freeman, Eric,",Java (Linguagem de programação de computador),Livro,Biblioteca Setorial Profª. Maria Lúcia da Costa Bezerra - ­CERES­ - Caicó,3,14,4,5,4,27,9.0
245367,Aprenda mineração de dados :,"Amaral, Fernando,",Mineração de Dados,Livro,Biblioteca Setorial Profª. Maria Lúcia da Costa Bezerra - ­CERES­ - Caicó,3,22,6,1,0,29,9.67
252154,Organização e projeto de computadores :,"Patterson, David A.",Arquitetura de computador,Livro,Biblioteca Setorial Profª. Maria Lúcia da Costa Bezerra - ­CERES­ - Caicó,3,0,23,0,9,32,10.67
185047,Tecnologia da informática e da comunicação em enfermagem,,Enfermagem -,Livro,Biblioteca Setorial da Faculdade de Ciências da Saúde do Trairi - FACISA - Santa Cruz,2,0,0,0,0,0,0.0
213268,Segredos do Google :,"Carmona, Tadeu.",Google,Livro,Biblioteca Setorial da Faculdade de Ciências da Saúde do Trairi - FACISA - Santa Cruz,1,0,0,0,0,0,0.0
169157,300 dicas para o office 2007,"Miyagusku, Renata.",Office -,Livro,Biblioteca Setorial da Faculdade de Ciências da Saúde do Trairi - FACISA - Santa Cruz,5,1,0,0,0,1,0.2
123283,SPSS básico para análise de dados,"Oliveira, Francisco Estevam Martins de.",SPSS (Programa de computador),Livro,Biblioteca Setorial da Faculdade de Ciências da Saúde do Trairi - FACISA - Santa Cruz,8,2,1,0,2,5,0.62
110273,Informática :,"Silva, Mário Gomes da,",Programa de computação,Livro,Biblioteca Setorial da Faculdade de Ciências da Saúde do Trairi - FACISA - Santa Cruz,6,7,0,0,1,8,1.33
12928,Informática para bibliotecas,"Rowley, J. E.,",Bibliotecas -,Livro,Biblioteca Setorial do Centro Ciências Sociais Aplicadas - CCSA,1,0,0,0,0,0,0.0
24531,Gerenciando data warehouse :,"Inmon, William H.,",Banco de dados -,Livro,Biblioteca Setorial do Centro Ciências Sociais Aplicadas - CCSA,1,0,0,0,0,0,0.0
44080,Sistemas de Informação :,"Laudon, Kenneth C.",Internet (Redes de computação),Livro,Biblioteca Setorial do Centro Ciências Sociais Aplicadas - CCSA,2,0,0,0,0,0,0.0
52320,e-Business essencial,"Derfler, Frank J.",Business,Livro,Biblioteca Setorial do Centro Ciências Sociais Aplicadas - CCSA,4,0,0,0,0,0,0.0
52721,A (R)Evolução do E-business :,"Amor, Daniel.",Internet(Redes de Computador),Livro,Biblioteca Setorial do Centro Ciências Sociais Aplicadas - CCSA,1,0,0,0,0,0,0.0
52952,Por dentro da bolha :,"Veras, Paulo.",Internet (Rede de computadores) -,Livro,Biblioteca Setorial do Centro Ciências Sociais Aplicadas - CCSA,1,0,0,0,0,0,0.0
56466,O uso da Internet no setor de hotelaria :,"Lobianco, Márcia Moura Leite.",Administração -,Dissertação,Biblioteca Setorial do Centro Ciências Sociais Aplicadas - CCSA,3,0,0,0,0,0,0.0
61359,Informação & informática,,Ciência da informação,Livro,Biblioteca Setorial do Centro Ciências Sociais Aplicadas - CCSA,1,0,0,0,0,0,0.0
68493,Sistemas de informação e as decisões gerenciais na era da internet,"O'Brien, James A.,",Sistemas de informação gerencial,Livro,Biblioteca Setorial do Centro Ciências Sociais Aplicadas - CCSA,1,0,0,0,0,0,0.0
70169,Fundamentos de sistemas de informação,"Audy, Jorge Luis Nicolas.",Sistemas de informação gerencial,Livro,Biblioteca Setorial do Centro Ciências Sociais Aplicadas - CCSA,1,0,0,0,0,0,0.0
93212,A adoção de Inovações Pelos Consumidores:,"Azevedo, Alexandre Cabral de.",Comportamento Inovador -,Dissertação,Biblioteca Setorial do Centro Ciências Sociais Aplicadas - CCSA,1,0,0,0,0,0,0.0
93340,Sistemas de informação :,"Boghi, Cláudio.",Banco de dados,Livro,Biblioteca Setorial do Centro Ciências Sociais Aplicadas - CCSA,1,0,0,0,0,0,0.0
93767,Gestão da tecnologia da informação :,,Tecnologia da informação,Livro,Biblioteca Setorial do Centro Ciências Sociais Aplicadas - CCSA,1,0,0,0,0,0,0.0
97718,A conexão cisco :,"Bunnell, David.",Empresa,Livro,Biblioteca Setorial do Centro Ciências Sociais Aplicadas - CCSA,1,0,0,0,0,0,0.0
98042,Banco de dados :,Universidade Federal do Rio Grande do Norte.,Universidade Federal do Rio Grande do Norte -,Livro,Biblioteca Setorial do Centro Ciências Sociais Aplicadas - CCSA,4,0,0,0,0,0,0.0
98315,Comércio eletrônico :,"Albertin, Alberto Luiz.",Comércio -,Livro,Biblioteca Setorial do Centro Ciências Sociais Aplicadas - CCSA,5,0,0,0,0,0,0.0
98773,Backup and recovery,"Preston, W. Curtis.",Backup,Livro,Biblioteca Setorial do Centro Ciências Sociais Aplicadas - CCSA,1,0,0,0,0,0,0.0
102526,Electronic commerce:,"Turban, Efraim.",Comércio eletrônico,Livro,Biblioteca Setorial do Centro Ciências Sociais Aplicadas - CCSA,1,0,0,0,0,0,0.0
104776,Comércio eletrônico para pequenas empresas,"Menezes, Hilton.",Comércio eletrônico,Livro,Biblioteca Setorial do Centro Ciências Sociais Aplicadas - CCSA,1,0,0,0,0,0,0.0
104910,Electronic commerce:,"Kalakota, Ravi.",Comércio eletrônico,Livro,Biblioteca Setorial do Centro Ciências Sociais Aplicadas - CCSA,1,0,0,0,0,0,0.0
107425,Comércio eletrônico,"Teixeira Filho, Jayme.",Comércio eletrônico,Livro,Biblioteca Setorial do Centro Ciências Sociais Aplicadas - CCSA,1,0,0,0,0,0,0.0
107542,Os bastidores da internet no Brasil,"Vieira, Eduardo.",Internet,Livro,Biblioteca Setorial do Centro Ciências Sociais Aplicadas - CCSA,1,0,0,0,0,0,0.0
109272,Grid computing:,"Taurion, Cezar.",Grids computacionais (Sistemas de computador),Livro,Biblioteca Setorial do Centro Ciências Sociais Aplicadas - CCSA,1,0,0,0,0,0,0.0
109347,A espiritualidade empresarial:,"Scarano, Roberto, 1949.",Admnistração de empresas,Livro,Biblioteca Setorial do Centro Ciências Sociais Aplicadas - CCSA,1,0,0,0,0,0,0.0
112920,Tecnologia da informação:,"Lucas, Henry C.,",Tecnologia da informação,Livro,Biblioteca Setorial do Centro Ciências Sociais Aplicadas - CCSA,1,0,0,0,0,0,0.0
117937,A inovação tecnológica e as dinâmicas locais :,"Ferreira, Laércio de Matos.",Programas de computador -,Livro,Biblioteca Setorial do Centro Ciências Sociais Aplicadas - CCSA,1,0,0,0,0,0,0.0
119092,Software livre e inclusão digital,,Sociedade da informação,Livro,Biblioteca Setorial do Centro Ciências Sociais Aplicadas - CCSA,1,0,0,0,0,0,0.0
119099,Competitividade e negócios eletrônicos:,,Comércio eletrônico,Livro,Biblioteca Setorial do Centro Ciências Sociais Aplicadas - CCSA,1,0,0,0,0,0,0.0
121504,Engenharia de software :,"Paula Filho, Wilson de Padua.",Engenharia de software,Livro,Biblioteca Setorial do Centro Ciências Sociais Aplicadas - CCSA,1,0,0,0,0,0,0.0
125724,Fatores que influenciam a aceitação de práticas avançadas de gestão de segurança da informação:,"Nobre, Anna Cláudia dos Santos.",Gestão de segurança da informação -,Dissertação,Biblioteca Setorial do Centro Ciências Sociais Aplicadas - CCSA,1,0,0,0,0,0,0.0
125955,Tecnologia da informação e da comunicação:,,Administração de empresas,Livro,Biblioteca Setorial do Centro Ciências Sociais Aplicadas - CCSA,1,0,0,0,0,0,0.0
126012,Implementing ITIL :,"Steinberg, Randy A.",Tecnologia da informação -,Livro,Biblioteca Setorial do Centro Ciências Sociais Aplicadas - CCSA,1,0,0,0,0,0,0.0
126128,The world of e-government,,Administração pública -,Livro,Biblioteca Setorial do Centro Ciências Sociais Aplicadas - CCSA,1,0,0,0,0,0,0.0
126139,Creating business advantage in the information age,"Applegate, Lynda M.",Comércio eletrônico,Livro,Biblioteca Setorial do Centro Ciências Sociais Aplicadas - CCSA,1,0,0,0,0,0,0.0
126144,B2B application integration :,"Linthicum, David S.,",Sistema de informação,Livro,Biblioteca Setorial do Centro Ciências Sociais Aplicadas - CCSA,1,0,0,0,0,0,0.0
126146,"Outsourcing information technology, systems, and services","Klepper, Robert,",Tecnologia da informação -,Livro,Biblioteca Setorial do Centro Ciências Sociais Aplicadas - CCSA,1,0,0,0,0,0,0.0
126147,Enterprise application integration,"Linthicum, David S.,",Sistema de informação -,Livro,Biblioteca Setorial do Centro Ciências Sociais Aplicadas - CCSA,1,0,0,0,0,0,0.0
126149,Electronic payment systems for e-commerce,"O'Mahony, Donal,",Comércio eletrônico,Livro,Biblioteca Setorial do Centro Ciências Sociais Aplicadas - CCSA,1,0,0,0,0,0,0.0
126150,Developing E-business systems & architectures :,"Harmon, Paul,",Comércio eletrônico -,Livro,Biblioteca Setorial do Centro Ciências Sociais Aplicadas - CCSA,1,0,0,0,0,0,0.0
128208,Análise de pontos de função:,"Vazquez, Carlos Eduardo.",Análise de sistemas,Livro,Biblioteca Setorial do Centro Ciências Sociais Aplicadas - CCSA,1,0,0,0,0,0,0.0
128209,Engenharia de software com CMM,"Fiorini, Soeli T.",Engenharia de software,Livro,Biblioteca Setorial do Centro Ciências Sociais Aplicadas - CCSA,1,0,0,0,0,0,0.0
128679,Implementing SAP R/3 :,"Bancroft, Nancy H.,",Computer integrated manufacturing systems,Livro,Biblioteca Setorial do Centro Ciências Sociais Aplicadas - CCSA,1,0,0,0,0,0,0.0
128680,IT risk :,"Westerman, George,",Tecnologia da informação -,Livro,Biblioteca Setorial do Centro Ciências Sociais Aplicadas - CCSA,1,0,0,0,0,0,0.0
128862,Offshore outsourcing :,"Robinson, Marcia.",Estratégia,Livro,Biblioteca Setorial do Centro Ciências Sociais Aplicadas - CCSA,1,0,0,0,0,0,0.0
128863,iCon :,"Young, Jeffrey S.,","Jobs, Steven,",Livro,Biblioteca Setorial do Centro Ciências Sociais Aplicadas - CCSA,1,0,0,0,0,0,0.0
128865,IT portfolio management step-by-step :,"Maizlish, Bryan.",Tecnologia da informação -,Livro,Biblioteca Setorial do Centro Ciências Sociais Aplicadas - CCSA,1,0,0,0,0,0,0.0
128976,Readings in information technology project management,"Richardson, Gary L.",Administração de projetos,Livro,Biblioteca Setorial do Centro Ciências Sociais Aplicadas - CCSA,1,0,0,0,0,0,0.0
128977,Information technology project management,"Schwalbe, Kathy.",Microsoft Project,Livro,Biblioteca Setorial do Centro Ciências Sociais Aplicadas - CCSA,1,0,0,0,0,0,0.0
128979,Making technology investments profitable :,"Keen, Jack M.",Tecnologia da Informação -,Livro,Biblioteca Setorial do Centro Ciências Sociais Aplicadas - CCSA,1,0,0,0,0,0,0.0
128980,What's this India business? :,"Davies, Paul",Subcontracting,Livro,Biblioteca Setorial do Centro Ciências Sociais Aplicadas - CCSA,1,0,0,0,0,0,0.0
129063,Managing IT as a business :,"Lutchen, Mark.",Tecnologia da informação -,Livro,Biblioteca Setorial do Centro Ciências Sociais Aplicadas - CCSA,1,0,0,0,0,0,0.0
130130,Managing knowledge :,"Applehans, Wayne.",Gerenciamento de bancos de dados,Livro,Biblioteca Setorial do Centro Ciências Sociais Aplicadas - CCSA,1,0,0,0,0,0,0.0
130135,Information dashboard design :,"Few, Stephen.",Sistemas de gestão da informação,Livro,Biblioteca Setorial do Centro Ciências Sociais Aplicadas - CCSA,1,0,0,0,0,0,0.0
130139,Moving to e-business,"Sleight, Steve.",Comércio eletrônico,Livro,Biblioteca Setorial do Centro Ciências Sociais Aplicadas - CCSA,1,0,0,0,0,0,0.0
130144,How Dell does it,"Holzner, Steven.",Dell Computer Corp -,Livro,Biblioteca Setorial do Centro Ciências Sociais Aplicadas - CCSA,1,0,0,0,0,0,0.0
131690,Política pública e educação digital no ensino fundamental em Natal/RN :,"Martins, Íris Laura Batista.",Administração -,Dissertação,Biblioteca Setorial do Centro Ciências Sociais Aplicadas - CCSA,1,0,0,0,0,0,0.0
137030,Fatores críticos de sucesso como antecedentes da aceitação de um sistema de informação em uma universidade federal,"Yoshino, Cristina Kasumi Nakata.",Administração -,Dissertação,Biblioteca Setorial do Centro Ciências Sociais Aplicadas - CCSA,1,0,0,0,0,0,0.0
137035,Mudança dos processos de negócios e adequação da Ti nas empresas em decorrência da implantação do sistema público de escrituração digital,"Alves Júnior, Eloi Prata.",Sistemas automatizados -,Dissertação,Biblioteca Setorial do Centro Ciências Sociais Aplicadas - CCSA,1,0,0,0,0,0,0.0
137196,Adoção do e-learning :,"Silva, Jaqueline Emília.",Administração -,Dissertação,Biblioteca Setorial do Centro Ciências Sociais Aplicadas - CCSA,1,0,0,0,0,0,0.0
161696,Crenças normativas e comportamentais e suas influências na intenção de adoção de um sistema de informação :,"Souza, Daniela Vianna Cortez de.",Sistemas automatizados -,Dissertação,Biblioteca Setorial do Centro Ciências Sociais Aplicadas - CCSA,2,0,0,0,0,0,0.0
162000,Fatores que influenciam a intenção de compra online:,"Fernandes, Luana de Oliveira.",Administração -,Dissertação,Biblioteca Setorial do Centro Ciências Sociais Aplicadas - CCSA,1,0,0,0,0,0,0.0
162101,Fatores inibidores à adoção de tecnologias de informação em micro e pequenas empresas fornecedoras do vale do Estado do Pará,"Aranha, Helder da Silva.",Administração -,Dissertação,Biblioteca Setorial do Centro Ciências Sociais Aplicadas - CCSA,1,0,0,0,0,0,0.0
162490,Engenharia de software,"Sommerville, Ian.",Engenharia de software,Livro,Biblioteca Setorial do Centro Ciências Sociais Aplicadas - CCSA,1,0,0,0,0,0,0.0
163568,Datacenter :,"Sousa Neto, Manoel Veras de.",Tecnologia da informação -,Livro,Biblioteca Setorial do Centro Ciências Sociais Aplicadas - CCSA,2,0,0,0,0,0,0.0
165840,Compreendendo SOA corporativa,"Pulier, Eric.",Informática,Livro,Biblioteca Setorial do Centro Ciências Sociais Aplicadas - CCSA,1,0,0,0,0,0,0.0
169260,Engenharia de software :,"Pfleeger, Shari Lawrence.",Engenharia de software,Livro,Biblioteca Setorial do Centro Ciências Sociais Aplicadas - CCSA,1,0,0,0,0,0,0.0
172824,Avaliação da informação de websites turísticos das cidades-sede da copa 2014,"Cacho, Andréa do Nascimento Barbosa.",Turismo -,Dissertação,Biblioteca Setorial do Centro Ciências Sociais Aplicadas - CCSA,1,0,0,0,0,0,0.0
175644,Estatística :,,Estatística comercial,Livro,Biblioteca Setorial do Centro Ciências Sociais Aplicadas - CCSA,1,0,0,0,0,0,0.0
176078,Cloud computing :,"Velte, Anthony T.",Computação em nuvem,Livro,Biblioteca Setorial do Centro Ciências Sociais Aplicadas - CCSA,1,0,0,0,0,0,0.0
178702,Previsão do índice Bovespa por meio de redes neurais artificiais :,"Souza, Renata Laíse Reis de.",Administração -,Dissertação,Biblioteca Setorial do Centro Ciências Sociais Aplicadas - CCSA,1,0,0,0,0,0,0.0
180661,Virtualização :,"Veras, Manoel",Virtualização,Livro,Biblioteca Setorial do Centro Ciências Sociais Aplicadas - CCSA,1,0,0,0,0,0,0.0
180911,A arte do desenvolvimento ágil,"Shore, James.",Software -,Livro,Biblioteca Setorial do Centro Ciências Sociais Aplicadas - CCSA,1,0,0,0,0,0,0.0
188826,Governança de TI :,"Weill, Peter.",Tecnologia da informação,Livro,Biblioteca Setorial do Centro Ciências Sociais Aplicadas - CCSA,1,0,0,0,0,0,0.0
191610,Sistemas de gerenciamento de bibliotecas :,"Costa, Maria Ilza da.",Administração do conhecimento -,Dissertação,Biblioteca Setorial do Centro Ciências Sociais Aplicadas - CCSA,1,0,0,0,0,0,0.0
191960,O carro-biblioteca da ECI/UFMG :,,Carro-biblioteca,Livro,Biblioteca Setorial do Centro Ciências Sociais Aplicadas - CCSA,2,0,0,0,0,0,0.0
199776,A Satisfação e a intenção de continuidade de uso em serviços de e-learning :,"Pereira, Fernando Antonio de Melo.",Ensino à distância -,Dissertação,Biblioteca Setorial do Centro Ciências Sociais Aplicadas - CCSA,1,0,0,0,0,0,0.0
201107,Arquitetura empresarial :,"Silva, César Augusto Barreto da.",Arquitetura empresarial -,Dissertação,Biblioteca Setorial do Centro Ciências Sociais Aplicadas - CCSA,1,0,0,0,0,0,0.0
203604,Transparência fiscal eletrônica  :,"Santana Junior, Jorge José Barros de.",Responsabilidade fiscal      -,Dissertação,Biblioteca Setorial do Centro Ciências Sociais Aplicadas - CCSA,1,0,0,0,0,0,0.0
207167,Arquitetura de nuvem :,"Sousa Neto, Manoel Veras de.",Arquitetura de nuvem,Livro,Biblioteca Setorial do Centro Ciências Sociais Aplicadas - CCSA,1,0,0,0,0,0,0.0
208227,Governança da nova TI :,"Mansur, Ricardo,",Governança em tecnologias da informação,Livro,Biblioteca Setorial do Centro Ciências Sociais Aplicadas - CCSA,1,0,0,0,0,0,0.0
209822,Construção das capacidades organizacionais de tecnologia da informação no contexto dos sistemas institucionais integrados da UFRN,"Medeiros Júnior, Josué Vitor de.",Gestão de sistemas de informação -,Tese,Biblioteca Setorial do Centro Ciências Sociais Aplicadas - CCSA,1,0,0,0,0,0,0.0
210533,Tecnologia de informação,,Tecnologia da informação,Livro,Biblioteca Setorial do Centro Ciências Sociais Aplicadas - CCSA,1,0,0,0,0,0,0.0
212014,Relações entre perfil de valores e perfil de uso da tecnologia :,"Queiros, Alinne Pompeu Cunha de.",Administração -,Dissertação,Biblioteca Setorial do Centro Ciências Sociais Aplicadas - CCSA,1,0,0,0,0,0,0.0
215656,Excelência em liderança para TI :,"Waller, Graham.",Tecnologia da informação,Livro,Biblioteca Setorial do Centro Ciências Sociais Aplicadas - CCSA,1,0,0,0,0,0,0.0
216114,O setor de internet no Brasil :,"Pereira, Marcelo de Carvalho.",Internet -,Livro,Biblioteca Setorial do Centro Ciências Sociais Aplicadas - CCSA,1,0,0,0,0,0,0.0
221959,SOA :,"Erl, Thomas.",Informática,Livro,Biblioteca Setorial do Centro Ciências Sociais Aplicadas - CCSA,1,0,0,0,0,0,0.0
227548,Direito digital,"Peck, Patricia,",Internet (Redes de computação) -,Livro,Biblioteca Setorial do Centro Ciências Sociais Aplicadas - CCSA,1,0,0,0,0,0,0.0
227722,A revolução da inovação aberta :,"Lindegaard, Stefan",Inovações tecnológicas,Livro,Biblioteca Setorial do Centro Ciências Sociais Aplicadas - CCSA,1,0,0,0,0,0,0.0
230214,O verdadeiro valor de TI :,"Hunter, Richard,",Tecnologia da informação -,Livro,Biblioteca Setorial do Centro Ciências Sociais Aplicadas - CCSA,1,0,0,0,0,0,0.0
230215,Gestão de tecnologia da informação :,"Molinaro, Luís Fernando Ramos",Tecnologia da informação -,Livro,Biblioteca Setorial do Centro Ciências Sociais Aplicadas - CCSA,1,0,0,0,0,0,0.0
230508,ITIL v3 atualizado em 2011:,"Teruel, Evandro Carlos.",Tecnologia da informação -,Livro,Biblioteca Setorial do Centro Ciências Sociais Aplicadas - CCSA,1,0,0,0,0,0,0.0
230575,A arte do gerencimento de projetos,"Berkun, Scott.",Administração de projetos,Livro,Biblioteca Setorial do Centro Ciências Sociais Aplicadas - CCSA,1,0,0,0,0,0,0.0
230622,The squandered computer :,"Strassmann, Paul A.",Gestão -,Livro,Biblioteca Setorial do Centro Ciências Sociais Aplicadas - CCSA,1,0,0,0,0,0,0.0
230623,Mastering the hype cycle :,"Fenn, Jackie.",Inovações tecnológicas -,Livro,Biblioteca Setorial do Centro Ciências Sociais Aplicadas - CCSA,1,0,0,0,0,0,0.0
234546,Managing IT outsourcing :,"Beulen, Erik.",Tecnologia da informação -,Livro,Biblioteca Setorial do Centro Ciências Sociais Aplicadas - CCSA,1,0,0,0,0,0,0.0
235019,Global information technology outsourcing :,"Lacity, Mary Cecelia.",Subcontratação,Livro,Biblioteca Setorial do Centro Ciências Sociais Aplicadas - CCSA,1,0,0,0,0,0,0.0
235972,eGov :,"Holmes, Douglas,",Administração pública -,Livro,Biblioteca Setorial do Centro Ciências Sociais Aplicadas - CCSA,1,0,0,0,0,0,0.0
235973,CMMI :,"Chrissis, Mary Beth.",Engenharia de software,Livro,Biblioteca Setorial do Centro Ciências Sociais Aplicadas - CCSA,1,0,0,0,0,0,0.0
237921,Será que TI é tudo? :,"Carr, Nicholas G.,",Tecnologia da informação,Livro,Biblioteca Setorial do Centro Ciências Sociais Aplicadas - CCSA,1,0,0,0,0,0,0.0
239425,Resumo dos trabalhos [do] 23º Encontro da ANPAD,"Encontro da ANPAD (23. : 1999 : Foz do Iguaçu, PR).  (23. : 1999 : Foz do Iguaçu, PR).",Administração da Informação -,Livro,Biblioteca Setorial do Centro Ciências Sociais Aplicadas - CCSA,1,0,0,0,0,0,0.0
239433,Resumo dos trabalhos [do] 21º Encontro da ANPAD,"Encontro da ANPAD  (21. : 1997 : Rio das Pedras, RJ).",Administração da Informação -,Livro,Biblioteca Setorial do Centro Ciências Sociais Aplicadas - CCSA,1,0,0,0,0,0,0.0
239617,Introdução à análise de sistemas,Serviço Nacional de Aprendizagem Comercial,Análise de sistemas,Livro,Biblioteca Setorial do Centro Ciências Sociais Aplicadas - CCSA,1,0,0,0,0,0,0.0
239801,Relatório de políticas de internet :,Fundação Getúlio Vargas.,Internet -,Livro,Biblioteca Setorial do Centro Ciências Sociais Aplicadas - CCSA,1,0,0,0,0,0,0.0
240471,Caminhos para a universalização da internet banda larga :,,Internet,Livro,Biblioteca Setorial do Centro Ciências Sociais Aplicadas - CCSA,1,0,0,0,0,0,0.0
240586,Desenvolvendo aplicações poderosas com Excel e VBA,"Fernandes, Maicris,",Excel -,Livro,Biblioteca Setorial do Centro Ciências Sociais Aplicadas - CCSA,1,0,0,0,0,0,0.0
245106,Ergonomia e usabilidade :,"Cybis, Walter Otto.",Ergonomia,Livro,Biblioteca Setorial do Centro Ciências Sociais Aplicadas - CCSA,2,0,0,0,0,0,0.0
246586,Economias do compartilhamento e o direito,,Direito,Livro,Biblioteca Setorial do Centro Ciências Sociais Aplicadas - CCSA,1,0,0,0,0,0,0.0
246631,SAP R/3 handbook,"Hernandez, José Antonio.",SAP R/3,Livro,Biblioteca Setorial do Centro Ciências Sociais Aplicadas - CCSA,1,0,0,0,0,0,0.0
249050,Biblioteca digital hipertextual :,,Bibliotecas digitais,Livro,Biblioteca Setorial do Centro Ciências Sociais Aplicadas - CCSA,2,0,0,0,0,0,0.0
253074,Qualidade de software :,"Koscianski, André.",Software -,Livro,Biblioteca Setorial do Centro Ciências Sociais Aplicadas - CCSA,1,0,0,0,0,0,0.0
255892,Uma introdução à governança da internet,"Kurbalija, Jovan",Administração -,Livro,Biblioteca Setorial do Centro Ciências Sociais Aplicadas - CCSA,3,0,0,0,0,0,0.0
256001,"Eliminating ""us and them"" :","Romero, Steven.",Information technology,Livro,Biblioteca Setorial do Centro Ciências Sociais Aplicadas - CCSA,1,0,0,0,0,0,0.0
256735,Web 2.0 heroes :,"Jones, Bradley L.",Web 2.0 (Sistema de recuperação da informação),Livro,Biblioteca Setorial do Centro Ciências Sociais Aplicadas - CCSA,1,0,0,0,0,0,0.0
256794,Analítica Web 2.0 :,"Kaushik, Avinash",Internet,Livro,Biblioteca Setorial do Centro Ciências Sociais Aplicadas - CCSA,1,0,0,0,0,0,0.0
256870,Redes :,"Peborgh, Ernesto Van.",Redes de computadores,Livro,Biblioteca Setorial do Centro Ciências Sociais Aplicadas - CCSA,1,0,0,0,0,0,0.0
257079,Redes de informação:,,Biblioteca universitária,Livro,Biblioteca Setorial do Centro Ciências Sociais Aplicadas - CCSA,1,0,0,0,0,0,0.0
257137,Certificação digital :,,Internet -,Livro,Biblioteca Setorial do Centro Ciências Sociais Aplicadas - CCSA,1,0,0,0,0,0,0.0
257356,Manual de digitalização de acervos:,"Silva, Rubens Ribeiro Gonçalves da,",Documentos arquivísticos -,Livro,Biblioteca Setorial do Centro Ciências Sociais Aplicadas - CCSA,1,0,0,0,0,0,0.0
257601,Using SANs and NAS,"Preston, W. Curtis.",Memória,Livro,Biblioteca Setorial do Centro Ciências Sociais Aplicadas - CCSA,1,0,0,0,0,0,0.0
257783,Firewalls,"Strebe, Matthew.",Firewalls (Medidas de segurança para computadores),Livro,Biblioteca Setorial do Centro Ciências Sociais Aplicadas - CCSA,1,0,0,0,0,0,0.0
257786,IP SANs :,"Clark, Tom,",Redes de armazenamento -,Livro,Biblioteca Setorial do Centro Ciências Sociais Aplicadas - CCSA,1,0,0,0,0,0,0.0
264665,Excel para profissionais de finanças :,"Correia Neto, Jocildo Figueiredo.",EXCEL (Programa de Computador),Livro,Biblioteca Setorial do Centro Ciências Sociais Aplicadas - CCSA,1,0,0,0,0,0,0.0
264985,Guia do usuário do tema tres,,Tesauro,Livro,Biblioteca Setorial do Centro Ciências Sociais Aplicadas - CCSA,1,0,0,0,0,0,0.0
264993,VuFind:,,Sistema de entrega e descoberta,Livro,Biblioteca Setorial do Centro Ciências Sociais Aplicadas - CCSA,1,0,0,0,0,0,0.0
265302,Modelagem financeira com Excel :,"Lapponi, Juan Carlos.",Matemática financeira -,Livro,Biblioteca Setorial do Centro Ciências Sociais Aplicadas - CCSA,1,0,0,0,0,0,0.0
265309,Excel aplicado à gestão empresarial,"Bruni, Adriano Leal.",Administração de empresas,Livro,Biblioteca Setorial do Centro Ciências Sociais Aplicadas - CCSA,1,0,0,0,0,0,0.0
265313,Ganhe nas bolsas com o seu micro,"Deschatre, Gil Ari.",Mercado de capitais,Livro,Biblioteca Setorial do Centro Ciências Sociais Aplicadas - CCSA,1,0,0,0,0,0,0.0
268153,Preservação digital e suas facetas,,Preservação digital,Livro,Biblioteca Setorial do Centro Ciências Sociais Aplicadas - CCSA,4,0,0,0,0,0,0.0
271420,Como ingressar nos negócios digitais,"Fagundes, Eduardo Mayer",Comércio eletrônico,Livro,Biblioteca Setorial do Centro Ciências Sociais Aplicadas - CCSA,1,0,0,0,0,0,0.0
274158,Proteção de dados pessoais:,Bruno Ricardo Bioni,Internet (redes de computação) -,Livro,Biblioteca Setorial do Centro Ciências Sociais Aplicadas - CCSA,1,0,0,0,0,0,0.0
280757,Web 2.0:,"Shuen, Amy Anne.",Internet -,Livro,Biblioteca Setorial do Centro Ciências Sociais Aplicadas - CCSA,1,0,0,0,0,0,0.0
289265,Direito da internet e da sociedade da informação :,"Ascensão, José de Oliveira.",Direitos autorais -,Livro,Biblioteca Setorial do Centro Ciências Sociais Aplicadas - CCSA,2,0,0,0,0,0,0.0
289306,Internet legal :,,Internet -,Livro,Biblioteca Setorial do Centro Ciências Sociais Aplicadas - CCSA,1,0,0,0,0,0,0.0
289836,Conflitos sobre nomes de domínio :,,Nomes de domínio na Internet -,Livro,Biblioteca Setorial do Centro Ciências Sociais Aplicadas - CCSA,1,0,0,0,0,0,0.0
289931,Assinatura eletrônica :,"Menke, Fabiano.",Assinaturas digitais -,Livro,Biblioteca Setorial do Centro Ciências Sociais Aplicadas - CCSA,1,0,0,0,0,0,0.0
290272,Direito da tecnologia da informação,"Malta, Maria Lucia Levy.",Tecnologia da informação -,Livro,Biblioteca Setorial do Centro Ciências Sociais Aplicadas - CCSA,1,0,0,0,0,0,0.0
290307,Internet  :,"Vasconcelos, Fernando Antônio de.",Internet -,Livro,Biblioteca Setorial do Centro Ciências Sociais Aplicadas - CCSA,1,0,0,0,0,0,0.0
290314,Direito sociedade e informática :,,Informática jurídica,Livro,Biblioteca Setorial do Centro Ciências Sociais Aplicadas - CCSA,1,0,0,0,0,0,0.0
291331,Direito à intimidade na internet,"Pereira, Marcelo Cardoso.",Direito,Livro,Biblioteca Setorial do Centro Ciências Sociais Aplicadas - CCSA,1,0,0,0,0,0,0.0
291718,Confiança no comércio eletrônico e a proteção do consumidor :,"Marques, Claudia Lima.",Comércio eletrônico -,Livro,Biblioteca Setorial do Centro Ciências Sociais Aplicadas - CCSA,2,0,0,0,0,0,0.0
292616,Comércio eletrônico,"Lorenzetti, Ricardo Luis.",Comércio eletrônico -,Livro,Biblioteca Setorial do Centro Ciências Sociais Aplicadas - CCSA,2,0,0,0,0,0,0.0
295678,O comércio electrónico :,,Comércio eletrônico,Livro,Biblioteca Setorial do Centro Ciências Sociais Aplicadas - CCSA,1,0,0,0,0,0,0.0
296555,O regime jurídico de proteção à intimidade na era da informação :,"Pimenta, Rafael da Cunha",Direito à proteção dos dados informáticos,Livro,Biblioteca Setorial do Centro Ciências Sociais Aplicadas - CCSA,1,0,0,0,0,0,0.0
297626,Gobierno electrónico :,"Piana, Ricardo Sebastián",Administração pública -,Livro,Biblioteca Setorial do Centro Ciências Sociais Aplicadas - CCSA,1,0,0,0,0,0,0.0
298082,"Direito da informática, privacidade e dados pessoais","Castro, Catarina Sarmento e.",Direito da informática,Livro,Biblioteca Setorial do Centro Ciências Sociais Aplicadas - CCSA,1,0,0,0,0,0,0.0
299724,Comercio eletrônico,,Comércio eletrônico -,Livro,Biblioteca Setorial do Centro Ciências Sociais Aplicadas - CCSA,1,0,0,0,0,0,0.0
300316,Governo eletrônico :,,Administração pública -,Livro,Biblioteca Setorial do Centro Ciências Sociais Aplicadas - CCSA,2,0,0,0,0,0,0.0
300974,A protecção dos consumidores nos contratos celebrados através da internet,"Oliveira, Elsa Dias",Comércio eletrônico -,Livro,Biblioteca Setorial do Centro Ciências Sociais Aplicadas - CCSA,1,0,0,0,0,0,0.0
301854,Fórum de governança da internet :,,Internet -,Livro,Biblioteca Setorial do Centro Ciências Sociais Aplicadas - CCSA,2,0,0,0,0,0,0.0
304591,O futuro regulado :,"Alves Filho, Francisco Canindé",Direito,Livro,Biblioteca Setorial do Centro Ciências Sociais Aplicadas - CCSA,3,0,0,0,0,0,0.0
306136,Excel para profissionais de finanças,"Correia Neto, Jocildo Figueiredo.",EXCEL (Programa de Computador),Livro,Biblioteca Setorial do Centro Ciências Sociais Aplicadas - CCSA,1,0,0,0,0,0,0.0
42438,CRM (Customer Relationship Management) em ambiente e-business :,"Cardoso, Mário Sérgio.",Comércio eletrônico,Livro,Biblioteca Setorial do Centro Ciências Sociais Aplicadas - CCSA,3,1,0,0,0,1,0.33
42952,E-business e erp :,,Automação,Livro,Biblioteca Setorial do Centro Ciências Sociais Aplicadas - CCSA,3,1,0,0,0,1,0.33
186792,Inteligência competitiva na internet :,"Oliveira, Alex Cabral de.",Concorrência,Livro,Biblioteca Setorial do Centro Ciências Sociais Aplicadas - CCSA,3,0,1,0,0,1,0.33
230924,Pesquisa sobre o uso das tecnologias de informação e comunicação no setor público Brasileiro :,,Tecnologia da informação -,Livro,Biblioteca Setorial do Centro Ciências Sociais Aplicadas - CCSA,3,0,1,0,0,1,0.33
247604,Gestão de redes de conhecimento,"Johnson, J. David,",Serviços de informação on-line,Livro,Biblioteca Setorial do Centro Ciências Sociais Aplicadas - CCSA,3,0,0,0,1,1,0.33
250896,As novas tecnologias da informação e a educação à distância,"Rosini, Alessandro Marco.",Tecnologia da informação,Livro,Biblioteca Setorial do Centro Ciências Sociais Aplicadas - CCSA,3,0,0,0,1,1,0.33
52125,CRM e e-Business,"Oliveira, Wilson José de.",Informática,Livro,Biblioteca Setorial do Centro Ciências Sociais Aplicadas - CCSA,2,1,0,0,0,1,0.5
215659,ITIL :,"Cougo, Paulo Sérgio.",Tecnologia da informação,Livro,Biblioteca Setorial do Centro Ciências Sociais Aplicadas - CCSA,2,0,1,0,0,1,0.5
123283,SPSS básico para análise de dados,"Oliveira, Francisco Estevam Martins de.",SPSS (Programa de computador),Livro,Biblioteca Setorial do Centro Ciências Sociais Aplicadas - CCSA,3,0,2,0,0,2,0.67
119463,Sistemas de informação e as decisões gerenciais na era da internet,"O'Brien, James A.,",Empresas -,Livro,Biblioteca Setorial do Centro Ciências Sociais Aplicadas - CCSA,1,0,0,1,0,1,1.0
133236,Gerenciamento de serviços de TI na prática :,"Magalhães, Ivan Luizio,",Tecnologia da Informação,Livro,Biblioteca Setorial do Centro Ciências Sociais Aplicadas - CCSA,2,1,1,0,0,2,1.0
210529,Tecnologia de informação :,,Tecnologia da informação,Livro,Biblioteca Setorial do Centro Ciências Sociais Aplicadas - CCSA,2,0,2,0,0,2,1.0
239940,Scrum:,"Sutherland, Jeff.",Administração,Livro,Biblioteca Setorial do Centro Ciências Sociais Aplicadas - CCSA,1,1,0,0,0,1,1.0
260795,El control de la administración pública en la era digital,,Administração pública,Livro,Biblioteca Setorial do Centro Ciências Sociais Aplicadas - CCSA,1,0,0,0,1,1,1.0
134588,Não me faça pensar :,"Krug, Steve.",World Wide Web (Sistema de recuperação da informação),Livro,Biblioteca Setorial do Centro Ciências Sociais Aplicadas - CCSA,2,0,2,1,0,3,1.5
201335,Sistemas de informação,"Baltzan, Paige.",Sistemas de informação -,Livro,Biblioteca Setorial do Centro Ciências Sociais Aplicadas - CCSA,6,6,5,1,0,12,2.0
231143,E-gov.br :,,Internet na administração pública -,Livro,Biblioteca Setorial do Centro Ciências Sociais Aplicadas - CCSA,1,1,0,0,1,2,2.0
237815,Sistemas de informações gerenciais,"Laudon, Kenneth C.,",Sistemas de informação gerencial,Livro,Biblioteca Setorial do Centro Ciências Sociais Aplicadas - CCSA,1,0,1,1,0,2,2.0
241008,Estatística :,"Levine, David M.",Estatística comercial -,Livro,Biblioteca Setorial do Centro Ciências Sociais Aplicadas - CCSA,1,1,1,0,0,2,2.0
242320,Sistemas e tecnologia da informação no turismo :,"Ramos, Anatália Saraiva Martins.",Turismo,Livro,Biblioteca Setorial do Centro Ciências Sociais Aplicadas - CCSA,1,1,1,0,0,2,2.0
245201,Métodos quantitativos com Excel,,Estatística -,Livro,Biblioteca Setorial do Centro Ciências Sociais Aplicadas - CCSA,2,3,0,1,0,4,2.0
241012,Introdução à ciência de dados :,"Amaral, Fernando.",Tratamento de dados,Livro,Biblioteca Setorial do Centro Ciências Sociais Aplicadas - CCSA,1,1,3,0,0,4,4.0
84607,The regulation of privacy and data protection in the use of electronic health information :,"Rodrigues, R. J.",Informática médica,Livro,Biblioteca Setorial do Centro Ciências da Saúde - CCS,1,0,0,0,0,0,0.0
84774,Bases metodologicas para evaluar la viabilidad y el impacto de proyectos de telemedicina. -,,Informática médica,Livro,Biblioteca Setorial do Centro Ciências da Saúde - CCS,1,0,0,0,0,0,0.0
98042,Banco de dados :,Universidade Federal do Rio Grande do Norte.,Universidade Federal do Rio Grande do Norte -,Livro,Biblioteca Setorial do Centro Ciências da Saúde - CCS,1,0,0,0,0,0,0.0
128408,Internet para profissionais de saúde,"Morgado, Flávio Eduardo Frony.",Internet -,Livro,Biblioteca Setorial do Centro Ciências da Saúde - CCS,7,1,1,0,0,2,0.29
25869,O que é o virtual ?,"Lévy, Pierre,",Tecnologia da Informação,Livro,"Biblioteca Setorial do Centro de Ciências Humanas, Letras e Artes - CCHLA",2,0,0,0,0,0,0.0
55798,L'âme-machine :,"Ganascia, Jean-Gabriel.",Inteligência artificial,Livro,"Biblioteca Setorial do Centro de Ciências Humanas, Letras e Artes - CCHLA",1,0,0,0,0,0,0.0
57942,Do léxico ao discurso pela informática,"Zapparoli, Zilda Maria.",Análise do léxica -,Livro,"Biblioteca Setorial do Centro de Ciências Humanas, Letras e Artes - CCHLA",2,0,0,0,0,0,0.0
75186,Tribos virtuais :,"Lima, Bruno de Oliveira.",Antropologia visual -,Monografia,"Biblioteca Setorial do Centro de Ciências Humanas, Letras e Artes - CCHLA",1,0,0,0,0,0,0.0
94519,Comércio eletrônico e exportações em Minas Gerais,"Freitas, Alexandre Miserani de,",Comércio eletrônico -,Livro,"Biblioteca Setorial do Centro de Ciências Humanas, Letras e Artes - CCHLA",2,0,0,0,0,0,0.0
96855,Introdução à estatística :,"Bisquerra Alzina, Rafael.",Estatística,Livro,"Biblioteca Setorial do Centro de Ciências Humanas, Letras e Artes - CCHLA",3,0,0,0,0,0,0.0
98042,Banco de dados :,Universidade Federal do Rio Grande do Norte.,Universidade Federal do Rio Grande do Norte -,Livro,"Biblioteca Setorial do Centro de Ciências Humanas, Letras e Artes - CCHLA",4,0,0,0,0,0,0.0
98275,Pensando a cibercultura :,"Irineu, Ádila Soares de Souza.",Cibercultura -,Monografia,"Biblioteca Setorial do Centro de Ciências Humanas, Letras e Artes - CCHLA",1,0,0,0,0,0,0.0
103356,Exploring religious community online :,"Campbell, Heidi,",Internet -,Livro,"Biblioteca Setorial do Centro de Ciências Humanas, Letras e Artes - CCHLA",3,0,0,0,0,0,0.0
104678,Virtual ethnography,"Hine, Christine.",Internet -,Livro,"Biblioteca Setorial do Centro de Ciências Humanas, Letras e Artes - CCHLA",5,0,0,0,0,0,0.0
105608,Religion online :,,Religião -,Livro,"Biblioteca Setorial do Centro de Ciências Humanas, Letras e Artes - CCHLA",1,0,0,0,0,0,0.0
106945,Religion and cyberspace,,Religião -,Livro,"Biblioteca Setorial do Centro de Ciências Humanas, Letras e Artes - CCHLA",1,0,0,0,0,0,0.0
110019,The second self :,"Turkle, Sherry.",Computadores -,Livro,"Biblioteca Setorial do Centro de Ciências Humanas, Letras e Artes - CCHLA",1,0,0,0,0,0,0.0
110270,Web theory :,"Burnett, Robert,",Internet -,Livro,"Biblioteca Setorial do Centro de Ciências Humanas, Letras e Artes - CCHLA",1,0,0,0,0,0,0.0
110359,Writing machines,"Hayles, N. Katherine.",Literatura e tecnologia,Livro,"Biblioteca Setorial do Centro de Ciências Humanas, Letras e Artes - CCHLA",1,0,0,0,0,0,0.0
110365,Life on the screen :,"Turkle, Sherry.",Redes de computação -,Livro,"Biblioteca Setorial do Centro de Ciências Humanas, Letras e Artes - CCHLA",3,0,0,0,0,0,0.0
119578,The thinking computer :,"Raphael, Bertram.",Computadores,Livro,"Biblioteca Setorial do Centro de Ciências Humanas, Letras e Artes - CCHLA",1,0,0,0,0,0,0.0
124917,Elements of argumentation,"Besnard, Philippe,",Inteligência artificial,Livro,"Biblioteca Setorial do Centro de Ciências Humanas, Letras e Artes - CCHLA",1,0,0,0,0,0,0.0
126388,Doing Internet research :,,Internet (Redes de computação) -,Livro,"Biblioteca Setorial do Centro de Ciências Humanas, Letras e Artes - CCHLA",2,0,0,0,0,0,0.0
136538,Interação e desencaixe :,"Nary, Ludmilla Valentina de Araujo",Interação social -,Monografia,"Biblioteca Setorial do Centro de Ciências Humanas, Letras e Artes - CCHLA",1,0,0,0,0,0,0.0
137192,Comunicação gráfica em interfaces de hipermídia de educação a distância via web,"Burgos, Taciana de Lima.",Comunicação visual -,Tese,"Biblioteca Setorial do Centro de Ciências Humanas, Letras e Artes - CCHLA",1,0,0,0,0,0,0.0
137396,"300 superdicas de editoração, design e artes gráficas","Horie, Ricardo Minoru,",Computação gráfica,Livro,"Biblioteca Setorial do Centro de Ciências Humanas, Letras e Artes - CCHLA",2,0,0,0,0,0,0.0
178439,Internet como expressão da indústria cultural,"Silva, Marcimedes Martins da,",Comunicação e tecnologia,Livro,"Biblioteca Setorial do Centro de Ciências Humanas, Letras e Artes - CCHLA",1,0,0,0,0,0,0.0
182193,A argumentação como elemento discursivo na mídia digital :,"Dantas, Daniel.",Linguística aplicada -,Tese,"Biblioteca Setorial do Centro de Ciências Humanas, Letras e Artes - CCHLA",1,0,0,0,0,0,0.0
184420,Bilionários por acaso :,"Mezrich, Ben,","Zuckerberg, Mark,",Livro,"Biblioteca Setorial do Centro de Ciências Humanas, Letras e Artes - CCHLA",1,0,0,0,0,0,0.0
185069,"""Quão romance é minha vida amorosa!"" :","Silva, Vergas Vitória Andrade da.",Redes sociais on-line -,Tese,"Biblioteca Setorial do Centro de Ciências Humanas, Letras e Artes - CCHLA",1,0,0,0,0,0,0.0
201074,Hacer clic :,"Scolari, Carlos Alberto,",Interação homem-máquina,Livro,"Biblioteca Setorial do Centro de Ciências Humanas, Letras e Artes - CCHLA",3,0,0,0,0,0,0.0
229508,"Literatura, arte e tecnologia",,Literatura -,Livro,"Biblioteca Setorial do Centro de Ciências Humanas, Letras e Artes - CCHLA",1,0,0,0,0,0,0.0
229597,Humanidades digitais :,,Literatura -,Livro,"Biblioteca Setorial do Centro de Ciências Humanas, Letras e Artes - CCHLA",1,0,0,0,0,0,0.0
229603,Criação digital :,,Literatura e tecnologia,Livro,"Biblioteca Setorial do Centro de Ciências Humanas, Letras e Artes - CCHLA",1,0,0,0,0,0,0.0
109237,Internet communication and qualitative research :,"Mann, Chris,",Ciências sociais -,Livro,"Biblioteca Setorial do Centro de Ciências Humanas, Letras e Artes - CCHLA",5,0,1,0,0,1,0.2
103326,Cultura da interface :,"Johnson, Steven.",Tecnologia da informação,Livro,"Biblioteca Setorial do Centro de Ciências Humanas, Letras e Artes - CCHLA",1,1,0,0,0,1,1.0
178165,O que é o virtual ?,"Lévy, Pierre,",Tecnologia da Informação,Livro,"Biblioteca Setorial do Centro de Ciências Humanas, Letras e Artes - CCHLA",1,1,0,0,0,1,1.0
25869,O que é o virtual ?,"Lévy, Pierre,",Tecnologia da Informação,Livro,Biblioteca Setorial do Departamento de Artes - DEART,1,0,0,0,0,0,0.0
186683,Designing gestural interfaces,"Saffer, Dan.",Interface de exibição -,Livro,Biblioteca Setorial do Departamento de Artes - DEART,6,0,0,0,0,0,0.0
203197,Quantifying the user experience :,"Sauro, Jeff.",Interfaces de usuário ( sistemas de informática )-,Livro,Biblioteca Setorial do Departamento de Artes - DEART,3,0,0,0,0,0,0.0
205243,Metodologias ágeis :,"Sbrocco, José Henrique Teixeira de Carvalho.",Engenharia de software,Livro,Biblioteca Setorial do Departamento de Artes - DEART,3,0,0,0,0,0,0.0
208150,Human-computer interaction :,,Human-computer interaction,Livro,Biblioteca Setorial do Departamento de Artes - DEART,3,0,0,0,0,0,0.0
213407,Inventing the medium:,"Murray, Janet H.",Comunicação Intercultural -,Livro,Biblioteca Setorial do Departamento de Artes - DEART,3,0,0,0,0,0,0.0
213456,A practical guide to measuring usability:,"Sauro, Jeff.",Websites -,Livro,Biblioteca Setorial do Departamento de Artes - DEART,3,0,0,0,0,0,0.0
213472,Selling usability:,"Rhodes S., John.",Comércio eletrônico,Livro,Biblioteca Setorial do Departamento de Artes - DEART,3,0,0,0,0,0,0.0
213473,Eyetracking web usability,"Nielsen, Jakob.",Web -,Livro,Biblioteca Setorial do Departamento de Artes - DEART,3,0,0,0,0,0,0.0
213519,Don't make me tap! :,"Bouzid, Ahmed.",Design de interfaces de usuário,Livro,Biblioteca Setorial do Departamento de Artes - DEART,3,0,0,0,0,0,0.0
215350,Usability testing for library websites:,"Norlin, Elaina.",Bibliotecas,Livro,Biblioteca Setorial do Departamento de Artes - DEART,3,0,0,0,0,0,0.0
215654,Fundamentos do gerenciamento de serviços de TI,"Freitas, Marcos André dos Santos.",Informática,Livro,Biblioteca Setorial do Departamento de Artes - DEART,1,0,0,0,0,0,0.0
215844,Student usability in educational software and games:,,Educação -,Livro,Biblioteca Setorial do Departamento de Artes - DEART,3,0,0,0,0,0,0.0
215947,Resonant interface,"Heim, Steven.",Interação Humano Computador,Livro,Biblioteca Setorial do Departamento de Artes - DEART,3,0,0,0,0,0,0.0
215957,Quality web systems :,"Dustin, Elfriede.",Sites da web -,Livro,Biblioteca Setorial do Departamento de Artes - DEART,3,0,0,0,0,0,0.0
215961,Designing the iphone user experience:,"Ginsburg, Suzanne.",Design -,Livro,Biblioteca Setorial do Departamento de Artes - DEART,3,0,0,0,0,0,0.0
215965,Multimodality in mobile computing and mobile devices :,,Dispositivo móvel,Livro,Biblioteca Setorial do Departamento de Artes - DEART,3,0,0,0,0,0,0.0
216124,Contextual design:,"Beyer, Hugh.",Análise -,Livro,Biblioteca Setorial do Departamento de Artes - DEART,3,0,0,0,0,0,0.0
216125,Usability engineering :,"Rosson, Mary Beth.",Interação - Homem - Máquina,Livro,Biblioteca Setorial do Departamento de Artes - DEART,3,0,0,0,0,0,0.0
216135,Measuring the user experience :,"Tullis, Tom.",Interação homem-máquina,Livro,Biblioteca Setorial do Departamento de Artes - DEART,3,0,0,0,0,0,0.0
216138,Mobile user experience:,"Mendoza, Adrian.",Software de aplicação,Livro,Biblioteca Setorial do Departamento de Artes - DEART,3,0,0,0,0,0,0.0
216196,Global Usability,"Douglas, Ian.",Ciência da computação,Livro,Biblioteca Setorial do Departamento de Artes - DEART,3,0,0,0,0,0,0.0
216270,Designing mobile interfaces,"Hoober, Steven.",Design -,Livro,Biblioteca Setorial do Departamento de Artes - DEART,3,0,0,0,0,0,0.0
216287,Use a cabeça! Desenvolvendo para iphone,"Pilone, Dan.",Desenvolvimento de software -,Livro,Biblioteca Setorial do Departamento de Artes - DEART,2,0,0,0,0,0,0.0
216292,The usability engineering lifecycle:,"Mayhew, Deborah J.",Usabilidade (Computador e sistemas),Livro,Biblioteca Setorial do Departamento de Artes - DEART,3,0,0,0,0,0,0.0
216296,Usability and internationalization of information technology,,Interfaces de usuário (Sistema de computador),Livro,Biblioteca Setorial do Departamento de Artes - DEART,3,0,0,0,0,0,0.0
216300,Experimental human-computer interaction:,"Purchase, Helen C. P.",Interação homem-máquina -,Livro,Biblioteca Setorial do Departamento de Artes - DEART,3,0,0,0,0,0,0.0
216309,The politics of usability:,"Trenner, Lesley.",Design -,Livro,Biblioteca Setorial do Departamento de Artes - DEART,3,0,0,0,0,0,0.0
216369,Design and use of serious games,,Jogos por computador -,Livro,Biblioteca Setorial do Departamento de Artes - DEART,3,0,0,0,0,0,0.0
216374,Trouble with computers:,"Landauer, Thomas K",Ciência da informação,Livro,Biblioteca Setorial do Departamento de Artes - DEART,3,0,0,0,0,0,0.0
216498,"Building iPHONE  apps with HTLM, CSS and javaScript","Stark, Jonathan.",Android (Sistema operacional para celular),Livro,Biblioteca Setorial do Departamento de Artes - DEART,3,0,0,0,0,0,0.0
216503,"Building Android  apps with HTLM, CSS and javaScript","Stark, Jonathan.",Android (Sistema operacional para celular),Livro,Biblioteca Setorial do Departamento de Artes - DEART,3,0,0,0,0,0,0.0
216511,Security and usability :,,Usabilidade -,Livro,Biblioteca Setorial do Departamento de Artes - DEART,3,0,0,0,0,0,0.0
216619,Corel Draw X5 :,"Rocha, Tarcízio da.",Corel Draw (Programa de computador),Livro,Biblioteca Setorial do Departamento de Artes - DEART,1,0,0,0,0,0,0.0
219697,Adobe Photoshop CS4 :,,Adobe Photoshop (Programa de computador),Livro,Biblioteca Setorial do Departamento de Artes - DEART,1,0,0,0,0,0,0.0
219829,A experiência do usuário idoso no design de jogo digital para a reabilitação neural de pacientes com quadro de acidente vascular cerebral - AVC,"Rebouças, Andrei Gurgel de Araújo.",Design -,Dissertação,Biblioteca Setorial do Departamento de Artes - DEART,1,0,0,0,0,0,0.0
219930,Avaliação de Usabilidade em materiais interativos de educação a distância da UFRN - SEDIS,"Koshiyama, Davi Jose di Giacomo Koshiyama.",Materiais Interativos -,Dissertação,Biblioteca Setorial do Departamento de Artes - DEART,1,0,0,0,0,0,0.0
220091,Effects of cultural background of users on interface usability :,"Dhillon, Beant.",Usabilidade -,Livro,Biblioteca Setorial do Departamento de Artes - DEART,3,0,0,0,0,0,0.0
220096,Web usability evaluation:,"Piyasirivej, Pilun.",Usabilidade -,Livro,Biblioteca Setorial do Departamento de Artes - DEART,3,0,0,0,0,0,0.0
220097,A study of smartphone text input methods:,"Page, Tom.",Dispositivos móveis,Livro,Biblioteca Setorial do Departamento de Artes - DEART,3,0,0,0,0,0,0.0
220098,Research methods in usability and interaction design:,"Demir, Fatih.",Usabilidade -,Livro,Biblioteca Setorial do Departamento de Artes - DEART,3,0,0,0,0,0,0.0
220100,Increased website popularity through compliance with usability guidelines :,"Scowen, Greg.",Usabilidade -,Livro,Biblioteca Setorial do Departamento de Artes - DEART,3,0,0,0,0,0,0.0
220101,"Usability, experience and context-of-use:","Chamorro-Koc, Marianella.",Design -,Livro,Biblioteca Setorial do Departamento de Artes - DEART,3,0,0,0,0,0,0.0
220102,Electronic commerce usability :,"Singh, Shawren.",Comércio eletrônico -,Livro,Biblioteca Setorial do Departamento de Artes - DEART,3,0,0,0,0,0,0.0
220189,Incorporating usability in readability formulas,"Hussain, Shumaila.",Usabilidade,Livro,Biblioteca Setorial do Departamento de Artes - DEART,3,0,0,0,0,0,0.0
220191,Usability of e-commerce websites and systems:,"Safavi, Roshanak.",Usabilidade -,Livro,Biblioteca Setorial do Departamento de Artes - DEART,3,0,0,0,0,0,0.0
220194,Experimental comparisons of usability evaluation methods :,"Olson, Gary M.",Interação Humano computador,Livro,Biblioteca Setorial do Departamento de Artes - DEART,3,0,0,0,0,0,0.0
220219,Processo de compra móvel :,"Matos, Silvia Aparecida de Oliveira de Alencar.",Usabilidade -,Dissertação,Biblioteca Setorial do Departamento de Artes - DEART,1,0,0,0,0,0,0.0
220226,Usabilidade de dispositivo no desenho para design :,"Holanda, Michele de Oliveira Mourão.",Design -,Dissertação,Biblioteca Setorial do Departamento de Artes - DEART,1,0,0,0,0,0,0.0
220314,Design de interfaces para aplicativos de smartphone como recursos auxiliar no acompanhamento clínico de pacientes fibromiálgicos,"Pereira, Thiago Marques.",Design -,Dissertação,Biblioteca Setorial do Departamento de Artes - DEART,1,0,0,0,0,0,0.0
222448,Usable usability :,"Reiss, Eric.",Usabilidade,Livro,Biblioteca Setorial do Departamento de Artes - DEART,3,0,0,0,0,0,0.0
222454,Usability evaluation in industry,,Usabilidade,Livro,Biblioteca Setorial do Departamento de Artes - DEART,3,0,0,0,0,0,0.0
222500,Research methods in human-computer interaction,"Lazar, Jonathan.",Interação homem-máquina,Livro,Biblioteca Setorial do Departamento de Artes - DEART,3,0,0,0,0,0,0.0
223217,Avaliação da usabilidade e da arquitetura da informação do site do Instituto do Cérebro da UFRN :,"Silva, Gabriel Marcos da.",Design -,Dissertação,Biblioteca Setorial do Departamento de Artes - DEART,1,0,0,0,0,0,0.0
223242,Análise gráfica de elementos dos design na interface de aplicativos de notícias baseados em mobilidade :,"Nascimento, Ubarana Lins.",Design -,Dissertação,Biblioteca Setorial do Departamento de Artes - DEART,1,0,0,0,0,0,0.0
223247,Semantikos:,"Souza, Ivana dos Santos de Lima e.",Design -,Dissertação,Biblioteca Setorial do Departamento de Artes - DEART,1,0,0,0,0,0,0.0
225224,"Avaliação, análise e desenvolvimento de jogo sério digital para desktop sobre sintomas e procedimentos de emergência do acidente vascular cerebral","Limeira, Carlos Felippe Dias.",Design -,Dissertação,Biblioteca Setorial do Departamento de Artes - DEART,1,0,0,0,0,0,0.0
237218,Marco civil da internet,,Direito -,Livro,Biblioteca Setorial do Departamento de Artes - DEART,2,0,0,0,0,0,0.0
240759,Hipermídia :,,Multimídia interativa,Livro,Biblioteca Setorial do Departamento de Artes - DEART,1,0,0,0,0,0,0.0
241316,O processo de redesign do portal da cooperação e a criação da ferramenta oráculo :,"Lins, Clarissa Lorena Alves Coelho.",Prototipagem -,Dissertação,Biblioteca Setorial do Departamento de Artes - DEART,1,0,0,0,0,0,0.0
241318,Experiência do usuário no uso de livro didático digital,"Souza, Charles Bamam Medeiros de.",Interação homem-máquina -,Dissertação,Biblioteca Setorial do Departamento de Artes - DEART,1,0,0,0,0,0,0.0
241332,Design de interação no moodle Mandacaru :,"Gusmão, Eduardo Henrique Olimpio de.",Arquitetura de software -,Dissertação,Biblioteca Setorial do Departamento de Artes - DEART,1,0,0,0,0,0,0.0
241446,Reuse :,"Carvalho, Caio Vitoriano de Nunes e.",Design de informação -,Dissertação,Biblioteca Setorial do Departamento de Artes - DEART,1,0,0,0,0,0,0.0
241454,Análise da usabilidade do software Audaces Moldes :,"Medeiros, Moally Janne de Brito Soares.",Interfaces de usuário (Sistema de computador) -,Dissertação,Biblioteca Setorial do Departamento de Artes - DEART,1,0,0,0,0,0,0.0
241514,Usability in a virtual learning environment :,"Sales Júnior, Francisco Monteiro de.",Interação homem-máquina -,Dissertação,Biblioteca Setorial do Departamento de Artes - DEART,1,0,0,0,0,0,0.0
241516,Publicarte :,"Fonseca Júnior, José Nivaldo.",Design centrado no usuário -,Dissertação,Biblioteca Setorial do Departamento de Artes - DEART,1,0,0,0,0,0,0.0
241574,Estudo da usabilidade do portal do aluno do SIGAA mobile android da UFRN :,"Maia, Marcelo Pereira.",Dispositivos móveis -,Dissertação,Biblioteca Setorial do Departamento de Artes - DEART,1,0,0,0,0,0,0.0
241581,Análise propositiva da evolução dos formulários eletrônicos da avaliação de desempenho dos servidores técnico-administrativos da UFRN no período de 2006 a 2016 sob a ótica da ergonomia e usabilidade,"Lima, Fernanda Pessoa Coutinho Fernandes.",Interação homem-máquina -,Dissertação,Biblioteca Setorial do Departamento de Artes - DEART,1,0,0,0,0,0,0.0
248295,A migração digital,"Vilches, Lorenzo.",Telecomunicações -,Livro,Biblioteca Setorial do Departamento de Artes - DEART,3,0,0,0,0,0,0.0
252591,Things that keep us busy :,"Janlert, Lars-Erik,",Sistemas homem-máquina,Livro,Biblioteca Setorial do Departamento de Artes - DEART,2,0,0,0,0,0,0.0
274363,Heurística de interfaces:,"Santa Rosa, José Guilherme.",Design -,Livro,Biblioteca Setorial do Departamento de Artes - DEART,1,0,0,0,0,0,0.0
187233,Ergonomia e usabilidade :,"Cybis, Walter Otto.",Ergonomia,Livro,Biblioteca Setorial do Departamento de Artes - DEART,6,0,1,0,1,2,0.33
207744,User centered system design :,,Ergonomia -,Livro,Biblioteca Setorial do Departamento de Artes - DEART,6,1,1,0,0,2,0.33
210957,Interação humano-computador,"Benyon, David.",Interação homem-máquina,Livro,Biblioteca Setorial do Departamento de Artes - DEART,3,1,0,0,0,1,0.33
213477,Cognitive ergonomics and human-computer interaction,,Ergonomia,Livro,Biblioteca Setorial do Departamento de Artes - DEART,3,1,0,0,0,1,0.33
215360,Usabilidade de interfaces web :,"Andrade, Antonio Luis Lordelo.",Sistemas multimídia,Livro,Biblioteca Setorial do Departamento de Artes - DEART,6,2,0,0,0,2,0.33
215944,Institutionalization of usability :,"Schaffer, Eric.",Usabilidade,Livro,Biblioteca Setorial do Departamento de Artes - DEART,3,0,0,0,1,1,0.33
216307,Balanced website design:,"Lawrence, Dave.",Website -,Livro,Biblioteca Setorial do Departamento de Artes - DEART,3,1,0,0,0,1,0.33
216373,Ambient findability,"Morville, Peter.",Informática,Livro,Biblioteca Setorial do Departamento de Artes - DEART,3,1,0,0,0,1,0.33
216508,User-centred library websites :,"George, Carole A.",Website -,Livro,Biblioteca Setorial do Departamento de Artes - DEART,3,1,0,0,0,1,0.33
222453,Universal usability :,,Design de interfaces -,Livro,Biblioteca Setorial do Departamento de Artes - DEART,3,0,1,0,0,1,0.33
252765,The interface effect,"Galloway, Alexander R.,",Interação homem-máquina -,Livro,Biblioteca Setorial do Departamento de Artes - DEART,3,1,0,0,0,1,0.33
205840,Conectado pelas idéias :,"Stibel, Jeffrey M.",Inteligência artificial,Livro,Biblioteca Setorial do Departamento de Artes - DEART,5,2,0,0,0,2,0.4
256500,Designing for situation awareness :,"Endsley, Mica R.",Sistemas homem-máquina,Livro,Biblioteca Setorial do Departamento de Artes - DEART,2,0,1,0,0,1,0.5
216506,Lean ux:,"Gothelf, Jeff.",Design -,Livro,Biblioteca Setorial do Departamento de Artes - DEART,3,1,1,0,0,2,0.67
206384,Designing interfaces,"Tidwell, Jenifer.",Interface de usuário -,Livro,Biblioteca Setorial do Departamento de Artes - DEART,6,4,1,0,0,5,0.83
148994,Use a cabeça! Java,"Sierra, Kathy.",Java (Linguagem de programação de computador),Livro,Biblioteca Setorial do Departamento de Artes - DEART,1,0,1,0,0,1,1.0
188821,Design games :,"Schuytema, Paul",Jogos por computador,Livro,Biblioteca Setorial do Departamento de Artes - DEART,3,2,1,0,0,3,1.0
189673,Use a cabeça! excel,"Milton, Michael.",Excel (programa de computador),Livro,Biblioteca Setorial do Departamento de Artes - DEART,1,1,0,0,0,1,1.0
215969,Digital design essentials:,"Lal, Raj.",Interface -,Livro,Biblioteca Setorial do Departamento de Artes - DEART,3,2,1,0,0,3,1.0
216497,Microinteractions :,"Saffer, Dan.",Interação -,Livro,Biblioteca Setorial do Departamento de Artes - DEART,3,1,2,0,0,3,1.0
219823,Análise da usabilidade e da arquitetura da informação do Repositório Institucional da UFRN,"Koshiyama, Débora Costa Araújo Di Giacomo.",Design -,Dissertação,Biblioteca Setorial do Departamento de Artes - DEART,1,1,0,0,0,1,1.0
222455,Usability testing of medical devices,"Wiklund, Michael E.",Usabilidade -,Livro,Biblioteca Setorial do Departamento de Artes - DEART,3,0,3,0,0,3,1.0
241327,Design de interfaces e arquitetura da informação em sistemas de gestão acadêmica :,"Sousa, André Grilo de.",Interação homem-máquina -,Dissertação,Biblioteca Setorial do Departamento de Artes - DEART,1,1,0,0,0,1,1.0
257305,Universal UX design :,"Ferreira, Alberto.",Interfaces de usuário (Sistema de computador),Livro,Biblioteca Setorial do Departamento de Artes - DEART,2,0,2,0,0,2,1.0
274361,Teste de usabilidade:,"Santa Rosa, José Guilherme",Design -,Livro,Biblioteca Setorial do Departamento de Artes - DEART,1,0,0,0,1,1,1.0
212781,Design centrado no usuário:,"Lowdermilk, Travis.",Design,Livro,Biblioteca Setorial do Departamento de Artes - DEART,12,7,7,1,1,16,1.33
216376,Designing web interfaces,"Scott, Bill.",Interfaces de usuário (Sistemas de computação) -,Livro,Biblioteca Setorial do Departamento de Artes - DEART,3,4,0,0,0,4,1.33
216502,Effective UI,"Anderson, Jonathan.",Software -,Livro,Biblioteca Setorial do Departamento de Artes - DEART,3,4,1,0,0,5,1.67
222452,Visual usability :,"Schlatter, Tania.",Usabilidade -,Livro,Biblioteca Setorial do Departamento de Artes - DEART,3,5,0,0,0,5,1.67
132238,Ergodesign e arquitetura de informação :,"Agner, Luiz,",Sites da Web -,Livro,Biblioteca Setorial do Departamento de Artes - DEART,1,1,0,0,1,2,2.0
182366,Adobe photoshop Professional CS5 :,,Adobe Photoshop (Programa de computador),Livro,Biblioteca Setorial do Departamento de Artes - DEART,1,3,0,0,0,3,3.0
207741,Design de interação:,"Rogers, Yvonne.",Ciência da informação,Livro,Biblioteca Setorial do Departamento de Artes - DEART,6,10,3,1,5,19,3.17
222451,The art of game design :,"Schell, Jesse",Jogos por computador -,Livro,Biblioteca Setorial do Departamento de Artes - DEART,3,4,2,1,4,11,3.67
236853,Jogos digitais e aprendizagem  :,,Jogos educativos,Livro,Biblioteca Setorial do Departamento de Artes - DEART,1,1,2,0,1,4,4.0
211020,Level UP :,"Rogers, Scott.",Vídeo game -,Livro,Biblioteca Setorial do Departamento de Artes - DEART,6,5,15,1,5,26,4.33
186670,Avaliação e projeto no design de interfaces,"Santa Rosa, José Guilherme,",Interação homem-máquina,Livro,Biblioteca Setorial do Departamento de Artes - DEART,2,6,3,0,2,11,5.5
235838,Neurodesign :,"Santa Rosa, José Guilherme,",Interação homem-máquina,Livro,Biblioteca Setorial do Departamento de Artes - DEART,2,7,3,1,2,13,6.5
236849,"Jogo, autoria e conhecimento :","Petry, Arlete dos Santos.",Jogos -,Livro,Biblioteca Setorial do Departamento de Artes - DEART,1,4,1,0,4,9,9.0
25869,O que é o virtual ?,"Lévy, Pierre,",Tecnologia da Informação,Livro,Biblioteca Setorial do Núcleo de Ensino Superior de Macau - NESM,6,0,0,0,0,0,0.0
70330,Informática na educação :,"Tajra , Sanmya Feitosa,",Educação -,Livro,Biblioteca Setorial do Núcleo de Ensino Superior de Macau - NESM,5,0,0,0,0,0,0.0
89828,Meios eletrônicos e educação :,"Setzer, Valdemar W.",Educação -,Livro,Biblioteca Setorial do Núcleo de Ensino Superior de Macau - NESM,5,0,0,0,0,0,0.0
98042,Banco de dados :,Universidade Federal do Rio Grande do Norte.,Universidade Federal do Rio Grande do Norte -,Livro,Biblioteca Setorial do Núcleo de Ensino Superior de Macau - NESM,1,0,0,0,0,0,0.0
117937,A inovação tecnológica e as dinâmicas locais :,"Ferreira, Laércio de Matos.",Programas de computador -,Livro,Biblioteca Setorial do Núcleo de Ensino Superior de Macau - NESM,2,0,0,0,0,0,0.0
153469,Informática na educação :,"Tajra, Sanmya Feitosa.",Educação -,Livro,Biblioteca Setorial do Núcleo de Ensino Superior de Macau - NESM,1,0,0,0,0,0,0.0
305823,Realidade virtual aplicada ao ensino,,Realidade virtual -,Livro,Biblioteca Setorial do Núcleo de Ensino Superior de Macau - NESM,1,0,0,0,0,0,0.0
23936,Algoritmos e estruturas de dados,"Wirth, Niklaus",Estruturas de dados (Computação),Livro,Biblioteca Setorial do Núcleo de Ensino Superior do Agreste - NESA - Nova Cruz,1,0,0,0,0,0,0.0
25869,O que é o virtual ?,"Lévy, Pierre,",Tecnologia da Informação,Livro,Biblioteca Setorial do Núcleo de Ensino Superior do Agreste - NESA - Nova Cruz,4,0,0,0,0,0,0.0
70330,Informática na educação :,"Tajra , Sanmya Feitosa,",Educação -,Livro,Biblioteca Setorial do Núcleo de Ensino Superior do Agreste - NESA - Nova Cruz,6,0,0,0,0,0,0.0
73172,Informática na educação,"Tajra, Sanmya Feitosa.",Educação -,Livro,Biblioteca Setorial do Núcleo de Ensino Superior do Agreste - NESA - Nova Cruz,1,0,0,0,0,0,0.0
89828,Meios eletrônicos e educação :,"Setzer, Valdemar W.",Educação -,Livro,Biblioteca Setorial do Núcleo de Ensino Superior do Agreste - NESA - Nova Cruz,5,0,0,0,0,0,0.0
153469,Informática na educação :,"Tajra, Sanmya Feitosa.",Educação -,Livro,Biblioteca Setorial do Núcleo de Ensino Superior do Agreste - NESA - Nova Cruz,1,0,0,0,0,0,0.0
168844,Estudo dirigido de informática básica,"Manzano, André Luiz N. G.",Informática,Livro,Biblioteca Setorial do Núcleo de Ensino Superior do Agreste - NESA - Nova Cruz,1,0,0,0,0,0,0.0
207777,Informática na educação,"Tajra, Sanmya Feitosa.",Educação -,Livro,Biblioteca Setorial do Núcleo de Ensino Superior do Agreste - NESA - Nova Cruz,1,0,0,0,0,0,0.0
162338,Computational neuroscience in epilepsy,,Neurociência computacional,Livro,Biblioteca Setorial Árvore do Conhecimento - Instituto do Cérebro - ICe,1,0,0,0,0,0,0.0
168647,Introduction to algorithms,,Algoritmos de computador,Livro,Biblioteca Setorial Árvore do Conhecimento - Instituto do Cérebro - ICe,2,0,0,0,0,0,0.0
172290,Principios de análise e projeto de sistemas com UML,"Bezerra, Eduardo",Métodos orientados a objetos -,Livro,Biblioteca Setorial Árvore do Conhecimento - Instituto do Cérebro - ICe,2,0,0,0,0,0,0.0
180316,Mathematical foundations of neuroscience,"Ermentrout, Bard.",Neurociências -,Livro,Biblioteca Setorial Árvore do Conhecimento - Instituto do Cérebro - ICe,1,0,0,0,0,0,0.0
182356,Servidores Linux :,"Morimoto, Carlos E.",Linux (Sistema operacional de computador),Livro,Biblioteca Setorial Árvore do Conhecimento - Instituto do Cérebro - ICe,2,0,0,0,0,0,0.0
182358,Em busca do Grails,"Anselmo, Fernando",Groovy -,Livro,Biblioteca Setorial Árvore do Conhecimento - Instituto do Cérebro - ICe,1,0,0,0,0,0,0.0
182418,Mac OS X Snow Leopard :,"Pogue, David,",Informática,Livro,Biblioteca Setorial Árvore do Conhecimento - Instituto do Cérebro - ICe,1,0,0,0,0,0,0.0
183373,Programação em MATLAB para engenheiros,"Chapman, Stephen P.",Análise numérica -,Livro,Biblioteca Setorial Árvore do Conhecimento - Instituto do Cérebro - ICe,1,0,0,0,0,0,0.0
183685,Neural networks and learning machines,"Haykin, Simon.",Redes neurais (Computação),Livro,Biblioteca Setorial Árvore do Conhecimento - Instituto do Cérebro - ICe,1,0,0,0,0,0,0.0
185490,Neuroscience databases :,,Neuroinformatica,Livro,Biblioteca Setorial Árvore do Conhecimento - Instituto do Cérebro - ICe,1,0,0,0,0,0,0.0
188869,Um sistema inteligente de classificação de sinais de EEG para interface cérebro-computador,"Barbosa, André Freitas.",Interface cérebro-computador,Dissertação,Biblioteca Setorial Árvore do Conhecimento - Instituto do Cérebro - ICe,1,0,0,0,0,0,0.0
188995,Comandos linux :,"Lunardi, Marco Agisander",Linux (Sistema operacional),Livro,Biblioteca Setorial Árvore do Conhecimento - Instituto do Cérebro - ICe,2,0,0,0,0,0,0.0
189161,HTML 5 :,"Silva, Maurício Samy.",HTML (Linguagem de marcação de documento),Livro,Biblioteca Setorial Árvore do Conhecimento - Instituto do Cérebro - ICe,2,0,0,0,0,0,0.0
189524,Stochastic modelling for systems biology,"Wilkinson, Darren James.",Biological systems,Livro,Biblioteca Setorial Árvore do Conhecimento - Instituto do Cérebro - ICe,1,0,0,0,0,0,0.0
189635,Methods in neuronal modeling :,,Redes neurais (Neurobiologia),Livro,Biblioteca Setorial Árvore do Conhecimento - Instituto do Cérebro - ICe,1,0,0,0,0,0,0.0
189740,Biophysics of computation :,"Koch, Christof,",Neurociência computacional,Livro,Biblioteca Setorial Árvore do Conhecimento - Instituto do Cérebro - ICe,2,0,0,0,0,0,0.0
189762,Principles of computational modelling in neuroscience,,Neurociência computacional,Livro,Biblioteca Setorial Árvore do Conhecimento - Instituto do Cérebro - ICe,2,0,0,0,0,0,0.0
199260,The relevance of the time domain to neural network models,,Redes neurais (Computação),Livro,Biblioteca Setorial Árvore do Conhecimento - Instituto do Cérebro - ICe,1,0,0,0,0,0,0.0
217846,Introduction to data acquisition with LabVIEW,"King, Robert H.",LabVIEW,Livro,Biblioteca Setorial Árvore do Conhecimento - Instituto do Cérebro - ICe,2,0,0,0,0,0,0.0
217855,The definitive guide to Grails 2,"Brown, Jeff.",Linguagem de programação (Computadores),Livro,Biblioteca Setorial Árvore do Conhecimento - Instituto do Cérebro - ICe,2,0,0,0,0,0,0.0
235520,The book of GENESIS :,"Bower, James M.",GENESIS -,Livro,Biblioteca Setorial Árvore do Conhecimento - Instituto do Cérebro - ICe,1,0,0,0,0,0,0.0
236071,The visualization toolkit,"Schroeder, Will.",Ciência da computação,Livro,Biblioteca Setorial Árvore do Conhecimento - Instituto do Cérebro - ICe,1,0,0,0,0,0,0.0
236870,Understanding intelligence,"Pfeifer, Rolf.",Inteligência artificial,Livro,Biblioteca Setorial Árvore do Conhecimento - Instituto do Cérebro - ICe,1,0,0,0,0,0,0.0
236878,How the body shapes the way we think :,"Pfeifer, Rolf.",Inteligência artificial,Livro,Biblioteca Setorial Árvore do Conhecimento - Instituto do Cérebro - ICe,1,0,0,0,0,0,0.0
237697,"Computação, cognição, semiose",,Sistemas especialistas (Computação),Livro,Biblioteca Setorial Árvore do Conhecimento - Instituto do Cérebro - ICe,1,0,0,0,0,0,0.0
254324,"Inheritance, defaults, and the lexicon",,Gramática lexical -,Livro,Biblioteca Setorial Árvore do Conhecimento - Instituto do Cérebro - ICe,1,0,0,0,0,0,0.0
255986,Human robotics :,"Burdet, Etienne,",Neurociência computacional,Livro,Biblioteca Setorial Árvore do Conhecimento - Instituto do Cérebro - ICe,2,0,0,0,0,0,0.0
300994,PHP e MVC com codeIgniter,"Gabardo, Ademir Cristiano.",CodeIgniter,Livro,Biblioteca Setorial Árvore do Conhecimento - Instituto do Cérebro - ICe,1,0,0,0,0,0,0.0
301006,O livro oficial do Joomla!,"Marriott, Jennifer,",Software livre,Livro,Biblioteca Setorial Árvore do Conhecimento - Instituto do Cérebro - ICe,1,0,0,0,0,0,0.0
301016,Perl :,,CGI (Protocolo de rede de computador),Livro,Biblioteca Setorial Árvore do Conhecimento - Instituto do Cérebro - ICe,1,0,0,0,0,0,0.0
301045,Computational systems biology of cancer,,Câncer,Livro,Biblioteca Setorial Árvore do Conhecimento - Instituto do Cérebro - ICe,1,0,0,0,0,0,0.0
189461,Neural networks for pattern recognition,"Bishop, Christopher M.",Redes neurais (Computação),Livro,Biblioteca Setorial Árvore do Conhecimento - Instituto do Cérebro - ICe,3,1,0,0,0,1,0.33
182366,Adobe photoshop Professional CS5 :,,Adobe Photoshop (Programa de computador),Livro,Biblioteca Setorial Árvore do Conhecimento - Instituto do Cérebro - ICe,2,0,0,0,1,1,0.5
218543,Hands-on introduction to LabVIEW for scientists and engineers,"Essick, John.",LabVIEW,Livro,Biblioteca Setorial Árvore do Conhecimento - Instituto do Cérebro - ICe,2,0,1,0,0,1,0.5
161936,Theoretical neuroscience :,"Dayan, Peter.",Redes neurais (Neurobiologia) -,Livro,Biblioteca Setorial Árvore do Conhecimento - Instituto do Cérebro - ICe,3,0,1,0,2,3,1.0
178750,Introduction to machine learning,"Alpaydin, Ethem.",Aprendizado de computador,Livro,Biblioteca Setorial Árvore do Conhecimento - Instituto do Cérebro - ICe,2,0,0,0,2,2,1.0
180651,Dynamical systems in neuroscience :,"Izhikevich, Eugene M.",Neurologia,Livro,Biblioteca Setorial Árvore do Conhecimento - Instituto do Cérebro - ICe,2,0,0,0,2,2,1.0
189636,Bioinformatics for dummies,"Claverie, Jean-Michel.",Bioinformática,Livro,Biblioteca Setorial Árvore do Conhecimento - Instituto do Cérebro - ICe,1,0,1,0,0,1,1.0
234025,Humanoid robotics and neuroscience :,,Robótica -,Livro,Biblioteca Setorial Árvore do Conhecimento - Instituto do Cérebro - ICe,1,0,0,0,1,1,1.0
235838,Neurodesign :,"Santa Rosa, José Guilherme,",Interação homem-máquina,Livro,Biblioteca Setorial Árvore do Conhecimento - Instituto do Cérebro - ICe,1,0,0,0,1,1,1.0
237323,LATEX :,"Lamport, Leslie.",LaTeX (arquivo de computador),Livro,Biblioteca Setorial Árvore do Conhecimento - Instituto do Cérebro - ICe,1,0,1,0,0,1,1.0
248184,The NEURON book,"Carnevale, Nicholas T.",Neurônios -,Livro,Biblioteca Setorial Árvore do Conhecimento - Instituto do Cérebro - ICe,1,0,0,0,1,1,1.0
189525,MATLAB for neuroscientists :,,MATLAB (Programa de computador),Livro,Biblioteca Setorial Árvore do Conhecimento - Instituto do Cérebro - ICe,4,3,1,0,2,6,1.5
236851,Gateway to memory :,"Gluck, Mark A.",Hipocampo (Cérebro) -,Livro,Biblioteca Setorial Árvore do Conhecimento - Instituto do Cérebro - ICe,1,1,1,0,0,2,2.0
182361,Introdução à programação com Python :,"Menezes, Nilo Ney Coutinho.",Python (Linguagem de programação de computador),Livro,Biblioteca Setorial Árvore do Conhecimento - Instituto do Cérebro - ICe,2,0,2,0,3,5,2.5
181073,Pattern recognition and machine learning,"Bishop, Christopher M.",Aprendizado do computador,Livro,Biblioteca Setorial Árvore do Conhecimento - Instituto do Cérebro - ICe,1,1,0,0,4,5,5.0
254470,Analyzing neural time series data :,"Cohen, Mike X.,",Redes neurais (Computação),Livro,Biblioteca Setorial Árvore do Conhecimento - Instituto do Cérebro - ICe,2,1,7,1,7,16,8.0
